fecha,any,mes,dia_any,tmed,tmin,tmax,prec,velmedia,racha,sol,presMax,presMin,tmax_dema,prec_dema,plou_dema
2015-01-01,2015,1,1,7.7,0.9,14.5,0.0,1.1,6.1,7.3,1035.9,1029.4,16.4,0.0,0
2015-01-02,2015,1,2,7.8,-0.8,16.4,0.0,1.1,4.7,7.9,1037.9,1034.6,16.7,0.0,0
2015-01-03,2015,1,3,8.2,-0.3,16.7,0.0,4.2,10.8,7.9,1036.5,1031.8,18.4,0.0,0
2015-01-04,2015,1,4,11.4,4.3,18.4,0.0,1.9,6.1,8.2,1031.8,1029.1,16.7,0.0,0
2015-01-05,2015,1,5,9.6,2.5,16.7,0.0,1.7,5.0,7.9,1031.0,1027.0,14.4,0.0,0
2015-01-06,2015,1,6,9.8,5.1,14.4,0.0,0.6,3.1,0.0,1027.8,1024.3,17.8,0.0,0
2015-01-07,2015,1,7,10.6,3.4,17.8,0.0,0.8,5.0,6.7,1033.2,1027.8,16.3,0.0,0
2015-01-08,2015,1,8,9.1,1.9,16.3,0.0,1.1,8.9,7.5,1040.7,1033.1,17.0,0.0,0
2015-01-09,2015,1,9,8.6,0.1,17.0,0.0,3.6,9.7,8.0,1041.9,1038.3,16.7,0.0,0
2015-01-10,2015,1,10,9.5,2.3,16.7,0.0,3.1,9.2,7.6,1038.3,1026.9,19.4,0.1,0
2015-01-11,2015,1,11,12.1,4.8,19.4,0.1,1.7,7.2,7.1,1033.7,1024.8,17.8,0.0,0
2015-01-12,2015,1,12,10.2,2.5,17.8,0.0,3.1,9.7,8.2,1034.7,1030.4,16.6,0.2,0
2015-01-13,2015,1,13,10.3,4.0,16.6,0.2,1.1,5.0,4.7,1030.4,1023.8,20.0,0.2,0
2015-01-14,2015,1,14,11.4,2.9,20.0,0.2,1.9,8.3,7.9,1026.4,1023.5,16.2,0.0,0
2015-01-15,2015,1,15,9.5,2.8,16.2,0.0,1.4,6.1,2.0,1024.8,1014.7,16.4,0.0,0
2015-01-16,2015,1,16,10.6,4.7,16.4,0.0,6.4,12.8,0.0,1017.7,1009.8,14.7,0.0,0
2015-01-17,2015,1,17,7.2,-0.2,14.7,0.0,1.9,7.2,7.6,1021.3,1017.7,14.5,0.7,0
2015-01-18,2015,1,18,6.5,-1.5,14.5,0.7,3.3,10.3,6.5,1021.2,1009.6,12.2,4.6,1
2015-01-19,2015,1,19,10.2,8.2,12.2,4.6,2.2,8.3,0.0,1009.7,1006.1,10.5,25.2,1
2015-01-20,2015,1,20,9.1,7.7,10.5,25.2,1.7,6.7,0.0,1007.7,1005.5,12.5,2.1,1
2015-01-21,2015,1,21,7.5,2.5,12.5,2.1,0.8,13.9,2.6,1008.9,1006.2,13.0,4.3,1
2015-01-22,2015,1,22,8.4,3.8,13.0,4.3,2.2,9.2,3.3,1013.6,1005.6,14.1,0.0,0
2015-01-23,2015,1,23,8.2,2.3,14.1,0.0,2.5,9.2,8.3,1018.4,1013.3,14.3,0.0,0
2015-01-24,2015,1,24,7.6,0.9,14.3,0.0,3.3,12.8,8.1,1021.0,1016.4,12.7,0.0,0
2015-01-25,2015,1,25,10.0,7.3,12.7,0.0,6.4,17.5,4.8,1024.0,1015.6,11.7,0.0,0
2015-01-26,2015,1,26,8.2,4.7,11.7,0.0,3.9,13.3,1.1,1027.4,1022.9,15.6,0.0,0
2015-01-27,2015,1,27,10.2,4.7,15.6,0.0,3.1,9.2,7.4,1026.8,1019.8,12.5,0.0,0
2015-01-28,2015,1,28,7.8,3.2,12.5,0.0,1.1,4.7,0.8,1023.4,1018.8,15.9,0.0,0
2015-01-29,2015,1,29,8.9,1.9,15.9,0.0,4.4,16.9,5.7,1018.8,996.8,17.1,1.3,1
2015-01-30,2015,1,30,13.4,9.6,17.1,1.3,5.3,15.0,0.0,997.0,989.6,14.6,0.7,0
2015-01-31,2015,1,31,12.1,9.6,14.6,0.7,5.6,16.9,2.8,1000.0,987.0,12.0,0.5,0
2015-02-01,2015,2,32,9.8,7.7,12.0,0.5,8.6,17.5,6.0,1010.9,1000.0,14.2,0.4,0
2015-02-02,2015,2,33,11.5,8.8,14.2,0.4,4.4,13.9,4.3,1011.0,1002.6,14.6,4.4,1
2015-02-03,2015,2,34,9.6,4.6,14.6,4.4,5.0,17.5,6.3,1002.6,996.3,10.4,9.6,1
2015-02-04,2015,2,35,7.8,5.3,10.4,9.6,1.9,13.3,0.5,1000.7,992.7,10.1,0.6,0
2015-02-05,2015,2,36,5.6,1.2,10.1,0.6,1.9,10.3,1.5,1006.5,999.7,7.8,0.1,0
2015-02-06,2015,2,37,3.1,-1.6,7.8,0.1,1.1,9.2,1.0,1013.4,1005.5,12.5,0.0,0
2015-02-07,2015,2,38,5.2,-2.2,12.5,0.0,1.9,6.1,5.6,1021.5,1013.4,13.1,0.0,0
2015-02-08,2015,2,39,6.4,-0.4,13.1,0.0,2.8,11.7,8.8,1021.4,1016.7,13.7,0.2,0
2015-02-09,2015,2,40,6.8,-0.1,13.7,0.2,4.2,11.4,7.5,1026.7,1020.3,16.0,0.3,0
2015-02-10,2015,2,41,7.2,-1.6,16.0,0.3,0.6,6.7,9.4,1026.4,1023.1,16.6,0.2,0
2015-02-11,2015,2,42,9.0,1.5,16.6,0.2,1.9,7.8,7.1,1024.2,1020.0,15.0,0.0,0
2015-02-12,2015,2,43,8.4,1.7,15.0,0.0,1.4,7.2,2.7,1021.6,1019.1,15.6,0.0,0
2015-02-13,2015,2,44,10.0,4.5,15.6,0.0,2.8,6.7,3.1,1021.9,1018.7,15.9,0.0,0
2015-02-14,2015,2,45,8.9,1.9,15.9,0.0,3.1,9.2,3.2,1018.7,1011.8,18.3,0.0,0
2015-02-15,2015,2,46,12.3,6.3,18.3,0.0,3.1,11.4,5.8,1011.8,1007.8,15.5,0.0,0
2015-02-16,2015,2,47,11.0,6.6,15.5,0.0,0.8,13.3,4.3,1017.4,1011.1,15.0,2.0,1
2015-02-17,2015,2,48,12.0,8.9,15.0,2.0,8.6,18.6,1.0,1027.6,1016.1,14.0,0.0,0
2015-02-18,2015,2,49,12.0,10.1,14.0,0.0,7.2,15.3,5.3,1031.0,1026.9,16.1,0.0,0
2015-02-19,2015,2,50,10.6,5.1,16.1,0.0,2.5,9.2,6.1,1030.8,1027.1,16.7,0.3,0
2015-02-20,2015,2,51,9.8,3.0,16.7,0.3,0.8,6.7,6.0,1027.1,1014.2,13.6,8.0,1
2015-02-21,2015,2,52,9.3,5.0,13.6,8.0,2.5,13.9,1.1,1014.2,1000.8,12.9,0.0,0
2015-02-22,2015,2,53,6.6,0.4,12.9,0.0,4.7,14.4,6.6,1013.8,1003.9,19.2,1.0,1
2015-02-23,2015,2,54,9.6,0.1,19.2,1.0,5.6,16.4,6.9,1013.8,1007.8,14.2,0.0,0
2015-02-24,2015,2,55,11.5,8.8,14.2,0.0,10.0,21.1,9.1,1019.0,1008.5,14.8,0.0,0
2015-02-25,2015,2,56,12.1,9.4,14.8,0.0,6.4,16.4,3.9,1018.9,1016.2,14.2,1.4,1
2015-02-26,2015,2,57,11.9,9.6,14.2,1.4,2.2,12.5,0.0,1019.8,1016.7,15.2,3.8,1
2015-02-27,2015,2,58,8.8,2.3,15.2,3.8,3.9,16.4,0.7,1021.1,1012.7,14.2,0.0,0
2015-02-28,2015,2,59,7.8,1.3,14.2,0.0,1.9,8.3,7.0,1022.5,1020.0,16.6,0.0,0
2015-03-01,2015,3,60,11.0,5.3,16.6,0.0,2.2,7.2,2.4,1023.2,1020.6,18.7,0.0,0
2015-03-02,2015,3,61,12.2,5.7,18.7,0.0,3.1,10.8,10.1,1023.7,1019.9,21.2,0.0,0
2015-03-03,2015,3,62,14.8,8.4,21.2,0.0,0.8,7.8,5.2,1025.3,1022.9,15.0,2.5,1
2015-03-04,2015,3,63,10.2,5.4,15.0,2.5,5.0,15.3,4.0,1028.9,1022.3,15.1,0.0,0
2015-03-05,2015,3,64,9.0,2.8,15.1,0.0,4.4,15.3,5.6,1028.6,1026.0,17.2,0.0,0
2015-03-06,2015,3,65,9.4,1.6,17.2,0.0,2.5,12.8,10.4,1032.0,1028.5,16.9,0.0,0
2015-03-07,2015,3,66,8.4,-0.1,16.9,0.0,1.9,9.2,10.1,1031.2,1024.3,16.0,0.0,0
2015-03-08,2015,3,67,9.2,2.4,16.0,0.0,1.9,9.7,8.5,1024.6,1022.8,16.1,0.0,0
2015-03-09,2015,3,68,8.6,1.1,16.1,0.0,1.7,8.3,10.2,1025.5,1023.2,17.0,0.1,0
2015-03-10,2015,3,69,9.8,2.6,17.0,0.1,3.3,8.9,10.6,1027.1,1025.2,17.7,0.0,0
2015-03-11,2015,3,70,10.8,3.8,17.7,0.0,2.5,9.2,9.7,1029.8,1021.8,19.6,0.0,0
2015-03-12,2015,3,71,12.2,4.8,19.6,0.0,2.2,6.7,10.5,1021.8,1017.9,17.6,0.0,0
2015-03-13,2015,3,72,11.0,4.3,17.6,0.0,3.3,8.3,9.7,1021.7,1019.9,12.5,2.0,1
2015-03-14,2015,3,73,8.2,3.8,12.5,2.0,2.8,11.7,1.2,1020.7,1016.7,15.2,0.0,0
2015-03-15,2015,3,74,8.8,2.5,15.2,0.0,2.8,8.9,8.6,1018.4,1015.8,12.4,2.8,1
2015-03-16,2015,3,75,7.4,2.3,12.4,2.8,1.1,7.2,1.5,1020.6,1016.6,15.5,0.0,0
2015-03-17,2015,3,76,7.6,-0.2,15.5,0.0,1.1,8.3,9.9,1021.5,1019.1,17.5,0.0,0
2015-03-18,2015,3,77,12.2,6.8,17.5,0.0,7.2,15.3,4.4,1019.7,1015.4,18.3,0.0,0
2015-03-19,2015,3,78,15.5,12.7,18.3,0.0,8.9,18.1,2.3,1016.3,1012.6,16.1,4.4,1
2015-03-20,2015,3,79,14.7,13.3,16.1,4.4,10.3,17.5,0.0,1013.3,1006.1,18.3,0.5,0
2015-03-21,2015,3,80,15.4,12.5,18.3,0.5,1.7,10.8,5.9,1009.7,1006.3,18.1,0.1,0
2015-03-22,2015,3,81,13.4,8.7,18.1,0.1,4.2,9.7,3.5,1012.7,1007.6,19.2,0.0,0
2015-03-23,2015,3,82,13.7,8.2,19.2,0.0,3.9,9.7,2.7,1012.2,1005.0,19.8,20.3,1
2015-03-24,2015,3,83,16.1,12.4,19.8,20.3,4.7,10.3,0.0,1005.0,999.5,12.8,2.4,1
2015-03-25,2015,3,84,10.7,8.6,12.8,2.4,2.5,7.2,0.0,1009.1,998.1,16.8,0.0,0
2015-03-26,2015,3,85,11.8,6.9,16.8,0.0,1.9,9.7,9.2,1016.5,1008.9,19.7,0.0,0
2015-03-27,2015,3,86,13.0,6.3,19.7,0.0,5.0,11.7,10.6,1021.4,1016.0,22.4,0.0,0
2015-03-28,2015,3,87,15.4,8.5,22.4,0.0,3.3,7.8,11.2,1023.5,1020.5,22.6,0.0,0
2015-03-29,2015,3,88,14.8,7.1,22.6,0.0,2.5,10.8,8.6,1022.7,1019.3,24.3,0.0,0
2015-03-30,2015,3,89,19.6,14.8,24.3,0.0,4.2,18.6,5.2,1022.2,1018.4,26.5,0.0,0
2015-03-31,2015,3,90,17.8,9.2,26.5,0.0,3.6,10.8,11.3,1024.4,1020.5,16.8,0.0,0
2015-04-01,2015,4,91,13.1,9.4,16.8,0.0,5.0,11.7,4.4,1027.4,1022.9,18.4,0.0,0
2015-04-02,2015,4,92,13.2,8.1,18.4,0.0,6.4,11.7,10.3,1027.3,1022.2,18.4,0.0,0
2015-04-03,2015,4,93,12.4,6.4,18.4,0.0,3.3,8.9,9.9,1023.0,1015.7,20.7,0.0,0
2015-04-04,2015,4,94,14.0,7.4,20.7,0.0,3.6,10.8,8.9,1015.7,1012.6,19.0,0.0,0
2015-04-05,2015,4,95,12.0,5.1,19.0,0.0,4.2,10.8,6.5,1017.1,1010.8,18.5,0.0,0
2015-04-06,2015,4,96,10.8,3.1,18.5,0.0,4.4,13.9,11.6,1023.2,1016.9,18.3,0.0,0
2015-04-07,2015,4,97,11.6,4.8,18.3,0.0,5.8,13.9,9.8,1031.0,1022.7,18.2,0.0,0
2015-04-08,2015,4,98,10.4,2.7,18.2,0.0,3.3,9.7,12.0,1030.8,1027.4,21.2,0.0,0
2015-04-09,2015,4,99,12.1,3.0,21.2,0.0,3.6,12.5,12.0,1027.9,1025.5,20.4,0.0,0
2015-04-10,2015,4,100,13.6,6.8,20.4,0.0,4.4,8.9,9.1,1026.2,1021.9,21.9,0.0,0
2015-04-11,2015,4,101,15.0,8.2,21.9,0.0,7.8,13.9,4.2,1026.6,1021.0,22.6,0.0,0
2015-04-12,2015,4,102,16.6,10.7,22.6,0.0,5.6,10.8,9.7,1028.3,1024.6,24.4,0.0,0
2015-04-13,2015,4,103,16.6,8.8,24.4,0.0,4.2,10.3,10.9,1029.7,1027.3,25.7,0.0,0
2015-04-14,2015,4,104,15.6,5.4,25.7,0.0,2.8,8.3,11.1,1028.5,1023.0,25.4,0.0,0
2015-04-15,2015,4,105,16.8,8.2,25.4,0.0,3.3,12.5,5.5,1023.0,1015.9,21.8,0.0,0
2015-04-16,2015,4,106,17.4,12.9,21.8,0.0,3.1,9.7,1.4,1018.1,1014.2,21.4,0.0,0
2015-04-17,2015,4,107,15.1,8.8,21.4,0.0,3.3,8.3,11.4,1018.0,1015.4,23.9,0.0,0
2015-04-18,2015,4,108,17.3,10.7,23.9,0.0,4.7,10.3,10.9,1017.0,1012.7,22.7,0.0,0
2015-04-19,2015,4,109,16.8,11.0,22.7,0.0,3.9,10.3,10.3,1018.6,1011.1,22.8,0.0,0
2015-04-20,2015,4,110,15.2,7.7,22.8,0.0,1.7,8.9,10.9,1023.2,1018.2,24.0,0.0,0
2015-04-21,2015,4,111,15.6,7.3,24.0,0.0,3.6,10.3,10.1,1024.2,1022.3,22.4,0.0,0
2015-04-22,2015,4,112,16.8,11.1,22.4,0.0,3.9,10.3,2.9,1023.7,1017.6,22.2,0.0,0
2015-04-23,2015,4,113,15.5,8.8,22.2,0.0,2.5,9.7,9.1,1018.8,1016.0,21.1,0.0,0
2015-04-24,2015,4,114,14.8,8.4,21.1,0.0,2.2,9.2,10.8,1017.9,1014.9,21.1,0.0,0
2015-04-25,2015,4,115,16.3,11.5,21.1,0.0,2.8,9.2,4.1,1015.9,1012.5,21.7,2.9,1
2015-04-26,2015,4,116,18.3,14.9,21.7,2.9,3.3,10.8,5.8,1012.6,1004.9,22.1,0.8,0
2015-04-27,2015,4,117,17.5,12.9,22.1,0.8,6.1,14.4,7.8,1011.7,1003.7,22.8,0.0,0
2015-04-28,2015,4,118,15.8,8.8,22.8,0.0,5.3,12.5,11.3,1019.7,1011.7,21.0,0.0,0
2015-04-29,2015,4,119,13.9,6.8,21.0,0.0,3.1,9.2,8.7,1020.8,1017.9,22.4,0.0,0
2015-04-30,2015,4,120,16.9,11.4,22.4,0.0,2.5,7.8,11.8,1021.4,1018.9,22.6,0.0,0
2015-05-01,2015,5,121,15.8,9.1,22.6,0.0,2.5,8.9,8.0,1018.9,1013.2,29.2,0.0,0
2015-05-02,2015,5,122,20.3,11.4,29.2,0.0,3.1,9.7,11.8,1015.5,1012.0,27.6,0.0,0
2015-05-03,2015,5,123,19.8,12.1,27.6,0.0,3.3,9.7,12.8,1012.5,1010.0,31.9,0.0,0
2015-05-04,2015,5,124,22.5,13.1,31.9,0.0,2.2,8.9,6.1,1011.1,1005.5,31.1,0.0,0
2015-05-05,2015,5,125,23.2,15.2,31.1,0.0,2.5,11.7,5.9,1014.0,1006.9,26.1,0.0,0
2015-05-06,2015,5,126,20.0,14.0,26.1,0.0,3.1,8.9,7.8,1019.7,1012.3,25.4,0.0,0
2015-05-07,2015,5,127,18.9,12.4,25.4,0.0,4.7,11.4,12.7,1020.6,1016.8,24.3,0.0,0
2015-05-08,2015,5,128,17.4,10.4,24.3,0.0,4.7,12.5,12.6,1021.6,1015.7,27.2,0.0,0
2015-05-09,2015,5,129,20.2,13.2,27.2,0.0,3.9,11.4,12.6,1025.5,1021.5,26.4,0.0,0
2015-05-10,2015,5,130,18.3,10.2,26.4,0.0,3.6,9.2,11.4,1025.6,1022.5,28.2,0.0,0
2015-05-11,2015,5,131,19.3,10.4,28.2,0.0,3.3,10.8,10.9,1023.5,1021.3,31.6,0.0,0
2015-05-12,2015,5,132,21.8,12.1,31.6,0.0,4.4,10.3,12.6,1024.4,1021.2,28.0,0.0,0
2015-05-13,2015,5,133,19.2,10.5,28.0,0.0,2.5,8.3,11.5,1024.2,1019.2,30.4,0.0,0
2015-05-14,2015,5,134,22.8,15.2,30.4,0.0,2.8,18.9,10.6,1019.2,1007.7,23.6,0.0,0
2015-05-15,2015,5,135,19.0,14.5,23.6,0.0,5.8,18.1,10.3,1019.2,1009.8,24.9,0.0,0
2015-05-16,2015,5,136,17.8,10.7,24.9,0.0,3.9,16.1,6.6,1023.7,1018.9,27.6,0.0,0
2015-05-17,2015,5,137,19.4,11.3,27.6,0.0,3.1,10.8,13.3,1023.1,1019.2,25.6,0.0,0
2015-05-18,2015,5,138,18.4,11.1,25.6,0.0,3.6,8.9,13.3,1019.5,1010.6,24.7,2.6,1
2015-05-19,2015,5,139,17.8,10.9,24.7,2.6,5.8,15.0,2.7,1014.6,1008.8,20.9,2.2,1
2015-05-20,2015,5,140,16.2,11.6,20.9,2.2,4.7,15.0,2.4,1021.3,1012.6,21.1,0.1,0
2015-05-21,2015,5,141,15.5,9.9,21.1,0.1,5.3,12.8,6.4,1024.2,1020.6,20.9,0.4,0
2015-05-22,2015,5,142,14.6,8.2,20.9,0.4,3.6,13.3,7.3,1024.1,1018.6,25.2,0.0,0
2015-05-23,2015,5,143,16.2,7.1,25.2,0.0,3.9,15.0,12.6,1019.2,1014.6,24.4,0.0,0
2015-05-24,2015,5,144,16.8,9.2,24.4,0.0,2.8,8.3,6.0,1017.0,1015.3,26.6,0.0,0
2015-05-25,2015,5,145,18.6,10.5,26.6,0.0,5.0,13.9,13.0,1016.2,1014.1,25.1,0.0,0
2015-05-26,2015,5,146,19.4,13.6,25.1,0.0,5.6,11.4,7.9,1018.4,1014.5,24.2,0.0,0
2015-05-27,2015,5,147,17.6,10.9,24.2,0.0,4.2,10.8,12.5,1020.5,1017.3,24.6,0.0,0
2015-05-28,2015,5,148,17.9,11.2,24.6,0.0,3.9,9.7,13.4,1020.6,1017.5,28.8,0.0,0
2015-05-29,2015,5,149,19.6,10.4,28.8,0.0,4.7,12.5,9.8,1017.6,1012.2,26.2,0.0,0
2015-05-30,2015,5,150,19.2,12.2,26.2,0.0,4.4,11.4,12.7,1019.5,1014.6,26.1,0.0,0
2015-05-31,2015,5,151,19.8,13.4,26.1,0.0,3.3,8.9,11.2,1018.9,1016.8,27.4,0.0,0
2015-06-01,2015,6,152,19.9,12.4,27.4,0.0,4.2,12.5,13.4,1019.5,1017.6,28.0,0.0,0
2015-06-02,2015,6,153,20.0,11.9,28.0,0.0,4.2,10.3,13.5,1021.6,1018.8,29.5,0.0,0
2015-06-03,2015,6,154,20.9,12.3,29.5,0.0,3.3,11.4,10.0,1022.2,1020.5,32.6,0.0,0
2015-06-04,2015,6,155,22.6,12.5,32.6,0.0,3.9,10.3,13.7,1022.0,1019.0,31.9,0.0,0
2015-06-05,2015,6,156,22.5,13.1,31.9,0.0,4.2,11.7,13.8,1020.9,1019.0,31.2,0.0,0
2015-06-06,2015,6,157,21.8,12.4,31.2,0.0,3.3,10.3,13.8,1021.4,1019.7,32.4,0.0,0
2015-06-07,2015,6,158,22.5,12.6,32.4,0.0,3.3,10.8,13.5,1021.1,1018.7,30.1,0.0,0
2015-06-08,2015,6,159,23.0,15.8,30.1,0.0,3.6,10.8,13.3,1018.8,1014.2,30.3,0.0,0
2015-06-09,2015,6,160,23.0,15.7,30.3,0.0,4.2,10.3,13.2,1015.4,1012.6,33.1,0.0,0
2015-06-10,2015,6,161,25.1,17.1,33.1,0.0,5.6,11.4,11.5,1014.4,1011.4,31.1,0.5,0
2015-06-11,2015,6,162,26.4,21.8,31.1,0.5,4.7,12.5,6.9,1012.9,1007.3,28.4,0.4,0
2015-06-12,2015,6,163,23.4,18.5,28.4,0.4,4.7,11.4,6.7,1011.8,1007.2,27.0,0.0,0
2015-06-13,2015,6,164,22.3,17.6,27.0,0.0,4.7,12.5,11.2,1011.2,1008.7,28.6,0.0,0
2015-06-14,2015,6,165,23.6,18.7,28.6,0.0,6.4,11.7,9.3,1013.4,1008.5,26.9,0.0,0
2015-06-15,2015,6,166,21.0,15.2,26.9,0.0,3.6,11.4,11.7,1017.1,1012.8,26.0,0.7,0
2015-06-16,2015,6,167,21.0,15.9,26.0,0.7,3.1,12.8,7.7,1020.1,1015.5,29.0,0.0,0
2015-06-17,2015,6,168,21.3,13.6,29.0,0.0,4.4,12.8,10.9,1021.3,1018.7,29.4,0.0,0
2015-06-18,2015,6,169,21.6,13.8,29.4,0.0,5.8,13.9,13.4,1021.0,1016.9,28.2,0.0,0
2015-06-19,2015,6,170,22.2,16.2,28.2,0.0,4.7,11.4,13.5,1018.0,1015.5,28.8,0.0,0
2015-06-20,2015,6,171,22.6,16.4,28.8,0.0,5.3,12.5,13.3,1019.0,1016.9,29.1,0.0,0
2015-06-21,2015,6,172,22.2,15.4,29.1,0.0,3.9,9.7,13.7,1019.5,1017.8,30.2,0.0,0
2015-06-22,2015,6,173,23.0,15.7,30.2,0.0,,10.3,13.1,1018.3,1013.1,31.1,0.0,0
2015-06-23,2015,6,174,24.8,18.5,31.1,0.0,3.6,10.3,10.4,1014.7,1010.4,30.2,0.0,0
2015-06-24,2015,6,175,24.8,19.5,30.2,0.0,6.1,13.3,13.0,1020.2,1013.7,32.7,0.0,0
2015-06-25,2015,6,176,24.4,16.2,32.7,0.0,3.3,11.7,12.8,1021.9,1019.3,29.8,0.0,0
2015-06-26,2015,6,177,22.8,15.9,29.8,0.0,5.3,13.3,13.6,1021.6,1019.7,29.9,0.0,0
2015-06-27,2015,6,178,22.4,14.8,29.9,0.0,4.2,11.7,13.5,1020.3,1018.0,33.7,0.0,0
2015-06-28,2015,6,179,25.1,16.5,33.7,0.0,3.3,10.8,13.5,1019.1,1016.9,35.0,0.0,0
2015-06-29,2015,6,180,26.2,17.4,35.0,0.0,4.2,11.7,13.3,1019.8,1018.3,34.1,0.0,0
2015-06-30,2015,6,181,26.0,17.9,34.1,0.0,3.6,10.8,12.9,1018.3,1015.7,38.2,0.0,0
2015-07-01,2015,7,182,29.0,19.7,38.2,0.0,4.2,10.8,12.5,1017.9,1015.1,37.8,0.0,0
2015-07-02,2015,7,183,30.4,23.0,37.8,0.0,5.6,11.7,11.4,1021.0,1017.0,37.6,0.0,0
2015-07-03,2015,7,184,30.3,23.0,37.6,0.0,6.4,12.8,12.4,1022.1,1020.2,39.5,0.0,0
2015-07-04,2015,7,185,31.4,23.2,39.5,0.0,3.6,9.7,12.4,1021.7,1018.5,36.9,0.0,0
2015-07-05,2015,7,186,28.6,20.2,36.9,0.0,3.3,9.2,12.3,1019.4,1017.1,36.8,0.0,0
2015-07-06,2015,7,187,28.6,20.3,36.8,0.0,4.2,11.7,12.3,1019.3,1017.2,34.4,0.0,0
2015-07-07,2015,7,188,26.6,18.7,34.4,0.0,3.9,9.7,12.4,1017.2,1013.5,36.2,0.0,0
2015-07-08,2015,7,189,27.8,19.4,36.2,0.0,4.2,9.7,11.4,1016.0,1012.8,29.9,0.0,0
2015-07-09,2015,7,190,25.8,21.8,29.9,0.0,5.3,9.7,7.8,1017.5,1015.2,31.0,0.0,0
2015-07-10,2015,7,191,25.0,19.1,31.0,0.0,4.2,10.3,13.3,1017.8,1015.7,33.6,0.0,0
2015-07-11,2015,7,192,26.6,19.5,33.6,0.0,3.6,9.7,12.9,1019.7,1016.9,31.2,0.0,0
2015-07-12,2015,7,193,25.3,19.4,31.2,0.0,3.9,10.3,13.0,1019.1,1017.1,32.6,0.0,0
2015-07-13,2015,7,194,26.4,20.3,32.6,0.0,4.4,11.7,13.1,1019.0,1017.4,32.1,0.0,0
2015-07-14,2015,7,195,25.8,19.5,32.1,0.0,4.4,11.4,12.7,1018.7,1016.9,33.2,0.0,0
2015-07-15,2015,7,196,26.2,19.2,33.2,0.0,3.6,10.8,11.6,1017.4,1014.8,33.4,0.0,0
2015-07-16,2015,7,197,26.4,19.3,33.4,0.0,3.9,10.8,12.7,1017.1,1014.4,32.3,0.0,0
2015-07-17,2015,7,198,26.6,21.0,32.3,0.0,3.6,11.7,12.3,1017.6,1015.8,34.8,0.0,0
2015-07-18,2015,7,199,28.1,21.4,34.8,0.0,4.4,10.8,12.5,1017.3,1013.4,33.4,0.0,0
2015-07-19,2015,7,200,27.0,20.7,33.4,0.0,3.3,11.7,9.2,1015.4,1013.7,34.7,0.0,0
2015-07-20,2015,7,201,28.0,21.4,34.7,0.0,3.6,10.8,12.7,1015.2,1014.0,34.6,0.0,0
2015-07-21,2015,7,202,28.4,22.1,34.6,0.0,3.6,10.3,11.4,1015.0,1013.5,34.4,0.0,0
2015-07-22,2015,7,203,29.2,24.0,34.4,0.0,2.8,9.7,10.8,1015.1,1012.7,33.8,0.0,0
2015-07-23,2015,7,204,28.6,23.5,33.8,0.0,5.3,11.7,12.9,1015.6,1012.2,32.0,0.0,0
2015-07-24,2015,7,205,27.0,22.1,32.0,0.0,3.3,10.3,13.0,1012.6,1008.6,32.2,0.0,0
2015-07-25,2015,7,206,27.8,23.3,32.2,0.0,7.5,15.3,8.7,1016.6,1009.6,30.9,0.0,0
2015-07-26,2015,7,207,25.6,20.4,30.9,0.0,3.9,10.8,12.7,1016.2,1012.2,32.1,0.0,0
2015-07-27,2015,7,208,27.6,23.0,32.1,0.0,3.9,10.3,11.3,1013.1,1010.7,33.6,0.0,0
2015-07-28,2015,7,209,29.6,25.5,33.6,0.0,4.2,,7.2,1014.1,1011.6,32.4,0.0,0
2015-07-29,2015,7,210,28.2,24.1,32.4,0.0,3.9,11.4,10.9,1013.1,1008.8,33.0,0.0,0
2015-07-30,2015,7,211,28.0,22.9,33.0,0.0,6.4,15.3,7.5,1012.8,1008.4,34.5,0.2,0
2015-07-31,2015,7,212,27.4,20.2,34.5,0.2,4.7,10.8,11.1,1012.2,1006.6,32.4,0.0,0
2015-08-01,2015,8,213,27.6,22.7,32.4,0.0,5.3,18.6,3.4,1016.2,1007.9,31.9,0.0,0
2015-08-02,2015,8,214,26.8,21.8,31.9,0.0,5.6,10.3,13.0,1017.8,1015.1,33.5,0.0,0
2015-08-03,2015,8,215,26.4,19.4,33.5,0.0,3.9,11.7,12.1,1017.5,1014.7,34.2,0.0,0
2015-08-04,2015,8,216,28.2,22.2,34.2,0.0,4.4,11.7,9.4,1015.5,1013.7,33.6,0.0,0
2015-08-05,2015,8,217,26.9,20.2,33.6,0.0,5.0,11.7,12.3,1014.9,1012.8,35.7,0.0,0
2015-08-06,2015,8,218,27.9,20.1,35.7,0.0,4.2,11.1,12.0,1015.1,1012.7,34.9,0.0,0
2015-08-07,2015,8,219,28.4,22.0,34.9,0.0,3.3,9.2,10.2,1016.0,1012.1,34.8,0.0,0
2015-08-08,2015,8,220,29.2,23.6,34.8,0.0,4.7,11.4,9.0,1018.1,1014.5,31.9,0.0,0
2015-08-09,2015,8,221,27.4,22.8,31.9,0.0,4.2,11.7,7.1,1018.5,1016.2,33.8,0.0,0
2015-08-10,2015,8,222,27.0,20.2,33.8,0.0,3.3,13.9,10.6,1017.2,1012.5,31.8,0.0,0
2015-08-11,2015,8,223,25.0,18.1,31.8,0.0,3.6,10.8,12.4,1016.2,1013.3,32.8,0.0,0
2015-08-12,2015,8,224,27.2,21.5,32.8,0.0,5.0,11.7,12.1,1017.4,1015.5,32.5,0.0,0
2015-08-13,2015,8,225,26.8,21.2,32.5,0.0,4.4,11.4,11.1,1015.7,1011.1,32.4,17.7,1
2015-08-14,2015,8,226,27.2,22.1,32.4,17.7,4.4,11.4,8.9,1013.9,1010.8,24.0,28.0,1
2015-08-15,2015,8,227,21.2,18.3,24.0,28.0,0.6,13.9,0.2,1014.6,1011.8,28.6,0.0,0
2015-08-16,2015,8,228,22.2,15.9,28.6,0.0,3.9,13.3,12.6,1014.3,1012.1,26.4,11.3,1
2015-08-17,2015,8,229,23.2,20.0,26.4,11.3,1.1,12.8,1.8,1014.8,1011.0,28.6,0.3,0
2015-08-18,2015,8,230,24.4,20.2,28.6,0.3,3.3,12.8,4.8,1015.9,1010.4,30.0,0.0,0
2015-08-19,2015,8,231,25.6,21.2,30.0,0.0,3.1,8.9,6.0,1020.5,1015.2,30.2,0.0,0
2015-08-20,2015,8,232,24.5,18.8,30.2,0.0,3.6,10.3,10.7,1021.5,1019.9,30.4,0.0,0
2015-08-21,2015,8,233,24.4,18.4,30.4,0.0,3.6,10.3,12.3,1021.1,1018.2,34.4,0.0,0
2015-08-22,2015,8,234,26.8,19.3,34.4,0.0,3.1,9.7,11.3,1019.3,1010.3,31.3,0.0,0
2015-08-23,2015,8,235,27.7,24.1,31.3,0.0,5.8,11.4,10.4,1010.3,1007.3,30.8,0.0,0
2015-08-24,2015,8,236,26.0,21.2,30.8,0.0,7.5,13.3,12.4,1016.3,1007.3,31.9,0.0,0
2015-08-25,2015,8,237,26.6,21.2,31.9,0.0,4.2,10.3,8.3,1019.4,1016.3,31.3,0.0,0
2015-08-26,2015,8,238,25.0,18.8,31.3,0.0,3.9,10.3,12.4,1018.8,1014.7,31.3,0.0,0
2015-08-27,2015,8,239,24.8,18.3,31.3,0.0,4.2,10.3,12.3,1016.9,1014.9,33.3,0.0,0
2015-08-28,2015,8,240,26.0,18.7,33.3,0.0,2.8,12.5,12.1,1018.7,1015.9,33.7,0.0,0
2015-08-29,2015,8,241,27.4,21.0,33.7,0.0,4.7,11.4,11.2,1019.0,1016.4,34.0,0.0,0
2015-08-30,2015,8,242,29.0,24.0,34.0,0.0,4.7,10.3,9.8,1018.2,1014.6,32.3,0.2,0
2015-08-31,2015,8,243,27.6,23.0,32.3,0.2,3.3,11.7,8.4,1016.5,1011.3,30.4,20.2,1
2015-09-01,2015,9,244,25.4,20.5,30.4,20.2,5.0,19.7,2.8,1016.1,1011.3,30.7,13.1,1
2015-09-02,2015,9,245,25.8,20.8,30.7,13.1,2.2,6.1,4.6,1015.7,1012.7,29.3,0.0,0
2015-09-03,2015,9,246,25.8,22.4,29.3,0.0,3.1,8.9,7.8,1013.4,1010.6,27.4,85.8,1
2015-09-04,2015,9,247,23.2,19.0,27.4,85.8,7.2,22.8,2.5,1014.7,1010.3,27.0,0.0,0
2015-09-05,2015,9,248,24.0,20.9,27.0,0.0,3.3,10.8,6.3,1020.2,1014.6,25.1,0.0,0
2015-09-06,2015,9,249,21.6,18.2,25.1,0.0,2.5,7.8,3.4,1021.9,1019.1,28.3,0.0,0
2015-09-07,2015,9,250,22.2,16.2,28.3,0.0,2.8,9.7,7.4,1021.6,1018.3,26.7,0.2,0
2015-09-08,2015,9,251,21.7,16.7,26.7,0.2,1.4,9.2,1.2,1018.6,1014.5,29.5,0.0,0
2015-09-09,2015,9,252,22.4,15.2,29.5,0.0,1.7,7.2,6.8,1016.2,1013.7,23.9,7.3,1
2015-09-10,2015,9,253,20.0,16.2,23.9,7.3,0.8,3.6,0.2,1016.1,1014.1,30.2,0.0,0
2015-09-11,2015,9,254,24.7,19.2,30.2,0.0,2.2,8.9,7.7,1016.1,1014.2,32.3,0.0,0
2015-09-12,2015,9,255,25.6,18.8,32.3,0.0,1.9,8.3,6.6,1016.1,1011.8,29.4,0.0,0
2015-09-13,2015,9,256,24.6,19.7,29.4,0.0,4.4,10.8,9.3,1012.3,1008.0,30.6,0.0,0
2015-09-14,2015,9,257,24.6,18.7,30.6,0.0,3.1,9.7,10.0,1013.4,1008.7,27.8,0.0,0
2015-09-15,2015,9,258,22.4,17.0,27.8,0.0,4.2,9.7,8.4,1012.8,1007.7,28.1,0.0,0
2015-09-16,2015,9,259,25.8,23.6,28.1,0.0,6.9,13.3,7.5,1008.0,1005.5,29.0,0.0,0
2015-09-17,2015,9,260,23.1,17.2,29.0,0.0,5.0,11.7,10.8,1014.6,1005.6,27.5,0.0,0
2015-09-18,2015,9,261,21.2,14.8,27.5,0.0,4.4,11.4,9.6,1021.1,1014.5,27.5,0.0,0
2015-09-19,2015,9,262,22.4,17.2,27.5,0.0,3.9,10.3,9.2,1023.1,1020.1,27.1,0.0,0
2015-09-20,2015,9,263,21.4,15.7,27.1,0.0,5.0,11.7,10.3,1022.8,1018.7,27.0,0.0,0
2015-09-21,2015,9,264,20.6,14.2,27.0,0.0,4.2,11.4,11.2,1019.2,1013.9,27.5,0.0,0
2015-09-22,2015,9,265,21.4,15.2,27.5,0.0,2.5,8.3,10.9,1013.9,1009.5,24.5,0.2,0
2015-09-23,2015,9,266,19.8,15.0,24.5,0.2,4.4,10.3,4.5,1017.7,1009.8,25.1,0.0,0
2015-09-24,2015,9,267,19.4,13.7,25.1,0.0,2.8,9.2,6.6,1018.5,1016.5,26.2,0.0,0
2015-09-25,2015,9,268,18.8,11.3,26.2,0.0,2.5,9.2,10.6,1018.4,1015.6,27.5,0.0,0
2015-09-26,2015,9,269,20.2,13.0,27.5,0.0,3.6,9.2,8.7,1018.4,1016.5,27.2,0.0,0
2015-09-27,2015,9,270,20.6,13.9,27.2,0.0,1.7,7.2,5.4,1020.9,1017.6,26.8,6.8,1
2015-09-28,2015,9,271,21.0,15.2,26.8,6.8,1.1,10.8,5.6,1021.8,1019.5,24.6,23.7,1
2015-09-29,2015,9,272,18.8,13.0,24.6,23.7,2.8,9.2,3.9,1019.7,1015.1,23.9,19.1,1
2015-09-30,2015,9,273,20.0,16.2,23.9,19.1,3.1,9.2,1.6,1016.4,1011.1,24.5,0.3,0
2015-10-01,2015,10,274,19.6,14.6,24.5,0.3,2.2,7.2,6.1,1021.5,1016.2,24.7,0.0,0
2015-10-02,2015,10,275,19.7,14.7,24.7,0.0,4.2,10.8,7.2,1020.7,1016.3,26.6,0.0,0
2015-10-03,2015,10,276,21.4,16.2,26.6,0.0,0.3,7.8,3.9,1017.5,1016.1,26.0,0.0,0
2015-10-04,2015,10,277,20.1,14.2,26.0,0.0,3.9,9.2,6.8,1019.0,1017.3,29.5,0.0,0
2015-10-05,2015,10,278,25.2,20.8,29.5,0.0,3.6,11.7,6.4,1018.3,1013.0,28.7,0.0,0
2015-10-06,2015,10,279,24.0,19.4,28.7,0.0,5.3,16.1,3.3,1013.5,1010.8,26.4,0.0,0
2015-10-07,2015,10,280,21.2,16.0,26.4,0.0,1.7,10.8,5.9,1017.7,1013.3,23.9,0.0,0
2015-10-08,2015,10,281,19.0,14.0,23.9,0.0,3.1,10.8,6.8,1017.3,1015.5,23.7,0.0,0
2015-10-09,2015,10,282,18.0,12.3,23.7,0.0,1.7,11.4,5.8,1015.8,1010.9,25.1,0.0,0
2015-10-10,2015,10,283,18.4,11.7,25.1,0.0,3.6,9.7,9.7,1011.5,1008.9,25.9,0.0,0
2015-10-11,2015,10,284,19.3,12.7,25.9,0.0,2.2,8.9,7.3,1009.3,1007.3,25.8,0.0,0
2015-10-12,2015,10,285,21.5,17.2,25.8,0.0,2.5,8.3,4.6,1011.7,1008.3,23.8,10.7,1
2015-10-13,2015,10,286,19.8,15.9,23.8,10.7,3.1,12.8,1.0,1012.4,1009.8,19.0,4.2,1
2015-10-14,2015,10,287,16.0,13.1,19.0,4.2,5.8,15.0,1.0,1013.8,1009.0,22.7,0.0,0
2015-10-15,2015,10,288,17.0,11.4,22.7,0.0,3.1,7.8,6.9,1016.2,1013.0,21.9,0.0,0
2015-10-16,2015,10,289,15.4,8.9,21.9,0.0,1.9,7.8,9.7,1017.2,1015.1,24.8,0.0,0
2015-10-17,2015,10,290,18.2,11.5,24.8,0.0,2.5,7.2,7.4,1016.5,1013.6,26.0,0.0,0
2015-10-18,2015,10,291,19.4,12.8,26.0,0.0,1.7,7.8,9.6,1014.7,1011.0,24.7,0.3,0
2015-10-19,2015,10,292,21.1,17.5,24.7,0.3,4.2,9.7,1.1,1011.3,1008.4,21.4,0.6,0
2015-10-20,2015,10,293,19.6,17.7,21.4,0.6,8.1,16.1,1.2,1014.3,1009.9,19.3,0.0,0
2015-10-21,2015,10,294,14.7,10.1,19.3,0.0,4.4,14.4,1.5,1017.7,1013.9,20.3,0.0,0
2015-10-22,2015,10,295,14.5,8.7,20.3,0.0,2.8,9.7,8.3,1020.2,1016.9,23.0,0.0,0
2015-10-23,2015,10,296,15.6,8.3,23.0,0.0,2.5,7.8,9.6,1020.9,1018.9,22.9,0.0,0
2015-10-24,2015,10,297,16.6,10.3,22.9,0.0,1.7,5.0,2.7,1020.7,1017.8,22.3,0.0,0
2015-10-25,2015,10,298,18.3,14.3,22.3,0.0,2.5,7.8,0.2,1020.6,1017.5,22.6,0.0,0
2015-10-26,2015,10,299,19.2,15.8,22.6,0.0,1.4,7.2,0.4,1017.5,1012.9,23.5,0.0,0
2015-10-27,2015,10,300,18.8,14.1,23.5,0.0,3.1,8.3,6.3,1014.4,1012.6,22.5,0.0,0
2015-10-28,2015,10,301,17.1,11.7,22.5,0.0,5.6,15.0,8.4,1017.8,1012.4,23.6,0.0,0
2015-10-29,2015,10,302,16.6,9.5,23.6,0.0,3.3,9.2,9.4,1019.6,1017.1,24.2,0.0,0
2015-10-30,2015,10,303,17.1,10.0,24.2,0.0,2.8,7.2,8.2,1021.3,1018.9,22.8,0.0,0
2015-10-31,2015,10,304,16.0,9.3,22.8,0.0,2.5,7.2,6.7,1023.2,1019.8,23.1,0.4,0
2015-11-01,2015,11,305,16.8,10.5,23.1,0.4,3.6,10.8,4.2,1023.7,1021.2,21.6,17.5,1
2015-11-02,2015,11,306,19.2,16.7,21.6,17.5,6.7,15.3,0.0,1021.3,1016.5,21.9,0.0,0
2015-11-03,2015,11,307,17.4,12.8,21.9,0.0,3.3,11.7,8.8,1022.8,1018.6,22.3,0.0,0
2015-11-04,2015,11,308,16.8,11.3,22.3,0.0,3.6,9.2,9.2,1022.3,1019.8,22.5,0.0,0
2015-11-05,2015,11,309,17.0,11.4,22.5,0.0,2.8,9.2,8.2,1024.0,1020.5,22.3,0.0,0
2015-11-06,2015,11,310,16.4,10.6,22.3,0.0,2.8,7.2,9.5,1026.9,1023.6,22.5,0.0,0
2015-11-07,2015,11,311,16.6,10.7,22.5,0.0,1.7,5.8,9.3,1029.4,1025.9,22.9,0.0,0
2015-11-08,2015,11,312,16.8,10.8,22.9,0.0,2.2,6.1,8.3,1031.6,1029.1,21.8,0.0,0
2015-11-09,2015,11,313,16.1,10.4,21.8,0.0,1.7,6.7,9.4,1033.0,1030.4,21.7,0.3,0
2015-11-10,2015,11,314,15.2,8.7,21.7,0.3,1.9,7.2,9.2,1030.4,1026.4,21.4,0.0,0
2015-11-11,2015,11,315,14.9,8.4,21.4,0.0,1.4,6.1,8.0,1026.6,1023.9,21.9,0.0,0
2015-11-12,2015,11,316,15.8,9.8,21.9,0.0,2.2,6.1,7.2,1026.5,1024.4,21.5,0.0,0
2015-11-13,2015,11,317,16.4,11.3,21.5,0.0,1.1,6.1,0.5,1031.5,1026.3,22.2,0.2,0
2015-11-14,2015,11,318,15.3,8.4,22.2,0.2,1.1,5.8,8.5,1032.2,1028.1,21.3,0.0,0
2015-11-15,2015,11,319,13.8,6.2,21.3,0.0,2.5,8.9,9.2,1028.1,1022.2,21.2,0.0,0
2015-11-16,2015,11,320,13.6,5.9,21.2,0.0,2.2,8.3,8.3,1022.2,1020.0,22.2,0.0,0
2015-11-17,2015,11,321,14.0,5.8,22.2,0.0,0.6,5.0,8.4,1025.7,1021.8,22.2,0.0,0
2015-11-18,2015,11,322,13.6,5.1,22.2,0.0,1.1,4.7,7.5,1027.3,1025.1,20.7,0.0,0
2015-11-19,2015,11,323,13.2,5.6,20.7,0.0,1.9,7.2,8.2,1029.1,1026.3,22.2,0.0,0
2015-11-20,2015,11,324,14.4,6.6,22.2,0.0,3.9,11.4,7.2,1028.3,1014.5,20.8,0.0,0
2015-11-21,2015,11,325,15.4,10.1,20.8,0.0,8.9,22.2,1.6,1014.5,1004.1,15.3,1.6,1
2015-11-22,2015,11,326,9.8,4.4,15.3,1.6,3.3,10.3,7.5,1013.7,1009.0,13.2,0.1,0
2015-11-23,2015,11,327,8.3,3.4,13.2,0.1,4.4,13.3,4.2,1022.2,1013.7,14.6,0.0,0
2015-11-24,2015,11,328,7.6,0.7,14.6,0.0,1.7,9.7,8.1,1024.3,1022.1,18.2,0.0,0
2015-11-25,2015,11,329,9.4,0.5,18.2,0.0,4.7,13.3,0.8,1022.9,1009.8,17.6,0.0,0
2015-11-26,2015,11,330,14.5,11.4,17.6,0.0,3.3,13.3,2.2,1013.1,1009.3,17.1,0.3,0
2015-11-27,2015,11,331,11.6,6.1,17.1,0.3,2.5,13.9,6.4,1017.1,1012.7,19.7,0.0,0
2015-11-28,2015,11,332,13.0,6.3,19.7,0.0,2.2,9.2,8.0,1026.9,1016.3,18.4,0.0,0
2015-11-29,2015,11,333,11.1,3.8,18.4,0.0,1.7,6.7,6.4,1034.7,1026.9,17.6,0.0,0
2015-11-30,2015,11,334,9.8,1.9,17.6,0.0,2.5,7.8,8.5,1036.2,1032.8,18.7,0.2,0
2015-12-01,2015,12,335,11.0,3.3,18.7,0.2,1.7,6.7,8.0,1033.1,1030.0,18.0,0.0,0
2015-12-02,2015,12,336,11.0,3.9,18.0,0.0,0.8,4.2,1.7,1030.2,1028.3,19.6,0.0,0
2015-12-03,2015,12,337,12.4,5.3,19.6,0.0,1.4,4.7,5.5,1032.0,1028.9,18.7,0.0,0
2015-12-04,2015,12,338,11.7,4.7,18.7,0.0,1.7,8.3,7.9,1034.7,1031.7,18.1,0.0,0
2015-12-05,2015,12,339,11.7,5.3,18.1,0.0,1.1,4.2,1.9,1034.1,1031.1,20.2,0.0,0
2015-12-06,2015,12,340,14.0,7.8,20.2,0.0,1.4,5.0,4.9,1031.8,1029.5,19.8,0.0,0
2015-12-07,2015,12,341,12.6,5.5,19.8,0.0,0.8,5.0,7.0,1032.4,1030.1,20.5,0.0,0
2015-12-08,2015,12,342,14.0,7.4,20.5,0.0,,5.8,5.6,1034.1,1031.1,18.8,0.0,0
2015-12-09,2015,12,343,12.4,6.0,18.8,0.0,3.3,11.7,6.5,1036.4,1033.8,18.3,0.0,0
2015-12-10,2015,12,344,10.8,3.4,18.3,0.0,0.8,3.6,4.9,1035.2,1032.8,18.6,0.0,0
2015-12-11,2015,12,345,11.1,3.6,18.6,0.0,0.6,5.8,5.6,1035.0,1030.9,17.9,0.0,0
2015-12-12,2015,12,346,11.3,4.7,17.9,0.0,0.6,3.1,0.6,1030.9,1024.2,19.0,0.0,0
2015-12-13,2015,12,347,12.3,5.6,19.0,0.0,1.7,6.7,6.9,1024.2,1019.6,18.1,0.0,0
2015-12-14,2015,12,348,10.6,3.0,18.1,0.0,1.4,6.7,2.3,1025.5,1021.0,18.6,0.0,0
2015-12-15,2015,12,349,12.0,5.4,18.6,0.0,1.9,7.2,3.6,1029.0,1025.2,21.8,0.0,0
2015-12-16,2015,12,350,14.4,7.1,21.8,0.0,2.2,5.8,6.5,1030.8,1028.2,18.8,0.0,0
2015-12-17,2015,12,351,12.4,6.0,18.8,0.0,0.8,5.0,3.1,1030.1,1027.4,19.4,0.0,0
2015-12-18,2015,12,352,14.5,9.6,19.4,0.0,1.1,5.0,6.1,1028.5,1026.3,18.6,0.0,0
2015-12-19,2015,12,353,14.0,9.5,18.6,0.0,1.4,5.0,5.8,1026.8,1023.8,19.1,0.0,0
2015-12-20,2015,12,354,13.4,7.8,19.1,0.0,0.8,4.7,3.5,1028.0,1023.9,21.4,0.0,0
2015-12-21,2015,12,355,15.0,8.6,21.4,0.0,0.6,5.0,4.2,1034.5,1027.7,18.4,0.0,0
2015-12-22,2015,12,356,12.0,5.5,18.4,0.0,0.6,5.0,6.2,1035.8,1032.6,18.7,0.0,0
2015-12-23,2015,12,357,13.6,8.6,18.7,0.0,1.1,5.0,2.2,1032.9,1030.2,19.5,0.0,0
2015-12-24,2015,12,358,13.4,7.2,19.5,0.0,0.3,3.1,0.9,1031.4,1028.5,19.8,0.0,0
2015-12-25,2015,12,359,13.0,6.2,19.8,0.0,0.8,3.6,2.0,1033.6,1030.6,19.4,0.0,0
2015-12-26,2015,12,360,12.2,4.9,19.4,0.0,1.4,5.0,7.3,1034.0,1031.2,19.3,0.0,0
2015-12-27,2015,12,361,12.7,6.1,19.3,0.0,0.6,6.1,7.1,1034.1,1031.1,18.4,0.0,0
2015-12-28,2015,12,362,12.7,7.0,18.4,0.0,2.2,8.3,1.4,1031.5,1028.1,18.3,0.0,0
2015-12-29,2015,12,363,12.2,6.1,18.3,0.0,2.8,10.3,4.5,1030.1,1027.7,17.5,0.0,0
2015-12-30,2015,12,364,10.8,4.0,17.5,0.0,1.9,7.8,7.4,1029.6,1023.7,18.1,0.0,0
2015-12-31,2015,12,365,11.7,5.3,18.1,0.0,2.2,6.1,5.9,1025.2,1023.0,18.5,0.0,0
2016-01-01,2016,1,1,12.4,6.3,18.5,0.0,2.5,7.2,1.9,1024.9,1018.9,20.6,0.0,0
2016-01-02,2016,1,2,13.0,5.3,20.6,0.0,4.4,14.4,3.1,1021.2,1016.0,16.7,0.4,0
2016-01-03,2016,1,3,10.2,3.7,16.7,0.4,6.1,13.3,0.2,1019.8,1007.3,20.2,0.0,0
2016-01-04,2016,1,4,17.2,14.3,20.2,0.0,4.7,18.6,0.0,1007.3,1000.2,17.5,1.9,1
2016-01-05,2016,1,5,11.0,4.6,17.5,1.9,2.2,15.0,1.5,1007.4,1001.2,16.6,0.0,0
2016-01-06,2016,1,6,10.3,4.0,16.6,0.0,4.2,16.1,6.8,1013.2,1007.2,19.0,0.0,0
2016-01-07,2016,1,7,16.4,13.8,19.0,0.0,9.7,20.6,0.9,1013.3,1001.1,20.7,0.0,0
2016-01-08,2016,1,8,16.2,11.8,20.7,0.0,6.4,15.3,7.4,1012.9,1009.4,19.2,0.0,0
2016-01-09,2016,1,9,15.4,11.6,19.2,0.0,5.0,12.5,2.5,1010.8,1006.7,18.4,0.0,0
2016-01-10,2016,1,10,17.0,15.6,18.4,0.0,9.2,16.4,1.9,1012.1,1008.8,20.0,0.0,0
2016-01-11,2016,1,11,14.8,9.5,20.0,0.0,6.9,16.1,4.8,1014.9,1006.7,17.3,0.0,0
2016-01-12,2016,1,12,11.2,5.1,17.3,0.0,3.9,11.4,8.3,1023.2,1014.9,17.0,0.0,0
2016-01-13,2016,1,13,10.9,4.8,17.0,0.0,1.9,8.9,7.4,1027.4,1022.6,17.6,0.0,0
2016-01-14,2016,1,14,11.2,4.8,17.6,0.0,5.6,13.9,4.4,1022.6,1014.0,11.4,2.6,1
2016-01-15,2016,1,15,8.2,4.9,11.4,2.6,3.6,10.3,0.0,1021.3,1016.4,12.1,0.0,0
2016-01-16,2016,1,16,6.4,0.7,12.1,0.0,3.9,17.5,8.0,1026.9,1021.2,14.1,0.0,0
2016-01-17,2016,1,17,6.3,-1.5,14.1,0.0,2.2,10.8,8.8,1026.7,1020.3,16.3,0.0,0
2016-01-18,2016,1,18,8.8,1.2,16.3,0.0,3.1,8.9,6.0,1020.3,1012.1,16.3,0.0,0
2016-01-19,2016,1,19,9.8,3.2,16.3,0.0,0.8,11.7,5.8,1018.6,1013.0,16.9,0.0,0
2016-01-20,2016,1,20,9.5,2.1,16.9,0.0,1.7,7.8,8.1,1018.4,1015.9,18.2,0.0,0
2016-01-21,2016,1,21,10.3,2.4,18.2,0.0,1.7,7.2,8.5,1026.1,1017.4,16.3,0.0,0
2016-01-22,2016,1,22,9.1,1.9,16.3,0.0,1.7,7.2,7.9,1032.6,1025.8,17.8,0.1,0
2016-01-23,2016,1,23,12.0,6.1,17.8,0.1,1.9,6.7,7.1,1034.6,1031.8,18.0,0.0,0
2016-01-24,2016,1,24,12.4,6.7,18.0,0.0,0.8,5.8,6.3,1035.4,1032.7,19.6,0.0,0
2016-01-25,2016,1,25,12.8,6.0,19.6,0.0,1.9,5.8,5.8,1033.3,1030.4,20.4,0.0,0
2016-01-26,2016,1,26,12.7,5.0,20.4,0.0,1.7,6.7,7.8,1032.8,1029.7,19.3,0.0,0
2016-01-27,2016,1,27,13.1,6.9,19.3,0.0,1.9,7.2,7.7,1031.2,1027.9,18.0,0.0,0
2016-01-28,2016,1,28,12.7,7.4,18.0,0.0,2.8,8.9,7.7,1030.5,1027.7,17.4,0.0,0
2016-01-29,2016,1,29,12.4,7.5,17.4,0.0,1.7,6.7,0.3,1032.7,1030.3,18.2,0.0,0
2016-01-30,2016,1,30,11.6,5.0,18.2,0.0,1.9,7.2,3.8,1032.1,1029.4,17.7,0.0,0
2016-01-31,2016,1,31,10.9,4.1,17.7,0.0,3.3,10.8,4.6,1030.1,1027.3,22.9,0.0,0
2016-02-01,2016,2,32,14.2,5.4,22.9,0.0,2.2,9.2,9.3,1030.6,1028.5,16.7,0.0,0
2016-02-02,2016,2,33,11.2,5.8,16.7,0.0,0.8,7.2,4.5,1029.9,1025.4,17.6,0.4,0
2016-02-03,2016,2,34,11.9,6.2,17.6,0.4,2.5,11.7,5.3,1031.6,1024.2,16.7,0.0,0
2016-02-04,2016,2,35,11.6,6.4,16.7,0.0,3.6,13.3,6.5,1035.4,1031.6,17.0,0.0,0
2016-02-05,2016,2,36,9.3,1.6,17.0,0.0,3.6,10.8,8.0,1032.9,1026.0,18.2,2.6,1
2016-02-06,2016,2,37,11.4,4.5,18.2,2.6,2.8,7.2,2.0,1026.0,1016.2,15.7,7.3,1
2016-02-07,2016,2,38,12.2,8.8,15.7,7.3,5.3,18.9,4.3,1022.2,1008.9,17.2,0.0,0
2016-02-08,2016,2,39,10.5,3.8,17.2,0.0,3.6,9.2,9.3,1024.4,1021.2,18.4,0.0,0
2016-02-09,2016,2,40,13.0,7.6,18.4,0.0,9.4,21.1,3.9,1022.5,1009.9,19.8,0.0,0
2016-02-10,2016,2,41,16.4,13.1,19.8,0.0,6.4,20.6,2.3,1014.2,1008.0,19.9,0.0,0
2016-02-11,2016,2,42,15.6,11.3,19.9,0.0,2.8,10.8,4.1,1012.1,1008.7,18.8,0.0,0
2016-02-12,2016,2,43,13.2,7.6,18.8,0.0,6.9,18.1,0.3,1011.6,1004.2,21.5,0.1,0
2016-02-13,2016,2,44,18.8,16.0,21.5,0.1,6.9,16.4,2.4,1004.6,1000.5,18.5,19.4,1
2016-02-14,2016,2,45,14.2,9.8,18.5,19.4,5.8,16.9,2.9,1000.5,995.2,13.9,0.9,0
2016-02-15,2016,2,46,10.8,7.7,13.9,0.9,3.6,15.3,0.4,1017.0,996.5,13.9,0.0,0
2016-02-16,2016,2,47,8.0,2.1,13.9,0.0,3.9,11.4,6.2,1024.4,1016.9,14.4,0.0,0
2016-02-17,2016,2,48,7.2,-0.1,14.4,0.0,4.2,12.8,8.3,1024.3,1017.2,15.9,0.0,0
2016-02-18,2016,2,49,10.4,4.8,15.9,0.0,3.9,11.4,5.9,1021.3,1015.3,15.0,0.0,0
2016-02-19,2016,2,50,9.4,3.8,15.0,0.0,2.8,8.9,2.3,1029.4,1021.2,16.8,0.0,0
2016-02-20,2016,2,51,8.8,0.8,16.8,0.0,1.4,7.8,10.2,1033.0,1029.0,18.4,0.4,0
2016-02-21,2016,2,52,9.2,0.0,18.4,0.4,1.7,4.7,1.5,1031.7,1023.6,20.9,0.0,0
2016-02-22,2016,2,53,14.8,8.7,20.9,0.0,3.1,17.5,1.8,1023.8,1015.5,19.1,0.0,0
2016-02-23,2016,2,54,13.0,6.9,19.1,0.0,1.9,8.9,8.3,1023.3,1019.7,17.7,0.0,0
2016-02-24,2016,2,55,11.0,4.3,17.7,0.0,3.6,9.2,7.0,1022.1,1011.7,17.1,3.1,1
2016-02-25,2016,2,56,11.6,6.0,17.1,3.1,2.8,12.5,5.3,1015.9,1009.3,16.6,2.8,1
2016-02-26,2016,2,57,10.2,3.7,16.6,2.8,4.2,10.8,6.3,1015.0,999.4,14.1,6.3,1
2016-02-27,2016,2,58,9.0,4.0,14.1,6.3,8.9,18.9,2.0,999.4,990.1,14.2,0.3,0
2016-02-28,2016,2,59,8.9,3.6,14.2,0.3,1.4,9.2,4.8,1003.7,993.8,14.5,0.0,0
2016-02-29,2016,2,60,9.6,4.6,14.5,0.0,3.3,12.8,0.8,1018.3,1003.7,16.1,0.0,0
2016-03-01,2016,3,61,10.4,4.8,16.1,0.0,4.2,11.4,10.6,1023.0,1018.3,21.6,0.0,0
2016-03-02,2016,3,62,12.4,3.3,21.6,0.0,5.0,15.0,9.9,1022.0,1013.5,16.3,0.0,0
2016-03-03,2016,3,63,14.0,11.8,16.3,0.0,3.6,21.1,9.7,1016.1,1012.2,17.4,0.0,0
2016-03-04,2016,3,64,10.3,3.2,17.4,0.0,5.6,10.3,6.4,1014.6,1001.1,16.7,0.2,0
2016-03-05,2016,3,65,12.0,7.4,16.7,0.2,5.8,13.9,10.0,1006.9,999.2,13.9,0.0,0
2016-03-06,2016,3,66,9.3,4.7,13.9,0.0,3.6,10.8,6.3,1010.7,1005.6,15.7,0.5,0
2016-03-07,2016,3,67,9.4,3.0,15.7,0.5,2.2,13.3,2.4,1009.0,1004.3,13.0,0.0,0
2016-03-08,2016,3,68,7.5,2.0,13.0,0.0,5.6,16.4,6.6,1018.6,1008.7,15.1,9.2,1
2016-03-09,2016,3,69,7.7,0.3,15.1,9.2,3.6,13.3,4.2,1018.0,1004.8,11.4,1.2,1
2016-03-10,2016,3,70,8.4,5.5,11.4,1.2,2.2,12.8,1.6,1013.4,1005.6,16.0,0.0,0
2016-03-11,2016,3,71,11.4,6.9,16.0,0.0,3.6,16.1,7.3,1020.2,1013.3,14.8,0.0,0
2016-03-12,2016,3,72,9.0,3.3,14.8,0.0,1.7,7.8,2.1,1021.3,1018.8,15.7,0.0,0
2016-03-13,2016,3,73,8.1,0.5,15.7,0.0,2.8,8.3,5.9,1020.9,1017.7,16.5,0.0,0
2016-03-14,2016,3,74,11.2,6.0,16.5,0.0,3.1,8.3,7.4,1020.1,1017.4,15.9,2.5,1
2016-03-15,2016,3,75,9.3,2.7,15.9,2.5,2.2,9.7,2.4,1020.1,1015.9,16.0,0.2,0
2016-03-16,2016,3,76,9.5,3.0,16.0,0.2,3.3,9.7,5.9,1017.5,1013.8,16.6,0.0,0
2016-03-17,2016,3,77,10.6,4.5,16.6,0.0,2.8,10.3,9.2,1019.7,1016.5,16.7,0.0,0
2016-03-18,2016,3,78,12.4,8.1,16.7,0.0,2.2,7.2,6.7,1019.4,1016.6,20.1,2.9,1
2016-03-19,2016,3,79,14.0,8.0,20.1,2.9,2.8,10.3,9.4,1017.9,1013.8,17.4,0.0,0
2016-03-20,2016,3,80,14.5,11.6,17.4,0.0,1.9,5.0,0.9,1014.8,1012.3,18.3,0.0,0
2016-03-21,2016,3,81,13.2,8.1,18.3,0.0,5.0,10.3,2.5,1013.0,1006.8,17.9,0.0,0
2016-03-22,2016,3,82,12.5,7.1,17.9,0.0,4.2,14.4,1.1,1006.8,1001.0,16.7,0.0,0
2016-03-23,2016,3,83,10.9,5.1,16.7,0.0,3.9,10.8,6.3,1008.0,1000.9,17.8,0.0,0
2016-03-24,2016,3,84,11.5,5.2,17.8,0.0,3.9,12.5,9.3,1019.7,1008.0,18.7,0.0,0
2016-03-25,2016,3,85,11.2,3.8,18.7,0.0,2.8,10.3,5.1,1021.4,1019.2,18.9,0.0,0
2016-03-26,2016,3,86,13.4,7.9,18.9,0.0,3.1,9.7,10.7,1021.9,1017.7,22.3,0.0,0
2016-03-27,2016,3,87,16.2,10.1,22.3,0.0,5.3,12.5,10.4,1018.0,1015.2,20.2,0.0,0
2016-03-28,2016,3,88,13.8,7.5,20.2,0.0,6.9,14.4,4.5,1017.7,1015.9,20.3,0.0,0
2016-03-29,2016,3,89,14.6,8.9,20.3,0.0,2.8,9.7,9.6,1018.1,1016.1,23.0,0.0,0
2016-03-30,2016,3,90,16.0,8.9,23.0,0.0,1.9,7.2,10.4,1017.3,1009.3,21.3,0.0,0
2016-03-31,2016,3,91,17.0,12.6,21.3,0.0,5.3,14.4,8.7,1011.6,1005.4,14.3,14.2,1
2016-04-01,2016,4,92,12.5,10.7,14.3,14.2,4.4,11.7,0.0,1012.8,1010.8,19.2,0.0,0
2016-04-02,2016,4,93,13.7,8.2,19.2,0.0,2.2,8.9,9.4,1015.3,1010.4,18.3,0.0,0
2016-04-03,2016,4,94,12.4,6.5,18.3,0.0,3.3,9.2,10.7,1015.4,1012.2,18.8,2.4,1
2016-04-04,2016,4,95,13.6,8.3,18.8,2.4,3.9,9.7,1.5,1013.3,1004.7,18.4,0.8,0
2016-04-05,2016,4,96,16.2,14.1,18.4,0.8,2.8,10.8,0.7,1010.2,1002.4,19.2,0.0,0
2016-04-06,2016,4,97,15.7,12.2,19.2,0.0,10.6,20.6,9.5,1013.0,1007.7,20.9,0.0,0
2016-04-07,2016,4,98,14.7,8.5,20.9,0.0,2.2,7.8,9.9,1013.7,1010.2,12.7,10.8,1
2016-04-08,2016,4,99,9.5,6.3,12.7,10.8,2.8,11.4,1.7,1013.3,1010.0,18.6,0.0,0
2016-04-09,2016,4,100,12.1,5.6,18.6,0.0,4.7,10.8,11.9,1012.6,1010.3,21.0,0.0,0
2016-04-10,2016,4,101,13.3,5.6,21.0,0.0,3.6,10.3,9.7,1012.1,1008.4,21.8,0.0,0
2016-04-11,2016,4,102,14.8,7.8,21.8,0.0,3.3,10.8,9.2,1014.1,1008.7,20.8,0.0,0
2016-04-12,2016,4,103,14.0,7.3,20.8,0.0,2.5,8.3,11.9,1013.8,1010.7,23.1,0.0,0
2016-04-13,2016,4,104,17.0,10.8,23.1,0.0,5.6,13.9,11.6,1016.2,1010.7,20.8,0.0,0
2016-04-14,2016,4,105,14.6,8.3,20.8,0.0,3.1,11.4,12.3,1016.3,1013.9,22.7,0.0,0
2016-04-15,2016,4,106,14.7,6.7,22.7,0.0,2.8,7.2,10.4,1014.3,1009.7,21.9,0.0,0
2016-04-16,2016,4,107,16.0,10.2,21.9,0.0,4.4,11.7,10.5,1012.3,1010.4,23.1,0.0,0
2016-04-17,2016,4,108,17.7,12.3,23.1,0.0,5.0,13.3,11.0,1017.2,1010.8,23.0,0.0,0
2016-04-18,2016,4,109,17.8,12.5,23.0,0.0,6.1,10.8,3.5,1020.5,1016.0,20.6,0.0,0
2016-04-19,2016,4,110,16.6,12.5,20.6,0.0,8.1,13.9,11.7,1020.3,1014.9,24.1,6.3,1
2016-04-20,2016,4,111,18.9,13.7,24.1,6.3,5.8,11.7,7.5,1018.5,1013.1,20.7,0.0,0
2016-04-21,2016,4,112,15.7,10.7,20.7,0.0,5.8,12.8,7.0,1021.4,1014.3,20.3,0.0,0
2016-04-22,2016,4,113,15.0,9.7,20.3,0.0,3.6,9.7,2.6,1021.3,1016.4,23.0,0.0,0
2016-04-23,2016,4,114,16.5,10.0,23.0,0.0,4.4,10.8,12.6,1016.9,1010.8,22.4,0.0,0
2016-04-24,2016,4,115,17.3,12.2,22.4,0.0,3.6,10.8,7.8,1015.9,1011.0,19.0,0.0,0
2016-04-25,2016,4,116,15.6,12.2,19.0,0.0,5.0,9.2,6.5,1018.2,1015.5,20.3,0.0,0
2016-04-26,2016,4,117,15.2,10.0,20.3,0.0,3.9,9.7,11.3,1015.5,1011.6,22.1,0.6,0
2016-04-27,2016,4,118,15.9,9.7,22.1,0.6,3.1,10.8,9.8,1012.6,1010.0,19.8,0.3,0
2016-04-28,2016,4,119,15.4,10.9,19.8,0.3,4.7,12.8,0.5,1017.4,1009.6,20.8,0.0,0
2016-04-29,2016,4,120,15.0,9.3,20.8,0.0,3.6,9.7,8.1,1018.9,1016.9,20.5,1.1,1
2016-04-30,2016,4,121,14.9,9.3,20.5,1.1,2.8,10.8,3.7,1022.0,1015.8,17.7,2.0,1
2016-05-01,2016,5,122,12.2,6.7,17.7,2.0,4.4,12.8,8.2,1022.4,1019.7,21.5,0.0,0
2016-05-02,2016,5,123,13.0,4.6,21.5,0.0,4.7,11.4,13.0,1022.0,1018.5,21.3,0.0,0
2016-05-03,2016,5,124,13.0,4.6,21.3,0.0,3.9,10.3,13.1,1022.8,1020.5,23.6,0.0,0
2016-05-04,2016,5,125,15.2,6.8,23.6,0.0,3.9,10.8,12.5,1021.7,1017.5,25.0,0.3,0
2016-05-05,2016,5,126,15.8,6.6,25.0,0.3,3.3,11.4,7.2,1017.5,1012.9,21.0,18.1,1
2016-05-06,2016,5,127,17.4,13.8,21.0,18.1,5.0,9.2,0.1,1013.4,1009.8,17.9,0.6,0
2016-05-07,2016,5,128,16.0,14.0,17.9,0.6,4.2,9.7,0.0,1010.1,1006.6,20.8,0.0,0
2016-05-08,2016,5,129,16.2,11.5,20.8,0.0,3.1,9.7,2.6,1007.3,1004.3,24.1,0.0,0
2016-05-09,2016,5,130,19.9,15.7,24.1,0.0,3.6,8.9,0.1,1011.3,1003.0,25.2,0.0,0
2016-05-10,2016,5,131,18.8,12.4,25.2,0.0,3.3,9.2,2.9,1011.2,1004.3,21.2,0.0,0
2016-05-11,2016,5,132,17.0,12.8,21.2,0.0,6.9,12.5,9.0,1006.5,1004.6,21.7,0.0,0
2016-05-12,2016,5,133,16.6,11.6,21.7,0.0,5.8,15.3,10.9,1007.4,1004.6,22.3,4.3,1
2016-05-13,2016,5,134,17.9,13.5,22.3,4.3,6.9,12.5,9.0,1010.9,1005.8,23.7,0.0,0
2016-05-14,2016,5,135,17.9,12.1,23.7,0.0,4.7,13.3,12.8,1016.3,1009.8,24.1,0.0,0
2016-05-15,2016,5,136,17.7,11.3,24.1,0.0,4.4,10.8,8.6,1020.2,1015.7,23.4,0.0,0
2016-05-16,2016,5,137,17.1,10.8,23.4,0.0,4.2,10.8,12.3,1021.8,1019.8,23.3,0.0,0
2016-05-17,2016,5,138,17.7,12.1,23.3,0.0,4.4,10.8,10.4,1020.5,1017.0,22.7,0.0,0
2016-05-18,2016,5,139,17.1,11.5,22.7,0.0,3.9,9.7,11.4,1017.2,1014.7,25.9,0.0,0
2016-05-19,2016,5,140,18.8,11.7,25.9,0.0,5.0,11.7,12.6,1020.8,1014.4,23.0,0.0,0
2016-05-20,2016,5,141,17.6,12.3,23.0,0.0,5.3,11.7,10.9,1022.0,1020.3,23.9,0.0,0
2016-05-21,2016,5,142,17.6,11.3,23.9,0.0,3.9,11.4,12.8,1021.1,1016.6,24.8,0.0,0
2016-05-22,2016,5,143,17.6,10.3,24.8,0.0,3.6,13.3,12.5,1019.9,1012.3,21.9,0.0,0
2016-05-23,2016,5,144,16.9,11.9,21.9,0.0,4.2,10.3,9.5,1023.4,1019.7,22.7,0.0,0
2016-05-24,2016,5,145,17.0,11.3,22.7,0.0,3.6,10.8,10.2,1020.0,1011.1,24.5,0.0,0
2016-05-25,2016,5,146,19.1,13.7,24.5,0.0,3.1,8.9,10.0,1012.1,1010.3,24.4,0.0,0
2016-05-26,2016,5,147,19.8,15.2,24.4,0.0,4.4,11.7,11.7,1012.0,1009.2,25.4,0.0,0
2016-05-27,2016,5,148,21.2,17.1,25.4,0.0,3.9,10.3,11.0,1014.6,1011.2,24.9,0.0,0
2016-05-28,2016,5,149,20.8,16.7,24.9,0.0,3.9,10.8,5.4,1014.1,1008.9,26.0,0.0,0
2016-05-29,2016,5,150,22.2,18.5,26.0,0.0,6.4,14.4,13.3,1016.2,1009.3,28.1,0.0,0
2016-05-30,2016,5,151,20.6,13.0,28.1,0.0,5.0,11.4,12.7,1016.6,1014.0,27.0,0.0,0
2016-05-31,2016,5,152,19.6,12.1,27.0,0.0,3.3,9.7,11.5,1019.2,1016.4,26.0,0.0,0
2016-06-01,2016,6,153,19.2,12.3,26.0,0.0,5.3,12.5,13.5,1018.8,1015.7,24.1,0.0,0
2016-06-02,2016,6,154,17.4,10.8,24.1,0.0,4.4,10.8,13.1,1017.1,1012.7,29.3,0.0,0
2016-06-03,2016,6,155,21.2,13.0,29.3,0.0,3.9,10.8,11.7,1012.7,1010.4,27.4,0.0,0
2016-06-04,2016,6,156,19.6,11.8,27.4,0.0,2.8,11.4,9.2,1014.4,1010.8,28.6,0.0,0
2016-06-05,2016,6,157,21.5,14.4,28.6,0.0,4.7,11.4,13.1,1017.9,1013.9,26.7,0.0,0
2016-06-06,2016,6,158,20.4,14.0,26.7,0.0,3.9,9.7,13.2,1019.9,1016.8,28.8,0.0,0
2016-06-07,2016,6,159,22.1,15.4,28.8,0.0,3.3,10.3,13.1,1022.0,1019.3,29.1,0.0,0
2016-06-08,2016,6,160,22.8,16.6,29.1,0.0,4.4,8.9,13.4,1021.6,1016.3,31.6,0.0,0
2016-06-09,2016,6,161,23.6,15.5,31.6,0.0,3.9,8.9,13.1,1016.8,1011.3,30.1,0.0,0
2016-06-10,2016,6,162,23.3,16.5,30.1,0.0,3.6,10.3,10.8,1011.9,1009.1,29.5,0.0,0
2016-06-11,2016,6,163,23.8,18.2,29.5,0.0,5.0,10.3,7.4,1014.6,1010.2,27.1,0.0,0
2016-06-12,2016,6,164,23.2,19.3,27.1,0.0,4.7,11.4,5.3,1015.5,1012.6,33.1,0.0,0
2016-06-13,2016,6,165,26.0,18.8,33.1,0.0,4.7,12.5,12.5,1013.2,1006.9,29.2,0.0,0
2016-06-14,2016,6,166,24.9,20.6,29.2,0.0,4.7,9.7,10.1,1008.8,1005.3,29.9,0.0,0
2016-06-15,2016,6,167,25.0,20.1,29.9,0.0,6.9,11.7,10.3,1005.3,1000.7,26.6,0.0,0
2016-06-16,2016,6,168,23.9,21.2,26.6,0.0,6.7,12.8,6.3,1012.1,1001.0,29.1,0.0,0
2016-06-17,2016,6,169,22.4,15.7,29.1,0.0,3.9,11.4,13.8,1018.5,1011.6,26.3,0.0,0
2016-06-18,2016,6,170,19.8,13.3,26.3,0.0,3.6,10.8,6.0,1024.3,1017.4,27.9,0.0,0
2016-06-19,2016,6,171,19.5,11.1,27.9,0.0,4.7,11.4,10.9,1024.2,1020.8,26.4,0.0,0
2016-06-20,2016,6,172,19.2,12.1,26.4,0.0,5.8,11.7,10.5,1023.6,1021.4,26.7,0.0,0
2016-06-21,2016,6,173,19.8,13.0,26.7,0.0,3.9,11.4,13.6,1023.5,1021.5,28.6,0.0,0
2016-06-22,2016,6,174,21.9,15.2,28.6,0.0,3.9,9.7,13.7,1022.0,1019.9,30.1,0.0,0
2016-06-23,2016,6,175,22.8,15.6,30.1,0.0,4.2,10.3,13.8,1021.5,1019.7,30.2,0.0,0
2016-06-24,2016,6,176,22.5,14.8,30.2,0.0,3.6,9.2,13.1,1020.4,1015.4,32.9,0.0,0
2016-06-25,2016,6,177,24.4,15.8,32.9,0.0,3.9,9.7,12.6,1016.2,1013.8,29.5,0.0,0
2016-06-26,2016,6,178,24.6,19.8,29.5,0.0,8.1,15.0,5.1,1020.4,1015.6,30.4,0.0,0
2016-06-27,2016,6,179,24.3,18.2,30.4,0.0,6.4,11.4,13.0,1021.2,1019.1,31.9,3.0,1
2016-06-28,2016,6,180,24.2,16.6,31.9,3.0,3.9,10.3,11.4,1020.3,1014.9,30.5,2.3,1
2016-06-29,2016,6,181,25.2,20.0,30.5,2.3,2.8,7.8,3.9,1017.8,1013.1,30.4,0.0,0
2016-06-30,2016,6,182,24.3,18.2,30.4,0.0,4.2,12.5,11.4,1017.7,1014.3,31.6,0.0,0
2016-07-01,2016,7,183,25.0,18.3,31.6,0.0,3.9,10.3,12.6,1017.9,1016.4,34.3,0.0,0
2016-07-02,2016,7,184,25.9,17.5,34.3,0.0,3.6,9.7,12.8,1019.9,1016.7,31.8,0.0,0
2016-07-03,2016,7,185,26.7,21.6,31.8,0.0,5.8,12.8,12.8,1021.0,1017.1,32.5,0.0,0
2016-07-04,2016,7,186,26.0,19.5,32.5,0.0,7.2,13.9,12.5,1018.2,1013.8,35.0,0.0,0
2016-07-05,2016,7,187,27.8,20.7,35.0,0.0,3.6,9.7,11.9,1017.8,1012.9,34.3,0.0,0
2016-07-06,2016,7,188,26.6,19.0,34.3,0.0,6.4,11.7,13.1,1019.0,1017.1,32.9,0.0,0
2016-07-07,2016,7,189,26.0,19.2,32.9,0.0,4.7,10.8,11.9,1020.5,1017.1,32.3,0.0,0
2016-07-08,2016,7,190,26.8,21.3,32.3,0.0,2.8,11.7,7.1,1020.0,1016.2,35.0,0.0,0
2016-07-09,2016,7,191,28.7,22.4,35.0,0.0,6.4,16.1,12.5,1019.3,1015.7,35.1,0.0,0
2016-07-10,2016,7,192,27.5,19.9,35.1,0.0,4.7,11.4,13.5,1015.7,1014.0,32.5,0.0,0
2016-07-11,2016,7,193,25.4,18.4,32.5,0.0,4.7,11.4,13.2,1014.8,1012.7,31.4,0.0,0
2016-07-12,2016,7,194,25.5,19.6,31.4,0.0,3.1,13.3,12.9,1014.9,1011.8,28.3,0.0,0
2016-07-13,2016,7,195,23.7,19.1,28.3,0.0,8.1,14.4,7.1,1021.7,1014.7,26.0,0.0,0
2016-07-14,2016,7,196,22.0,17.9,26.0,0.0,2.5,8.3,1.2,1022.1,1018.9,28.0,0.0,0
2016-07-15,2016,7,197,22.1,16.2,28.0,0.0,4.2,11.4,10.6,1022.8,1020.8,29.2,0.0,0
2016-07-16,2016,7,198,21.9,14.6,29.2,0.0,4.4,10.8,13.3,1022.1,1019.3,30.4,0.0,0
2016-07-17,2016,7,199,23.1,15.8,30.4,0.0,4.4,10.8,13.5,1020.8,1018.4,31.8,0.0,0
2016-07-18,2016,7,200,24.2,16.6,31.8,0.0,4.7,11.4,13.6,1020.7,1018.4,31.9,0.0,0
2016-07-19,2016,7,201,23.2,14.4,31.9,0.0,4.4,10.8,11.8,1020.2,1017.6,31.7,0.0,0
2016-07-20,2016,7,202,24.6,17.4,31.7,0.0,3.6,9.2,10.5,1018.4,1014.9,39.3,0.0,0
2016-07-21,2016,7,203,29.4,19.6,39.3,0.0,3.9,10.8,11.2,1016.4,1010.9,32.7,0.0,0
2016-07-22,2016,7,204,26.6,20.5,32.7,0.0,4.2,15.0,10.8,1015.0,1009.1,33.2,0.0,0
2016-07-23,2016,7,205,26.8,20.4,33.2,0.0,5.0,11.7,10.9,1019.1,1014.2,34.6,0.0,0
2016-07-24,2016,7,206,26.4,18.1,34.6,0.0,5.0,11.4,12.8,1018.6,1016.2,33.5,0.0,0
2016-07-25,2016,7,207,25.9,18.3,33.5,0.0,3.9,10.8,13.1,1019.4,1017.7,31.8,0.0,0
2016-07-26,2016,7,208,25.2,18.7,31.8,0.0,3.9,10.3,12.9,1019.6,1017.5,33.6,0.0,0
2016-07-27,2016,7,209,25.7,17.8,33.6,0.0,3.9,9.2,11.5,1018.7,1016.3,32.9,0.0,0
2016-07-28,2016,7,210,26.6,20.2,32.9,0.0,3.9,10.8,12.6,1018.6,1016.4,33.1,0.0,0
2016-07-29,2016,7,211,26.4,19.6,33.1,0.0,4.4,10.8,12.2,1017.3,1014.9,33.1,0.0,0
2016-07-30,2016,7,212,25.9,18.7,33.1,0.0,3.9,10.3,12.2,1016.3,1013.5,33.2,0.0,0
2016-07-31,2016,7,213,28.1,23.0,33.2,0.0,3.6,12.8,9.5,1016.3,1012.1,32.6,0.0,0
2016-08-01,2016,8,214,27.2,21.8,32.6,0.0,5.6,12.5,12.4,1019.9,1016.3,30.6,0.0,0
2016-08-02,2016,8,215,25.0,19.3,30.6,0.0,4.2,9.7,12.7,1020.4,1018.1,32.1,0.0,0
2016-08-03,2016,8,216,25.6,19.1,32.1,0.0,3.9,10.8,12.5,1018.7,1014.2,37.3,0.0,0
2016-08-04,2016,8,217,27.7,18.1,37.3,0.0,3.3,9.2,11.6,1014.9,1011.0,29.8,0.0,0
2016-08-05,2016,8,218,25.7,21.6,29.8,0.0,10.3,18.6,10.8,1021.8,1012.3,30.3,0.0,0
2016-08-06,2016,8,219,24.3,18.3,30.3,0.0,4.4,12.8,10.0,1023.9,1021.4,32.1,0.0,0
2016-08-07,2016,8,220,24.8,17.6,32.1,0.0,5.3,15.0,10.7,1023.5,1020.9,33.8,0.0,0
2016-08-08,2016,8,221,24.8,15.8,33.8,0.0,4.2,14.4,13.0,1022.2,1019.3,31.8,0.0,0
2016-08-09,2016,8,222,24.3,16.8,31.8,0.0,4.4,12.5,12.5,1019.3,1015.4,28.5,0.0,0
2016-08-10,2016,8,223,24.4,20.2,28.5,0.0,5.6,12.8,2.4,1020.4,1016.9,29.5,0.0,0
2016-08-11,2016,8,224,22.8,16.1,29.5,0.0,2.8,10.3,8.7,1023.9,1019.8,30.8,0.0,0
2016-08-12,2016,8,225,22.8,14.9,30.8,0.0,2.5,12.5,10.1,1024.8,1023.1,29.0,0.0,0
2016-08-13,2016,8,226,22.2,15.5,29.0,0.0,3.3,10.8,12.6,1023.1,1021.5,32.9,0.0,0
2016-08-14,2016,8,227,24.4,15.8,32.9,0.0,3.9,10.8,12.8,1021.7,1019.2,30.4,0.0,0
2016-08-15,2016,8,228,23.6,16.7,30.4,0.0,4.2,11.4,12.1,1020.3,1016.9,27.8,0.1,0
2016-08-16,2016,8,229,23.6,19.3,27.8,0.1,2.2,8.9,0.1,1018.4,1014.5,29.5,0.0,0
2016-08-17,2016,8,230,23.4,17.4,29.5,0.0,3.3,9.7,10.6,1014.8,1011.6,31.3,0.0,0
2016-08-18,2016,8,231,26.4,21.5,31.3,0.0,3.3,9.2,11.5,1012.3,1010.1,31.3,0.0,0
2016-08-19,2016,8,232,25.3,19.3,31.3,0.0,3.1,9.7,11.4,1012.4,1010.0,31.3,0.0,0
2016-08-20,2016,8,233,26.0,20.6,31.3,0.0,4.2,12.8,12.0,1017.4,1011.0,30.9,0.0,0
2016-08-21,2016,8,234,25.8,20.8,30.9,0.0,6.1,15.3,9.7,1023.1,1017.4,32.4,0.0,0
2016-08-22,2016,8,235,24.8,17.1,32.4,0.0,4.2,11.4,11.6,1023.5,1020.6,33.1,0.0,0
2016-08-23,2016,8,236,25.2,17.2,33.1,0.0,4.4,10.3,12.5,1022.2,1019.9,33.6,0.0,0
2016-08-24,2016,8,237,24.5,15.4,33.6,0.0,4.2,11.7,12.6,1020.6,1016.6,31.1,0.0,0
2016-08-25,2016,8,238,23.6,16.1,31.1,0.0,3.6,9.7,12.5,1016.8,1015.2,32.2,0.0,0
2016-08-26,2016,8,239,24.3,16.4,32.2,0.0,3.6,10.8,12.3,1018.3,1016.1,30.8,0.0,0
2016-08-27,2016,8,240,23.9,17.0,30.8,0.0,4.4,10.3,12.0,1019.8,1017.7,30.3,1.0,1
2016-08-28,2016,8,241,24.6,18.8,30.3,1.0,3.6,9.2,10.9,1020.1,1017.8,33.1,0.0,0
2016-08-29,2016,8,242,26.7,20.3,33.1,0.0,3.3,9.7,10.2,1018.5,1016.0,31.8,0.0,0
2016-08-30,2016,8,243,26.7,21.6,31.8,0.0,4.7,11.7,9.4,1019.0,1016.7,30.1,0.0,0
2016-08-31,2016,8,244,24.2,18.4,30.1,0.0,3.3,10.8,7.7,1020.6,1017.7,32.4,0.0,0
2016-09-01,2016,9,245,25.2,18.1,32.4,0.0,3.9,10.8,11.7,1022.0,1019.9,31.9,0.0,0
2016-09-02,2016,9,246,25.0,18.1,31.9,0.0,3.3,8.9,11.8,1022.1,1019.2,31.5,0.0,0
2016-09-03,2016,9,247,23.8,16.0,31.5,0.0,3.6,10.3,11.7,1020.9,1018.7,31.2,0.0,0
2016-09-04,2016,9,248,24.2,17.1,31.2,0.0,2.8,9.2,11.0,1020.2,1018.3,33.2,0.0,0
2016-09-05,2016,9,249,26.0,18.8,33.2,0.0,2.2,8.3,10.3,1018.6,1016.6,35.0,0.0,0
2016-09-06,2016,9,250,27.1,19.2,35.0,0.0,3.9,10.8,11.8,1018.5,1014.8,34.0,0.0,0
2016-09-07,2016,9,251,26.8,19.7,34.0,0.0,4.7,10.8,11.2,1015.7,1014.4,29.4,0.0,0
2016-09-08,2016,9,252,24.2,19.0,29.4,0.0,3.1,8.9,5.1,1016.3,1014.0,30.0,0.0,0
2016-09-09,2016,9,253,24.4,18.8,30.0,0.0,3.6,10.6,10.3,1016.4,1014.1,31.6,1.7,1
2016-09-10,2016,9,254,25.2,18.9,31.6,1.7,2.8,9.2,5.2,1016.3,1014.5,30.9,0.0,0
2016-09-11,2016,9,255,24.6,18.2,30.9,0.0,4.4,10.8,11.3,1017.2,1015.5,30.9,0.0,0
2016-09-12,2016,9,256,24.4,17.8,30.9,0.0,4.2,9.7,11.2,1017.0,1014.5,32.7,0.0,0
2016-09-13,2016,9,257,25.2,17.8,32.7,0.0,4.4,11.7,9.5,1015.3,1010.4,28.8,0.0,0
2016-09-14,2016,9,258,24.8,20.8,28.8,0.0,5.8,13.3,7.1,1013.5,1008.6,28.2,0.0,0
2016-09-15,2016,9,259,20.6,12.9,28.2,0.0,2.2,8.3,8.1,1015.2,1012.9,29.0,0.0,0
2016-09-16,2016,9,260,21.6,14.1,29.0,0.0,1.9,14.4,8.5,1020.5,1014.1,28.2,0.8,0
2016-09-17,2016,9,261,21.2,14.2,28.2,0.8,2.2,9.7,6.6,1020.2,1016.5,24.3,0.0,0
2016-09-18,2016,9,262,19.0,13.7,24.3,0.0,2.5,8.3,2.9,1018.5,1015.9,29.1,0.0,0
2016-09-19,2016,9,263,20.5,11.9,29.1,0.0,3.9,10.8,11.2,1018.3,1015.4,25.7,5.9,1
2016-09-20,2016,9,264,20.6,15.6,25.7,5.9,0.6,12.5,0.6,1016.1,1014.2,27.9,0.0,0
2016-09-21,2016,9,265,22.0,16.1,27.9,0.0,3.3,9.2,10.6,1017.2,1014.3,29.4,0.0,0
2016-09-22,2016,9,266,23.4,17.4,29.4,0.0,2.8,8.9,9.3,1021.1,1016.7,29.2,2.1,1
2016-09-23,2016,9,267,23.6,17.9,29.2,2.1,2.8,11.7,3.9,1023.7,1020.5,26.8,17.3,1
2016-09-24,2016,9,268,22.3,17.8,26.8,17.3,2.2,11.4,1.1,1022.8,1020.2,26.9,0.0,0
2016-09-25,2016,9,269,21.4,15.8,26.9,0.0,2.8,7.8,9.7,1021.3,1018.1,27.5,0.0,0
2016-09-26,2016,9,270,21.6,15.7,27.5,0.0,2.2,8.9,6.5,1021.6,1018.8,27.5,1.2,1
2016-09-27,2016,9,271,21.9,16.3,27.5,1.2,2.2,7.8,3.7,1024.9,1021.2,28.5,0.0,0
2016-09-28,2016,9,272,21.8,15.2,28.5,0.0,4.4,13.9,7.9,1028.1,1023.4,28.1,0.0,0
2016-09-29,2016,9,273,21.4,14.8,28.1,0.0,1.7,9.7,5.8,1027.9,1021.5,27.3,23.6,1
2016-09-30,2016,9,274,21.6,16.0,27.3,23.6,2.2,12.5,7.3,1021.5,1015.1,26.9,0.0,0
2016-10-01,2016,10,275,22.0,17.1,26.9,0.0,3.6,9.7,5.3,1015.1,1012.5,27.3,0.0,0
2016-10-02,2016,10,276,21.8,16.4,27.3,0.0,2.5,7.8,8.7,1019.2,1014.0,29.4,0.0,0
2016-10-03,2016,10,277,22.5,15.6,29.4,0.0,2.5,10.3,10.2,1021.3,1019.0,27.8,0.0,0
2016-10-04,2016,10,278,22.0,16.3,27.8,0.0,2.5,8.9,10.4,1021.2,1018.4,27.6,0.0,0
2016-10-05,2016,10,279,22.4,17.2,27.6,0.0,2.8,8.3,10.2,1019.7,1014.4,23.1,27.3,1
2016-10-06,2016,10,280,19.5,15.9,23.1,27.3,6.9,15.0,1.0,1014.5,1009.3,26.7,0.0,0
2016-10-07,2016,10,281,21.4,16.2,26.7,0.0,3.3,8.9,9.2,1015.8,1012.8,26.7,0.0,0
2016-10-08,2016,10,282,22.2,17.7,26.7,0.0,3.9,9.2,9.4,1017.5,1015.2,23.6,1.7,1
2016-10-09,2016,10,283,20.4,17.1,23.6,1.7,4.4,9.7,1.0,1019.6,1016.9,22.3,2.8,1
2016-10-10,2016,10,284,18.8,15.3,22.3,2.8,3.3,9.7,2.0,1018.5,1015.3,24.3,4.1,1
2016-10-11,2016,10,285,18.8,13.3,24.3,4.1,2.5,11.7,5.6,1015.4,1010.1,25.0,0.7,0
2016-10-12,2016,10,286,19.2,13.3,25.0,0.7,3.9,11.7,5.0,1012.3,1004.4,25.3,6.3,1
2016-10-13,2016,10,287,20.8,16.2,25.3,6.3,5.3,13.9,1.8,1004.4,1000.1,23.9,0.2,0
2016-10-14,2016,10,288,18.8,13.8,23.9,0.2,3.3,12.5,6.7,1011.1,1000.0,25.4,0.0,0
2016-10-15,2016,10,289,19.4,13.5,25.4,0.0,2.5,8.3,10.5,1018.2,1011.1,27.3,0.0,0
2016-10-16,2016,10,290,20.0,12.7,27.3,0.0,2.2,6.7,9.5,1020.9,1017.8,28.5,0.2,0
2016-10-17,2016,10,291,22.3,16.1,28.5,0.2,2.2,8.3,8.0,1021.2,1019.3,24.5,0.1,0
2016-10-18,2016,10,292,19.3,14.1,24.5,0.1,4.2,11.7,3.4,1024.3,1020.7,23.9,46.1,1
2016-10-19,2016,10,293,18.2,12.6,23.9,46.1,1.7,5.8,0.5,1024.0,1016.7,19.6,10.7,1
2016-10-20,2016,10,294,18.1,16.6,19.6,10.7,2.5,7.8,0.3,1016.7,1012.7,20.2,7.3,1
2016-10-21,2016,10,295,17.5,14.8,20.2,7.3,5.0,11.7,5.0,1015.2,1012.5,24.4,0.1,0
2016-10-22,2016,10,296,20.2,16.1,24.4,0.1,1.9,8.9,2.0,1013.8,1008.4,25.0,0.0,0
2016-10-23,2016,10,297,20.3,15.6,25.0,0.0,1.7,8.9,8.3,1010.6,1007.9,28.8,0.0,0
2016-10-24,2016,10,298,21.6,14.5,28.8,0.0,0.6,5.8,8.8,1014.8,1009.1,26.8,0.0,0
2016-10-25,2016,10,299,23.0,19.3,26.8,0.0,1.1,7.2,0.0,1019.2,1013.7,24.6,0.0,0
2016-10-26,2016,10,300,21.0,17.4,24.6,0.0,3.6,7.2,0.0,1023.9,1018.6,23.8,0.0,0
2016-10-27,2016,10,301,18.8,13.7,23.8,0.0,4.7,11.7,9.2,1028.3,1023.6,23.6,0.0,0
2016-10-28,2016,10,302,17.2,10.8,23.6,0.0,1.7,9.7,9.7,1030.6,1027.8,23.8,0.0,0
2016-10-29,2016,10,303,16.8,9.9,23.8,0.0,1.7,7.2,9.4,1029.0,1023.4,22.5,0.0,0
2016-10-30,2016,10,304,15.4,8.2,22.5,0.0,2.8,6.7,8.8,1023.4,1020.3,23.6,0.0,0
2016-10-31,2016,10,305,16.8,10.1,23.6,0.0,1.4,6.1,6.8,1024.1,1021.1,25.1,0.0,0
2016-11-01,2016,11,306,18.7,12.3,25.1,0.0,1.7,5.8,7.4,1023.8,1021.2,23.5,0.0,0
2016-11-02,2016,11,307,17.2,10.8,23.5,0.0,3.3,9.2,9.1,1021.5,1017.6,24.2,0.0,0
2016-11-03,2016,11,308,17.9,11.6,24.2,0.0,1.9,6.1,7.9,1018.6,1015.7,24.4,0.2,0
2016-11-04,2016,11,309,18.0,11.7,24.4,0.2,0.8,5.0,2.4,1018.6,1013.0,23.9,0.0,0
2016-11-05,2016,11,310,20.0,16.2,23.9,0.0,5.6,15.3,0.9,1013.5,1004.3,20.8,0.0,0
2016-11-06,2016,11,311,14.2,7.5,20.8,0.0,3.1,12.8,7.3,1009.9,1003.4,18.0,0.0,0
2016-11-07,2016,11,312,12.2,6.5,18.0,0.0,2.5,8.9,3.8,1010.9,1007.4,16.7,1.3,1
2016-11-08,2016,11,313,12.2,7.7,16.7,1.3,3.9,12.5,5.0,1017.9,1009.8,21.1,0.0,0
2016-11-09,2016,11,314,17.2,13.4,21.1,0.0,5.3,13.3,4.0,1018.9,1014.1,19.5,0.0,0
2016-11-10,2016,11,315,14.0,8.4,19.5,0.0,2.5,12.8,9.0,1022.0,1018.1,21.0,0.0,0
2016-11-11,2016,11,316,14.2,7.5,21.0,0.0,2.8,11.4,8.3,1021.8,1018.6,20.5,0.0,0
2016-11-12,2016,11,317,14.5,8.5,20.5,0.0,0.6,7.2,5.9,1022.1,1020.0,19.9,9.6,1
2016-11-13,2016,11,318,13.7,7.5,19.9,9.6,1.1,6.7,0.6,1022.2,1020.6,14.7,10.4,1
2016-11-14,2016,11,319,13.2,11.6,14.7,10.4,5.6,14.4,0.1,1023.5,1019.8,16.6,0.0,0
2016-11-15,2016,11,320,15.1,13.6,16.6,0.0,8.6,18.1,3.3,1025.5,1023.3,17.7,0.0,0
2016-11-16,2016,11,321,15.4,13.2,17.7,0.0,6.9,16.1,7.7,1024.1,1019.6,18.8,0.0,0
2016-11-17,2016,11,322,14.2,9.7,18.8,0.0,3.3,10.3,8.1,1019.6,1017.2,19.7,0.0,0
2016-11-18,2016,11,323,13.7,7.7,19.7,0.0,2.2,7.2,7.8,1017.3,1013.1,21.5,0.0,0
2016-11-19,2016,11,324,15.6,9.6,21.5,0.0,2.5,8.9,5.8,1015.0,1012.8,19.7,1.4,1
2016-11-20,2016,11,325,14.4,9.1,19.7,1.4,3.6,10.8,0.5,1013.6,1009.6,20.6,0.1,0
2016-11-21,2016,11,326,19.1,17.6,20.6,0.1,6.9,12.8,0.2,1009.6,1006.8,23.1,0.0,0
2016-11-22,2016,11,327,18.8,14.5,23.1,0.0,2.5,9.7,7.9,1007.5,1004.5,23.6,16.0,1
2016-11-23,2016,11,328,18.4,13.2,23.6,16.0,6.7,19.7,1.6,1006.0,1001.1,16.0,5.8,1
2016-11-24,2016,11,329,11.9,7.8,16.0,5.8,1.1,14.4,1.0,1012.1,1005.8,17.2,2.9,1
2016-11-25,2016,11,330,11.2,5.1,17.2,2.9,1.1,6.7,5.3,1013.9,1010.8,20.4,0.0,0
2016-11-26,2016,11,331,14.8,9.3,20.4,0.0,2.8,8.9,2.4,1013.2,1009.5,20.7,0.0,0
2016-11-27,2016,11,332,16.2,11.8,20.7,0.0,3.6,8.9,3.3,1010.3,1007.5,17.9,5.1,1
2016-11-28,2016,11,333,13.6,9.3,17.9,5.1,2.2,8.9,3.1,1015.1,1007.6,18.8,0.0,0
2016-11-29,2016,11,334,13.4,8.1,18.8,0.0,2.2,7.8,7.5,1027.3,1015.1,17.4,0.0,0
2016-11-30,2016,11,335,12.2,7.0,17.4,0.0,2.5,9.2,7.9,1031.2,1027.3,18.3,0.0,0
2016-12-01,2016,12,336,11.4,4.5,18.3,0.0,1.1,5.8,3.3,1029.9,1023.2,17.9,0.0,0
2016-12-02,2016,12,337,11.6,5.4,17.9,0.0,1.1,5.0,1.8,1023.2,1015.5,19.5,0.0,0
2016-12-03,2016,12,338,11.8,4.1,19.5,0.0,1.4,5.3,7.9,1015.8,1014.0,19.1,16.3,1
2016-12-04,2016,12,339,13.8,8.5,19.1,16.3,3.9,10.3,1.0,1015.9,1013.3,18.8,0.0,0
2016-12-05,2016,12,340,15.5,12.2,18.8,0.0,2.5,8.3,0.8,1019.8,1014.0,18.8,0.0,0
2016-12-06,2016,12,341,14.3,9.8,18.8,0.0,3.6,13.9,3.0,1027.2,1019.6,18.6,0.0,0
2016-12-07,2016,12,342,13.4,8.3,18.6,0.0,4.7,10.8,7.3,1031.1,1026.8,19.0,0.0,0
2016-12-08,2016,12,343,14.4,9.7,19.0,0.0,3.1,10.8,5.0,1033.9,1030.8,21.1,0.0,0
2016-12-09,2016,12,344,15.2,9.2,21.1,0.0,0.8,6.1,6.6,1033.2,1030.8,20.0,0.0,0
2016-12-10,2016,12,345,13.6,7.1,20.0,0.0,1.9,5.0,7.4,1030.8,1027.1,19.3,0.0,0
2016-12-11,2016,12,346,13.0,6.7,19.3,0.0,1.7,5.0,6.2,1027.1,1022.6,18.9,0.0,0
2016-12-12,2016,12,347,12.0,5.0,18.9,0.0,1.7,7.2,7.8,1023.7,1021.2,18.6,0.0,0
2016-12-13,2016,12,348,10.8,3.0,18.6,0.0,0.8,4.7,8.2,1025.7,1023.3,18.2,0.8,0
2016-12-14,2016,12,349,10.9,3.6,18.2,0.8,0.3,4.7,4.0,1024.7,1020.9,18.0,0.0,0
2016-12-15,2016,12,350,12.2,6.4,18.0,0.0,1.9,5.8,5.8,1022.4,1020.2,17.3,15.7,1
2016-12-16,2016,12,351,11.9,6.5,17.3,15.7,2.8,10.8,0.2,1023.3,1018.4,17.0,0.0,0
2016-12-17,2016,12,352,14.2,11.4,17.0,0.0,6.4,14.4,2.8,1031.1,1023.0,15.9,103.4,1
2016-12-18,2016,12,353,11.7,7.5,15.9,103.4,6.1,13.3,0.6,1030.2,1017.8,13.5,12.2,1
2016-12-19,2016,12,354,11.2,9.0,13.5,12.2,3.9,15.0,0.0,1017.8,1006.6,14.7,0.6,0
2016-12-20,2016,12,355,11.0,7.2,14.7,0.6,3.1,12.8,0.0,1017.9,1005.5,14.7,1.4,1
2016-12-21,2016,12,356,12.6,10.6,14.7,1.4,3.1,12.5,0.2,1024.2,1017.9,17.5,0.0,0
2016-12-22,2016,12,357,13.1,8.7,17.5,0.0,4.7,12.8,0.7,1033.5,1024.0,18.1,0.0,0
2016-12-23,2016,12,358,11.8,5.6,18.1,0.0,1.7,6.7,7.5,1035.5,1033.3,18.1,0.0,0
2016-12-24,2016,12,359,11.2,4.2,18.1,0.0,1.1,5.8,7.0,1036.7,1034.3,18.8,0.0,0
2016-12-25,2016,12,360,11.8,4.9,18.8,0.0,1.9,10.3,7.3,1034.9,1029.1,20.5,0.0,0
2016-12-26,2016,12,361,12.5,4.5,20.5,0.0,0.8,4.2,7.9,1031.0,1029.1,18.3,0.0,0
2016-12-27,2016,12,362,11.3,4.3,18.3,0.0,,9.2,7.8,1033.1,1030.5,18.4,0.0,0
2016-12-28,2016,12,363,12.2,6.1,18.4,0.0,2.2,6.7,6.3,1035.4,1032.8,18.5,0.0,0
2016-12-29,2016,12,364,10.6,2.7,18.5,0.0,1.1,4.7,8.0,1034.1,1030.6,15.9,0.0,0
2016-12-30,2016,12,365,9.1,2.3,15.9,0.0,0.8,3.6,7.1,1035.0,1032.4,15.9,0.0,0
2016-12-31,2016,12,366,9.6,3.3,15.9,0.0,0.6,4.7,4.6,1033.1,1029.7,15.8,0.0,0
2017-01-01,2017,1,1,8.2,0.6,15.8,0.0,1.7,7.8,6.8,1029.7,1022.8,16.8,0.0,0
2017-01-02,2017,1,2,11.9,7.0,16.8,0.0,1.7,8.9,3.4,1023.4,1020.7,17.0,0.0,0
2017-01-03,2017,1,3,10.8,4.6,17.0,0.0,2.5,7.2,6.4,1024.0,1020.5,16.2,0.0,0
2017-01-04,2017,1,4,9.0,1.8,16.2,0.0,2.2,10.8,7.8,1023.8,1020.2,14.2,0.0,0
2017-01-05,2017,1,5,7.6,1.1,14.2,0.0,4.4,11.4,5.4,1026.3,1019.3,12.1,0.0,0
2017-01-06,2017,1,6,6.4,0.7,12.1,0.0,3.1,10.8,4.9,1029.8,1026.1,14.8,0.0,0
2017-01-07,2017,1,7,7.6,0.5,14.8,0.0,1.1,4.7,7.0,1030.5,1028.1,16.8,0.0,0
2017-01-08,2017,1,8,8.1,-0.6,16.8,0.0,1.4,6.1,8.4,1029.0,1023.1,13.6,0.0,0
2017-01-09,2017,1,9,7.6,1.7,13.6,0.0,2.2,8.9,4.2,1026.5,1019.7,15.4,0.5,0
2017-01-10,2017,1,10,8.6,1.9,15.4,0.5,1.9,11.4,0.3,1020.4,1008.7,13.8,0.0,0
2017-01-11,2017,1,11,7.8,1.7,13.8,0.0,5.6,18.9,5.7,1026.0,1011.2,17.0,0.0,0
2017-01-12,2017,1,12,9.2,1.5,17.0,0.0,5.8,12.8,8.0,1025.7,1016.1,16.1,0.9,0
2017-01-13,2017,1,13,11.8,7.6,16.1,0.9,6.1,18.1,6.4,1019.9,1013.4,13.2,0.0,0
2017-01-14,2017,1,14,7.6,2.0,13.2,0.0,1.7,11.4,4.7,1021.7,1019.4,13.5,0.2,0
2017-01-15,2017,1,15,7.5,1.5,13.5,0.2,3.9,11.7,3.5,1021.7,1018.2,14.4,1.8,1
2017-01-16,2017,1,16,7.2,0.0,14.4,1.8,3.9,12.8,7.1,1020.8,1012.8,7.2,2.0,1
2017-01-17,2017,1,17,4.2,1.2,7.2,2.0,4.2,13.9,4.1,1017.4,1012.9,10.9,2.5,1
2017-01-18,2017,1,18,7.0,3.1,10.9,2.5,4.7,12.5,2.8,1019.0,1016.8,10.2,16.3,1
2017-01-19,2017,1,19,9.2,8.1,10.2,16.3,6.1,13.3,0.0,1018.2,1016.5,11.8,36.7,1
2017-01-20,2017,1,20,9.9,8.0,11.8,36.7,4.4,12.8,0.0,1018.0,1013.2,12.2,50.6,1
2017-01-21,2017,1,21,8.6,5.1,12.2,50.6,9.7,25.8,0.1,1013.3,1005.5,14.0,6.7,1
2017-01-22,2017,1,22,11.1,8.2,14.0,6.7,4.2,18.6,2.3,1012.5,1006.2,14.8,5.8,1
2017-01-23,2017,1,23,10.8,6.9,14.8,5.8,4.4,12.5,3.1,1015.2,1011.8,13.4,0.0,0
2017-01-24,2017,1,24,7.8,2.3,13.4,0.0,3.3,9.7,1.2,1021.5,1014.8,15.4,2.3,1
2017-01-25,2017,1,25,8.3,1.2,15.4,2.3,4.2,10.8,5.1,1020.9,1016.6,15.0,0.0,0
2017-01-26,2017,1,26,9.5,4.0,15.0,0.0,1.9,6.7,7.0,1018.9,1016.9,15.7,22.6,1
2017-01-27,2017,1,27,12.3,8.9,15.7,22.6,2.8,14.4,0.2,1017.3,1009.5,16.5,0.8,0
2017-01-28,2017,1,28,12.6,8.7,16.5,0.8,2.2,11.4,6.3,1023.0,1009.1,15.4,0.0,0
2017-01-29,2017,1,29,10.1,4.8,15.4,0.0,1.9,7.8,6.5,1026.3,1022.8,16.1,0.0,0
2017-01-30,2017,1,30,9.8,3.6,16.1,0.0,2.8,7.8,0.4,1024.8,1020.1,17.6,0.0,0
2017-01-31,2017,1,31,12.6,7.6,17.6,0.0,1.1,7.2,8.3,1020.1,1017.8,19.4,0.0,0
2017-02-01,2017,2,32,12.5,5.6,19.4,0.0,1.9,6.1,6.9,1018.6,1016.2,17.2,0.0,0
2017-02-02,2017,2,33,12.2,7.3,17.2,0.0,3.9,10.8,4.5,1018.0,1014.3,16.6,0.0,0
2017-02-03,2017,2,34,13.8,11.1,16.6,0.0,5.3,12.5,0.7,1018.4,1015.2,18.3,0.0,0
2017-02-04,2017,2,35,16.0,13.8,18.3,0.0,7.8,15.3,3.5,1016.7,1013.0,19.2,0.1,0
2017-02-05,2017,2,36,15.6,12.1,19.2,0.1,6.1,25.3,5.1,1016.6,1007.7,16.4,0.0,0
2017-02-06,2017,2,37,13.8,11.1,16.4,0.0,5.3,21.7,7.2,1017.8,1016.3,20.6,2.9,1
2017-02-07,2017,2,38,16.6,12.5,20.6,2.9,3.3,12.8,8.0,1019.4,1015.9,13.4,7.0,1
2017-02-08,2017,2,39,9.2,4.9,13.4,7.0,5.8,18.1,3.4,1019.1,1014.1,14.7,0.0,0
2017-02-09,2017,2,40,8.4,2.1,14.7,0.0,2.5,9.7,6.4,1019.5,1017.5,15.7,0.0,0
2017-02-10,2017,2,41,9.4,3.1,15.7,0.0,1.7,6.1,5.5,1017.8,1015.1,16.5,0.0,0
2017-02-11,2017,2,42,11.2,5.8,16.5,0.0,3.6,11.4,1.1,1015.6,1011.0,19.2,0.0,0
2017-02-12,2017,2,43,13.4,7.5,19.2,0.0,4.7,12.8,3.5,1012.0,1009.5,17.6,3.2,1
2017-02-13,2017,2,44,14.3,11.0,17.6,3.2,3.1,10.8,0.0,1016.9,1009.6,17.6,0.0,0
2017-02-14,2017,2,45,12.9,8.2,17.6,0.0,1.9,7.2,9.5,1027.8,1016.9,18.0,1.2,1
2017-02-15,2017,2,46,11.9,5.8,18.0,1.2,0.8,8.9,4.2,1032.7,1027.8,17.1,0.0,0
2017-02-16,2017,2,47,12.2,7.4,17.1,0.0,1.7,9.2,2.3,1032.6,1029.9,17.6,0.0,0
2017-02-17,2017,2,48,10.6,3.7,17.6,0.0,1.9,6.7,9.2,1031.0,1024.8,15.7,0.0,0
2017-02-18,2017,2,49,9.7,3.7,15.7,0.0,1.9,8.3,9.8,1024.8,1020.4,17.4,0.0,0
2017-02-19,2017,2,50,12.0,6.6,17.4,0.0,2.8,7.2,5.6,1025.6,1022.1,17.6,0.0,0
2017-02-20,2017,2,51,10.5,3.4,17.6,0.0,1.4,8.3,9.0,1026.8,1023.8,17.5,0.0,0
2017-02-21,2017,2,52,9.7,1.9,17.5,0.0,1.9,7.2,10.3,1025.4,1022.1,19.5,0.0,0
2017-02-22,2017,2,53,11.2,3.0,19.5,0.0,1.9,5.8,7.8,1023.6,1019.9,21.4,2.8,1
2017-02-23,2017,2,54,15.2,9.1,21.4,2.8,0.8,6.7,0.7,1020.0,1012.4,15.9,1.2,1
2017-02-24,2017,2,55,13.0,10.1,15.9,1.2,4.2,10.8,0.1,1016.7,1010.0,15.6,0.0,0
2017-02-25,2017,2,56,10.0,4.3,15.6,0.0,2.8,8.3,3.6,1022.0,1016.3,16.1,0.0,0
2017-02-26,2017,2,57,9.2,2.2,16.1,0.0,3.6,9.2,9.4,1022.9,1019.1,17.0,0.0,0
2017-02-27,2017,2,58,15.0,12.9,17.0,0.0,5.8,11.4,3.3,1019.1,1012.5,18.1,0.0,0
2017-02-28,2017,2,59,12.7,7.3,18.1,0.0,5.8,18.1,8.3,1016.0,1010.4,18.0,0.0,0
2017-03-01,2017,3,60,12.0,6.1,18.0,0.0,3.3,10.3,10.3,1021.4,1015.8,17.5,0.0,0
2017-03-02,2017,3,61,10.5,3.5,17.5,0.0,2.2,7.8,10.1,1020.7,1017.8,19.3,1.8,1
2017-03-03,2017,3,62,14.4,9.6,19.3,1.8,2.8,24.7,5.7,1018.3,1000.8,14.2,0.0,0
2017-03-04,2017,3,63,10.8,7.4,14.2,0.0,10.6,24.7,5.7,1012.7,1001.5,16.5,0.0,0
2017-03-05,2017,3,64,9.8,3.2,16.5,0.0,4.7,12.8,9.3,1020.0,1012.7,22.3,0.0,0
2017-03-06,2017,3,65,14.7,7.1,22.3,0.0,3.1,16.9,7.3,1019.5,1015.9,19.8,0.0,0
2017-03-07,2017,3,66,15.5,11.2,19.8,0.0,3.9,18.1,9.5,1021.9,1018.5,18.4,0.0,0
2017-03-08,2017,3,67,13.0,7.7,18.4,0.0,3.3,9.7,9.0,1027.0,1021.1,24.3,0.0,0
2017-03-09,2017,3,68,15.4,6.5,24.3,0.0,2.8,8.9,10.6,1026.3,1021.6,23.7,0.0,0
2017-03-10,2017,3,69,15.0,6.2,23.7,0.0,3.3,9.7,10.9,1021.6,1018.4,21.8,0.0,0
2017-03-11,2017,3,70,13.0,4.3,21.8,0.0,2.2,7.8,10.5,1019.7,1015.8,20.2,0.0,0
2017-03-12,2017,3,71,13.5,6.8,20.2,0.0,3.9,11.4,7.9,1015.9,1012.9,17.8,0.0,0
2017-03-13,2017,3,72,15.0,12.2,17.8,0.0,9.7,18.1,2.9,1024.5,1012.9,19.5,0.0,0
2017-03-14,2017,3,73,14.8,10.1,19.5,0.0,8.1,18.1,10.8,1026.8,1023.2,20.1,0.0,0
2017-03-15,2017,3,74,12.8,5.6,20.1,0.0,4.4,11.4,11.0,1026.8,1023.5,20.8,0.0,0
2017-03-16,2017,3,75,11.6,2.4,20.8,0.0,2.8,9.2,11.2,1025.2,1022.5,19.1,0.0,0
2017-03-17,2017,3,76,10.5,1.9,19.1,0.0,2.8,9.2,11.3,1024.1,1021.7,18.0,0.0,0
2017-03-18,2017,3,77,9.8,1.7,18.0,0.0,3.1,7.8,11.3,1022.7,1018.8,19.4,0.0,0
2017-03-19,2017,3,78,10.8,2.3,19.4,0.0,2.5,8.3,10.6,1020.5,1015.3,20.9,0.0,0
2017-03-20,2017,3,79,14.5,8.1,20.9,0.0,1.9,7.8,9.8,1015.3,1012.9,19.8,0.0,0
2017-03-21,2017,3,80,12.3,4.8,19.8,0.0,3.1,8.9,10.0,1014.8,1012.5,19.6,0.0,0
2017-03-22,2017,3,81,13.8,8.0,19.6,0.0,4.4,11.7,8.3,1014.3,1010.6,17.7,1.2,1
2017-03-23,2017,3,82,14.2,10.8,17.7,1.2,4.4,11.4,8.3,1014.2,1008.5,11.6,35.4,1
2017-03-24,2017,3,83,10.1,8.6,11.6,35.4,2.5,9.7,0.0,1014.8,1008.9,16.9,0.0,0
2017-03-25,2017,3,84,12.4,8.0,16.9,0.0,8.1,13.3,10.9,1019.7,1012.5,21.6,0.0,0
2017-03-26,2017,3,85,13.2,4.8,21.6,0.0,3.1,9.2,11.5,1019.5,1016.0,20.1,0.0,0
2017-03-27,2017,3,86,14.4,8.7,20.1,0.0,2.5,12.8,4.5,1023.0,1015.4,20.5,0.0,0
2017-03-28,2017,3,87,13.3,6.1,20.5,0.0,3.1,7.8,11.1,1027.4,1022.0,21.6,0.0,0
2017-03-29,2017,3,88,13.4,5.1,21.6,0.0,3.1,7.8,11.8,1027.2,1024.4,20.8,0.0,0
2017-03-30,2017,3,89,13.2,5.5,20.8,0.0,1.9,6.7,10.3,1026.9,1024.3,20.5,0.0,0
2017-03-31,2017,3,90,13.3,6.1,20.5,0.0,3.3,9.7,6.9,1024.5,1016.2,19.3,0.0,0
2017-04-01,2017,4,91,13.6,7.8,19.3,0.0,3.1,17.5,11.0,1018.5,1013.3,20.5,0.3,0
2017-04-02,2017,4,92,14.0,7.6,20.5,0.3,2.8,12.8,11.5,1020.0,1015.0,20.9,0.0,0
2017-04-03,2017,4,93,13.6,6.3,20.9,0.0,1.7,8.9,5.5,1022.3,1019.5,21.0,0.0,0
2017-04-04,2017,4,94,13.0,4.9,21.0,0.0,2.8,8.3,11.9,1022.3,1020.7,21.4,0.5,0
2017-04-05,2017,4,95,13.5,5.6,21.4,0.5,3.6,8.3,7.8,1020.7,1017.9,20.9,0.0,0
2017-04-06,2017,4,96,14.6,8.4,20.9,0.0,3.3,12.5,8.3,1019.0,1016.0,20.6,0.0,0
2017-04-07,2017,4,97,14.5,8.4,20.6,0.0,4.7,13.3,11.5,1021.0,1017.3,22.0,0.0,0
2017-04-08,2017,4,98,14.0,6.0,22.0,0.0,3.9,9.7,8.9,1023.7,1020.6,20.0,0.0,0
2017-04-09,2017,4,99,13.0,6.1,20.0,0.0,3.3,9.2,12.1,1025.8,1022.7,21.7,0.0,0
2017-04-10,2017,4,100,13.6,5.5,21.7,0.0,2.8,9.2,12.1,1025.5,1022.6,23.2,0.0,0
2017-04-11,2017,4,101,14.2,5.2,23.2,0.0,3.9,10.8,12.2,1022.7,1020.0,20.9,0.0,0
2017-04-12,2017,4,102,14.2,7.6,20.9,0.0,3.3,9.2,11.7,1021.6,1018.8,21.2,0.0,0
2017-04-13,2017,4,103,14.8,8.4,21.2,0.0,2.8,8.3,11.5,1019.0,1014.9,22.6,0.0,0
2017-04-14,2017,4,104,17.2,11.7,22.6,0.0,2.8,8.3,10.3,1017.3,1014.8,22.6,0.5,0
2017-04-15,2017,4,105,17.0,11.4,22.6,0.5,3.6,11.4,9.5,1021.3,1016.0,21.1,0.0,0
2017-04-16,2017,4,106,15.6,10.0,21.1,0.0,5.3,11.4,11.1,1023.3,1019.8,21.9,0.0,0
2017-04-17,2017,4,107,15.2,8.4,21.9,0.0,3.6,9.2,11.3,1020.4,1016.4,24.1,0.0,0
2017-04-18,2017,4,108,16.4,8.7,24.1,0.0,4.2,9.7,11.0,1018.2,1014.6,18.1,0.0,0
2017-04-19,2017,4,109,12.6,7.1,18.1,0.0,10.0,17.5,11.5,1022.7,1017.9,17.9,0.0,0
2017-04-20,2017,4,110,11.8,5.6,17.9,0.0,7.5,15.0,8.8,1027.1,1022.2,20.0,0.0,0
2017-04-21,2017,4,111,11.7,3.4,20.0,0.0,3.9,11.4,12.5,1029.1,1026.1,19.7,0.0,0
2017-04-22,2017,4,112,11.7,3.7,19.7,0.0,3.3,10.8,9.5,1028.9,1021.0,22.5,0.0,0
2017-04-23,2017,4,113,13.6,4.7,22.5,0.0,3.3,10.8,11.5,1021.0,1017.5,23.7,0.0,0
2017-04-24,2017,4,114,15.0,6.3,23.7,0.0,3.9,10.3,12.5,1018.3,1014.7,22.6,0.0,0
2017-04-25,2017,4,115,14.4,6.1,22.6,0.0,3.3,10.3,10.3,1015.1,1007.0,22.0,0.1,0
2017-04-26,2017,4,116,17.3,12.6,22.0,0.1,4.4,13.3,6.3,1011.0,1005.6,14.4,4.1,1
2017-04-27,2017,4,117,12.1,9.8,14.4,4.1,8.1,18.1,0.0,1016.8,1008.3,16.9,0.0,0
2017-04-28,2017,4,118,11.3,5.7,16.9,0.0,4.4,12.5,5.6,1018.4,1016.0,18.6,0.0,0
2017-04-29,2017,4,119,10.6,2.7,18.6,0.0,3.6,10.8,8.0,1017.6,1014.4,20.2,0.0,0
2017-04-30,2017,4,120,13.6,7.0,20.2,0.0,4.4,11.4,1.6,1015.1,1010.9,20.3,0.0,0
2017-05-01,2017,5,121,14.0,7.7,20.3,0.0,5.3,11.7,10.5,1021.7,1012.2,20.3,0.0,0
2017-05-02,2017,5,122,12.6,5.0,20.3,0.0,3.6,9.2,11.9,1021.5,1018.7,21.4,0.0,0
2017-05-03,2017,5,123,15.2,9.0,21.4,0.0,3.9,10.3,11.0,1019.4,1015.3,24.9,0.0,0
2017-05-04,2017,5,124,16.8,8.7,24.9,0.0,3.6,9.2,11.7,1016.6,1011.3,28.9,0.0,0
2017-05-05,2017,5,125,21.9,14.9,28.9,0.0,5.0,12.5,6.5,1012.4,1008.0,25.7,0.0,0
2017-05-06,2017,5,126,18.4,11.0,25.7,0.0,3.9,13.3,12.0,1019.9,1007.9,23.8,0.0,0
2017-05-07,2017,5,127,16.8,9.7,23.8,0.0,3.9,10.8,13.2,1020.5,1017.1,23.4,0.0,0
2017-05-08,2017,5,128,16.8,10.3,23.4,0.0,3.6,11.7,12.6,1019.1,1014.9,26.5,0.0,0
2017-05-09,2017,5,129,17.8,9.2,26.5,0.0,3.9,9.7,12.5,1014.9,1007.0,24.1,0.0,0
2017-05-10,2017,5,130,19.0,13.9,24.1,0.0,3.9,10.8,9.8,1008.5,1002.2,24.1,0.0,0
2017-05-11,2017,5,131,20.0,15.8,24.1,0.0,6.4,11.4,6.0,1005.3,1000.2,24.0,0.0,0
2017-05-12,2017,5,132,19.6,15.3,24.0,0.0,7.8,13.9,6.3,1013.3,1004.5,26.3,0.0,0
2017-05-13,2017,5,133,20.0,13.6,26.3,0.0,5.0,10.8,13.3,1020.4,1012.4,24.9,0.0,0
2017-05-14,2017,5,134,18.6,12.4,24.9,0.0,3.6,9.2,11.1,1025.5,1019.7,25.1,0.0,0
2017-05-15,2017,5,135,20.0,15.0,25.1,0.0,3.6,10.3,11.8,1026.9,1025.2,28.0,0.0,0
2017-05-16,2017,5,136,20.5,13.0,28.0,0.0,3.6,9.7,12.2,1026.0,1022.8,28.8,0.0,0
2017-05-17,2017,5,137,20.7,12.6,28.8,0.0,3.3,11.4,10.9,1022.8,1015.6,26.7,0.0,0
2017-05-18,2017,5,138,19.2,11.8,26.7,0.0,4.7,11.7,12.2,1015.6,1010.8,25.1,0.0,0
2017-05-19,2017,5,139,19.3,13.5,25.1,0.0,5.0,11.4,13.1,1021.7,1015.1,23.7,0.0,0
2017-05-20,2017,5,140,17.6,11.6,23.7,0.0,4.4,10.8,11.0,1024.4,1021.2,23.9,0.0,0
2017-05-21,2017,5,141,17.4,10.8,23.9,0.0,3.6,9.2,10.2,1024.1,1017.6,27.7,0.0,0
2017-05-22,2017,5,142,21.2,14.8,27.7,0.0,3.6,9.7,10.2,1018.6,1015.0,27.9,0.0,0
2017-05-23,2017,5,143,21.3,14.7,27.9,0.0,6.1,10.8,13.2,1020.5,1016.5,27.5,0.0,0
2017-05-24,2017,5,144,19.8,12.1,27.5,0.0,4.2,10.8,13.3,1020.2,1017.6,29.1,0.0,0
2017-05-25,2017,5,145,21.6,14.0,29.1,0.0,3.3,9.7,13.4,1017.6,1013.3,29.2,0.0,0
2017-05-26,2017,5,146,20.8,12.4,29.2,0.0,3.9,10.8,12.5,1015.2,1013.4,31.2,0.0,0
2017-05-27,2017,5,147,24.2,17.1,31.2,0.0,5.6,9.7,13.1,1019.0,1014.8,30.8,0.0,0
2017-05-28,2017,5,148,23.3,15.8,30.8,0.0,5.0,9.7,12.4,1018.8,1016.3,29.5,0.0,0
2017-05-29,2017,5,149,21.8,14.0,29.5,0.0,4.4,11.4,11.4,1016.6,1013.2,24.7,3.6,1
2017-05-30,2017,5,150,21.3,17.9,24.7,3.6,3.3,10.3,2.0,1017.3,1013.0,26.6,0.0,0
2017-05-31,2017,5,151,21.7,16.8,26.6,0.0,3.6,9.2,8.8,1019.5,1016.9,27.5,0.0,0
2017-06-01,2017,6,152,22.0,16.6,27.5,0.0,3.9,10.3,11.2,1019.7,1018.1,29.9,0.0,0
2017-06-02,2017,6,153,23.0,16.0,29.9,0.0,4.4,11.4,12.9,1018.6,1016.2,30.7,0.0,0
2017-06-03,2017,6,154,23.2,15.6,30.7,0.0,5.6,12.5,12.0,1016.9,1013.9,28.5,21.4,1
2017-06-04,2017,6,155,22.6,16.7,28.5,21.4,6.7,13.9,6.5,1016.5,1010.2,23.8,29.3,1
2017-06-05,2017,6,156,19.2,14.7,23.8,29.3,4.2,12.8,4.2,1014.3,1008.3,25.3,0.0,0
2017-06-06,2017,6,157,19.0,12.7,25.3,0.0,3.6,12.5,12.1,1018.1,1012.5,26.8,0.0,0
2017-06-07,2017,6,158,21.7,16.6,26.8,0.0,5.8,10.8,11.8,1021.5,1018.1,26.7,0.0,0
2017-06-08,2017,6,159,20.6,14.6,26.7,0.0,3.6,10.8,13.5,1019.7,1015.2,29.2,0.0,0
2017-06-09,2017,6,160,22.0,14.8,29.2,0.0,4.7,9.2,8.9,1017.7,1014.1,27.0,0.0,0
2017-06-10,2017,6,161,21.0,15.1,27.0,0.0,3.1,8.9,13.4,1018.6,1017.1,31.8,0.0,0
2017-06-11,2017,6,162,24.0,16.3,31.8,0.0,3.9,10.3,13.6,1017.6,1015.7,30.3,0.0,0
2017-06-12,2017,6,163,24.0,17.6,30.3,0.0,3.3,8.9,13.8,1017.1,1014.5,35.4,0.0,0
2017-06-13,2017,6,164,25.8,16.3,35.4,0.0,3.3,8.9,13.7,1014.6,1012.8,34.1,0.0,0
2017-06-14,2017,6,165,26.8,19.6,34.1,0.0,4.2,9.7,13.1,1014.5,1012.4,33.3,0.0,0
2017-06-15,2017,6,166,25.7,18.1,33.3,0.0,4.2,9.2,12.9,1018.1,1013.8,33.5,0.0,0
2017-06-16,2017,6,167,26.6,19.8,33.5,0.0,5.0,12.5,12.4,1019.1,1017.1,32.4,0.0,0
2017-06-17,2017,6,168,26.0,19.6,32.4,0.0,4.4,12.5,13.2,1018.5,1013.6,34.2,0.0,0
2017-06-18,2017,6,169,26.5,18.8,34.2,0.0,4.2,12.8,13.7,1017.6,1013.9,34.3,0.0,0
2017-06-19,2017,6,170,27.3,20.3,34.3,0.0,4.7,10.8,13.2,1019.9,1017.4,32.3,0.0,0
2017-06-20,2017,6,171,25.6,18.8,32.3,0.0,5.6,11.4,13.7,1019.7,1016.2,30.1,0.0,0
2017-06-21,2017,6,172,23.5,16.9,30.1,0.0,4.2,10.8,13.5,1017.7,1015.4,30.4,0.0,0
2017-06-22,2017,6,173,24.0,17.6,30.4,0.0,3.3,9.7,12.7,1020.1,1017.1,30.1,0.0,0
2017-06-23,2017,6,174,24.4,18.6,30.1,0.0,3.3,9.7,12.8,1021.0,1019.2,30.3,0.0,0
2017-06-24,2017,6,175,24.3,18.3,30.3,0.0,2.8,8.9,12.1,1019.6,1016.0,35.2,0.0,0
2017-06-25,2017,6,176,26.8,18.3,35.2,0.0,3.1,8.3,12.2,1016.7,1012.5,35.9,0.0,0
2017-06-26,2017,6,177,28.9,21.9,35.9,0.0,4.7,11.7,12.0,1012.6,1007.1,31.0,0.0,0
2017-06-27,2017,6,178,25.6,20.2,31.0,0.0,3.6,10.8,7.3,1010.1,1003.9,31.6,0.0,0
2017-06-28,2017,6,179,26.2,20.8,31.6,0.0,7.8,18.1,12.9,1006.3,1004.0,30.5,0.0,0
2017-06-29,2017,6,180,24.9,19.3,30.5,0.0,5.3,11.7,12.6,1010.4,1005.2,29.0,0.5,0
2017-06-30,2017,6,181,22.7,16.4,29.0,0.5,3.6,11.4,8.0,1017.0,1009.6,27.0,0.0,0
2017-07-01,2017,7,182,21.6,16.1,27.0,0.0,4.2,9.7,10.8,1021.8,1016.4,29.3,0.0,0
2017-07-02,2017,7,183,22.4,15.5,29.3,0.0,3.9,9.7,8.9,1022.6,1020.6,29.0,0.0,0
2017-07-03,2017,7,184,22.0,15.0,29.0,0.0,5.6,10.3,13.9,1022.8,1020.2,29.5,0.0,0
2017-07-04,2017,7,185,22.7,15.9,29.5,0.0,4.4,10.8,13.8,1020.3,1016.8,32.2,0.0,0
2017-07-05,2017,7,186,24.4,16.7,32.2,0.0,5.0,10.3,13.3,1017.4,1014.4,35.0,0.0,0
2017-07-06,2017,7,187,27.4,19.7,35.0,0.0,4.2,10.3,12.4,1016.9,1015.1,40.1,0.0,0
2017-07-07,2017,7,188,30.9,21.7,40.1,0.0,4.4,9.2,10.6,1016.9,1013.8,30.6,0.0,0
2017-07-08,2017,7,189,26.8,23.0,30.6,0.0,5.0,10.3,10.6,1015.9,1012.6,30.8,0.0,0
2017-07-09,2017,7,190,25.8,20.7,30.8,0.0,5.3,11.4,13.0,1013.6,1011.5,33.5,0.0,0
2017-07-10,2017,7,191,27.0,20.4,33.5,0.0,4.4,10.8,13.2,1014.1,1011.8,32.7,0.0,0
2017-07-11,2017,7,192,26.2,19.8,32.7,0.0,5.3,9.2,13.1,1016.0,1012.7,34.9,0.0,0
2017-07-12,2017,7,193,27.4,20.0,34.9,0.0,3.3,10.3,13.1,1017.6,1015.4,34.0,0.0,0
2017-07-13,2017,7,194,28.9,23.8,34.0,0.0,6.1,10.8,12.7,1018.7,1015.2,32.7,0.0,0
2017-07-14,2017,7,195,27.6,22.6,32.7,0.0,5.3,9.7,11.9,1018.0,1015.8,32.8,0.0,0
2017-07-15,2017,7,196,27.0,21.3,32.8,0.0,5.0,11.4,12.1,1018.8,1016.5,34.2,0.0,0
2017-07-16,2017,7,197,26.7,19.2,34.2,0.0,3.1,10.3,13.3,1019.1,1017.5,34.2,0.0,0
2017-07-17,2017,7,198,26.9,19.6,34.2,0.0,4.7,10.8,12.1,1018.8,1016.5,34.7,0.0,0
2017-07-18,2017,7,199,27.4,20.1,34.7,0.0,4.4,10.3,10.2,1017.8,1014.4,35.4,0.0,0
2017-07-19,2017,7,200,27.8,20.2,35.4,0.0,4.4,12.5,9.9,1015.7,1010.8,33.5,0.0,0
2017-07-20,2017,7,201,28.6,23.7,33.5,0.0,4.7,9.7,10.0,1011.1,1008.2,31.3,0.0,0
2017-07-21,2017,7,202,27.6,24.0,31.3,0.0,5.0,10.3,11.0,1012.3,1009.5,31.1,0.0,0
2017-07-22,2017,7,203,27.0,22.8,31.1,0.0,4.2,10.8,11.5,1016.1,1011.5,31.5,0.0,0
2017-07-23,2017,7,204,25.8,20.1,31.5,0.0,2.8,10.3,2.5,1018.3,1014.6,34.4,0.0,0
2017-07-24,2017,7,205,28.0,21.7,34.4,0.0,3.9,12.5,12.6,1016.0,1013.1,29.9,0.8,0
2017-07-25,2017,7,206,25.6,21.4,29.9,0.8,3.9,8.9,3.1,1015.3,1013.0,29.6,0.0,0
2017-07-26,2017,7,207,24.9,20.2,29.6,0.0,4.4,10.8,9.8,1015.1,1012.6,30.5,0.0,0
2017-07-27,2017,7,208,24.4,18.4,30.5,0.0,3.9,11.4,13.2,1015.6,1013.4,34.5,0.0,0
2017-07-28,2017,7,209,27.4,20.2,34.5,0.0,3.9,9.7,12.2,1016.0,1014.2,35.6,0.0,0
2017-07-29,2017,7,210,27.4,19.2,35.6,0.0,3.9,10.3,12.6,1016.0,1013.6,35.8,0.0,0
2017-07-30,2017,7,211,27.2,18.6,35.8,0.0,1.9,8.9,12.6,1014.0,1010.1,34.3,0.0,0
2017-07-31,2017,7,212,28.0,21.7,34.3,0.0,4.2,9.7,10.3,1011.3,1007.4,38.2,0.0,0
2017-08-01,2017,8,213,32.0,25.9,38.2,0.0,6.1,12.8,3.8,1018.2,1008.5,38.5,0.4,0
2017-08-02,2017,8,214,33.0,27.4,38.5,0.4,1.7,10.8,6.7,1017.0,1014.7,39.9,0.0,0
2017-08-03,2017,8,215,33.2,26.6,39.9,0.0,3.3,10.8,10.4,1015.5,1012.3,35.6,0.0,0
2017-08-04,2017,8,216,29.9,24.2,35.6,0.0,3.1,9.2,12.3,1014.0,1012.1,37.0,0.0,0
2017-08-05,2017,8,217,30.0,23.0,37.0,0.0,4.7,10.3,12.6,1014.9,1012.9,34.3,0.0,0
2017-08-06,2017,8,218,28.8,23.4,34.3,0.0,7.8,15.0,12.1,1016.5,1013.8,34.3,0.0,0
2017-08-07,2017,8,219,28.0,21.6,34.3,0.0,4.2,10.6,12.3,1015.9,1011.5,34.6,0.0,0
2017-08-08,2017,8,220,29.6,24.6,34.6,0.0,5.6,14.4,9.4,1014.6,1009.0,30.9,7.7,1
2017-08-09,2017,8,221,26.8,22.8,30.9,7.7,5.8,14.4,6.8,1017.2,1013.2,27.2,0.2,0
2017-08-10,2017,8,222,22.4,17.7,27.2,0.2,3.3,16.4,3.9,1021.5,1015.6,28.5,0.0,0
2017-08-11,2017,8,223,22.5,16.5,28.5,0.0,4.2,9.2,10.4,1021.0,1018.9,28.9,0.0,0
2017-08-12,2017,8,224,23.6,18.4,28.9,0.0,3.9,10.3,11.6,1021.6,1019.3,29.9,0.0,0
2017-08-13,2017,8,225,23.8,17.7,29.9,0.0,3.9,10.8,12.5,1019.6,1016.9,34.1,0.0,0
2017-08-14,2017,8,226,25.8,17.5,34.1,0.0,3.3,9.7,11.4,1018.7,1015.7,36.1,0.0,0
2017-08-15,2017,8,227,28.8,21.6,36.1,0.0,4.4,9.7,10.3,1018.5,1015.3,35.1,0.0,0
2017-08-16,2017,8,228,29.2,23.4,35.1,0.0,5.3,11.4,10.7,1017.5,1016.0,34.5,0.0,0
2017-08-17,2017,8,229,28.2,21.8,34.5,0.0,5.0,10.8,11.9,1018.2,1016.9,31.9,0.0,0
2017-08-18,2017,8,230,26.0,20.2,31.9,0.0,3.3,9.2,12.0,1017.8,1014.2,31.6,0.0,0
2017-08-19,2017,8,231,26.5,21.4,31.6,0.0,8.3,15.0,10.0,1019.4,1015.4,31.1,0.0,0
2017-08-20,2017,8,232,25.8,20.6,31.1,0.0,4.7,11.4,11.6,1021.0,1018.8,31.7,0.0,0
2017-08-21,2017,8,233,24.9,18.1,31.7,0.0,4.4,10.8,12.5,1020.5,1017.1,31.0,0.0,0
2017-08-22,2017,8,234,24.2,17.5,31.0,0.0,3.9,10.3,12.5,1018.4,1015.7,31.2,0.0,0
2017-08-23,2017,8,235,24.7,18.2,31.2,0.0,3.6,10.3,12.4,1018.0,1016.0,35.3,0.0,0
2017-08-24,2017,8,236,26.5,17.7,35.3,0.0,3.3,9.7,12.3,1017.8,1015.6,33.4,0.0,0
2017-08-25,2017,8,237,26.2,19.1,33.4,0.0,3.6,11.4,10.6,1017.6,1015.4,32.3,0.0,0
2017-08-26,2017,8,238,26.8,21.2,32.3,0.0,3.9,9.2,11.0,1016.7,1013.9,33.7,0.0,0
2017-08-27,2017,8,239,27.9,22.1,33.7,0.0,4.4,11.7,7.7,1015.2,1013.2,32.1,0.0,0
2017-08-28,2017,8,240,27.6,23.2,32.1,0.0,3.9,11.4,2.9,1014.8,1012.7,33.6,0.0,0
2017-08-29,2017,8,241,27.6,21.5,33.6,0.0,3.3,11.4,3.5,1014.5,1012.9,32.2,0.6,0
2017-08-30,2017,8,242,27.4,22.7,32.2,0.6,3.9,13.3,3.5,1016.4,1013.5,32.3,0.0,0
2017-08-31,2017,8,243,26.6,21.0,32.3,0.0,5.8,14.4,3.8,1017.5,1012.5,29.1,0.0,0
2017-09-01,2017,9,244,24.4,19.7,29.1,0.0,6.7,12.5,9.4,1019.0,1016.0,29.6,0.0,0
2017-09-02,2017,9,245,24.2,18.7,29.6,0.0,4.7,10.3,11.0,1020.1,1017.6,28.7,0.0,0
2017-09-03,2017,9,246,21.8,14.9,28.7,0.0,3.9,10.3,7.5,1019.4,1013.3,31.6,0.0,0
2017-09-04,2017,9,247,25.4,19.1,31.6,0.0,3.1,10.3,7.9,1020.0,1012.4,30.2,0.0,0
2017-09-05,2017,9,248,24.4,18.5,30.2,0.0,3.6,10.8,11.8,1021.7,1019.7,30.8,0.0,0
2017-09-06,2017,9,249,24.4,18.0,30.8,0.0,3.6,11.4,6.4,1021.3,1018.7,28.5,43.3,1
2017-09-07,2017,9,250,24.1,19.7,28.5,43.3,1.7,9.2,1.9,1018.7,1015.1,28.5,0.0,0
2017-09-08,2017,9,251,23.2,18.0,28.5,0.0,4.2,10.8,10.4,1015.9,1009.8,29.3,9.8,1
2017-09-09,2017,9,252,23.4,17.5,29.3,9.8,8.6,16.9,3.9,1009.8,1002.2,24.2,1.5,1
2017-09-10,2017,9,253,19.8,15.3,24.2,1.5,1.4,12.8,7.7,1011.2,1004.9,30.0,0.0,0
2017-09-11,2017,9,254,24.4,18.7,30.0,0.0,6.4,13.9,11.6,1011.5,1009.5,27.6,0.0,0
2017-09-12,2017,9,255,22.8,18.0,27.6,0.0,4.2,10.3,6.5,1021.3,1010.4,27.9,0.0,0
2017-09-13,2017,9,256,22.0,16.2,27.9,0.0,3.6,9.7,11.1,1023.7,1019.5,27.8,0.0,0
2017-09-14,2017,9,257,22.4,16.9,27.8,0.0,3.9,13.3,9.7,1019.5,1014.0,23.0,42.1,1
2017-09-15,2017,9,258,19.0,15.1,23.0,42.1,8.9,16.9,0.5,1015.2,1009.3,20.4,2.2,1
2017-09-16,2017,9,259,17.0,13.5,20.4,2.2,1.4,9.7,1.4,1017.1,1010.9,24.6,0.0,0
2017-09-17,2017,9,260,18.1,11.6,24.6,0.0,2.8,9.2,11.1,1019.1,1016.0,28.0,0.0,0
2017-09-18,2017,9,261,22.3,16.6,28.0,0.0,6.1,12.8,9.4,1019.9,1013.4,25.7,0.0,0
2017-09-19,2017,9,262,20.2,14.8,25.7,0.0,2.2,8.9,10.2,1021.8,1019.0,25.4,0.0,0
2017-09-20,2017,9,263,19.4,13.3,25.4,0.0,3.1,10.3,4.3,1021.5,1018.6,26.6,0.0,0
2017-09-21,2017,9,264,21.0,15.5,26.6,0.0,2.8,9.7,8.5,1018.8,1016.6,28.3,0.0,0
2017-09-22,2017,9,265,22.0,15.6,28.3,0.0,1.7,8.3,8.8,1020.6,1018.1,28.5,0.0,0
2017-09-23,2017,9,266,22.4,16.2,28.5,0.0,0.6,9.7,8.9,1020.7,1018.3,26.2,0.0,0
2017-09-24,2017,9,267,20.2,14.1,26.2,0.0,3.6,9.7,10.8,1020.7,1018.7,27.1,0.0,0
2017-09-25,2017,9,268,21.0,14.9,27.1,0.0,3.3,10.3,9.2,1018.7,1015.8,26.4,0.0,0
2017-09-26,2017,9,269,21.6,16.7,26.4,0.0,5.3,11.7,8.2,1020.9,1017.3,27.1,0.0,0
2017-09-27,2017,9,270,20.4,13.6,27.1,0.0,2.5,8.9,10.8,1023.5,1020.4,28.4,0.0,0
2017-09-28,2017,9,271,21.4,14.4,28.4,0.0,3.1,9.7,7.2,1024.5,1022.8,27.5,0.0,0
2017-09-29,2017,9,272,20.6,13.7,27.5,0.0,2.5,9.2,10.7,1023.2,1020.4,25.2,0.3,0
2017-09-30,2017,9,273,19.2,13.3,25.2,0.3,2.2,7.8,6.7,1020.9,1018.0,24.9,0.0,0
2017-10-01,2017,10,274,20.9,16.9,24.9,0.0,2.8,7.8,1.3,1022.1,1018.5,23.5,0.3,0
2017-10-02,2017,10,275,19.4,15.3,23.5,0.3,1.9,6.1,0.4,1022.9,1021.2,25.6,8.2,1
2017-10-03,2017,10,276,20.6,15.7,25.6,8.2,1.1,6.7,1.6,1022.9,1020.2,27.1,0.0,0
2017-10-04,2017,10,277,21.1,15.1,27.1,0.0,3.6,9.2,6.9,1024.5,1021.7,25.7,0.0,0
2017-10-05,2017,10,278,20.2,14.7,25.7,0.0,4.2,10.3,10.7,1023.9,1018.9,26.7,0.0,0
2017-10-06,2017,10,279,20.0,13.2,26.7,0.0,3.1,10.8,10.2,1019.6,1016.1,24.5,0.0,0
2017-10-07,2017,10,280,19.0,13.5,24.5,0.0,3.6,12.8,10.4,1022.2,1019.3,24.9,0.0,0
2017-10-08,2017,10,281,18.1,11.3,24.9,0.0,4.2,10.3,10.3,1021.7,1018.5,25.3,0.0,0
2017-10-09,2017,10,282,19.1,12.9,25.3,0.0,2.8,8.9,9.9,1020.5,1018.8,25.4,0.0,0
2017-10-10,2017,10,283,19.0,12.6,25.4,0.0,3.1,9.2,10.5,1022.3,1019.4,25.6,0.0,0
2017-10-11,2017,10,284,19.0,12.3,25.6,0.0,2.5,8.3,10.6,1024.7,1021.8,25.6,0.0,0
2017-10-12,2017,10,285,19.0,12.4,25.6,0.0,2.2,7.8,9.9,1027.0,1024.5,26.0,0.0,0
2017-10-13,2017,10,286,19.8,13.7,26.0,0.0,2.5,7.8,9.9,1027.0,1024.8,27.2,0.0,0
2017-10-14,2017,10,287,20.6,14.1,27.2,0.0,2.2,9.2,9.7,1027.4,1025.2,26.7,0.0,0
2017-10-15,2017,10,288,20.5,14.3,26.7,0.0,2.5,7.8,5.1,1028.2,1025.4,27.3,0.0,0
2017-10-16,2017,10,289,21.2,15.0,27.3,0.0,0.8,7.2,5.8,1026.8,1024.1,26.8,0.0,0
2017-10-17,2017,10,290,20.5,14.2,26.8,0.0,2.8,8.3,6.8,1024.4,1019.0,27.4,15.0,1
2017-10-18,2017,10,291,20.7,14.0,27.4,15.0,1.4,16.4,4.2,1019.1,1011.0,20.5,12.5,1
2017-10-19,2017,10,292,16.0,11.4,20.5,12.5,1.7,10.8,0.2,1012.2,1008.2,24.4,0.0,0
2017-10-20,2017,10,293,17.6,10.9,24.4,0.0,1.9,6.1,10.2,1020.3,1012.2,23.8,0.3,0
2017-10-21,2017,10,294,18.2,12.6,23.8,0.3,3.3,8.3,10.1,1022.3,1019.5,19.9,1.9,1
2017-10-22,2017,10,295,15.8,11.6,19.9,1.9,2.5,13.3,0.4,1024.9,1021.7,23.0,0.0,0
2017-10-23,2017,10,296,16.2,9.4,23.0,0.0,2.2,7.8,9.2,1025.0,1022.2,25.3,0.0,0
2017-10-24,2017,10,297,17.4,9.5,25.3,0.0,2.8,7.2,10.0,1024.4,1022.1,24.0,0.1,0
2017-10-25,2017,10,298,17.2,10.5,24.0,0.1,2.8,7.8,9.9,1026.2,1022.9,24.1,0.2,0
2017-10-26,2017,10,299,18.3,12.5,24.1,0.2,2.5,7.8,9.5,1027.4,1025.6,26.0,0.0,0
2017-10-27,2017,10,300,18.9,11.8,26.0,0.0,1.9,8.3,8.2,1026.8,1021.7,23.0,0.0,0
2017-10-28,2017,10,301,17.1,11.2,23.0,0.0,3.1,11.4,6.7,1024.4,1022.2,23.3,0.0,0
2017-10-29,2017,10,302,17.0,10.6,23.3,0.0,3.1,10.3,8.4,1022.2,1016.3,23.7,0.0,0
2017-10-30,2017,10,303,16.8,9.9,23.7,0.0,2.8,6.1,7.4,1019.2,1015.2,22.0,0.0,0
2017-10-31,2017,10,304,16.2,10.5,22.0,0.0,2.8,9.7,5.5,1022.4,1018.5,23.8,0.0,0
2017-11-01,2017,11,305,16.2,8.6,23.8,0.0,2.5,6.7,8.3,1023.3,1020.8,23.7,0.0,0
2017-11-02,2017,11,306,16.6,9.6,23.7,0.0,1.9,7.2,8.8,1021.9,1017.1,23.8,0.0,0
2017-11-03,2017,11,307,17.0,10.2,23.8,0.0,1.4,5.8,7.6,1017.1,1012.5,23.8,9.5,1
2017-11-04,2017,11,308,18.5,13.2,23.8,9.5,3.1,9.2,4.9,1013.1,1009.9,20.9,1.6,1
2017-11-05,2017,11,309,16.4,11.9,20.9,1.6,2.8,10.8,5.4,1017.2,1011.2,17.6,0.0,0
2017-11-06,2017,11,310,13.0,8.3,17.6,0.0,3.1,13.3,6.4,1017.3,1014.6,17.3,0.0,0
2017-11-07,2017,11,311,10.8,4.2,17.3,0.0,2.5,9.2,8.7,1018.7,1015.5,18.4,0.9,0
2017-11-08,2017,11,312,11.0,3.7,18.4,0.9,1.1,10.3,7.2,1019.8,1017.8,15.3,1.8,1
2017-11-09,2017,11,313,11.7,8.1,15.3,1.8,3.1,12.8,4.3,1024.0,1019.4,16.9,0.0,0
2017-11-10,2017,11,314,11.4,5.9,16.9,0.0,3.6,11.4,5.0,1024.3,1022.3,19.9,0.0,0
2017-11-11,2017,11,315,13.0,6.2,19.9,0.0,1.9,8.3,5.3,1023.5,1019.4,20.6,0.9,0
2017-11-12,2017,11,316,14.2,7.7,20.6,0.9,1.4,10.8,9.4,1019.4,1010.1,18.3,0.3,0
2017-11-13,2017,11,317,14.2,10.1,18.3,0.3,2.2,16.4,1.0,1014.3,1008.4,14.9,0.0,0
2017-11-14,2017,11,318,11.1,7.3,14.9,0.0,4.7,14.4,4.0,1019.9,1014.2,17.9,0.0,0
2017-11-15,2017,11,319,9.8,1.8,17.9,0.0,2.2,8.9,9.2,1019.7,1017.5,20.3,0.0,0
2017-11-16,2017,11,320,11.3,2.3,20.3,0.0,1.7,6.1,8.9,1020.8,1018.5,20.1,0.0,0
2017-11-17,2017,11,321,11.4,2.7,20.1,0.0,1.7,6.7,9.2,1020.5,1017.7,21.1,0.0,0
2017-11-18,2017,11,322,12.5,3.9,21.1,0.0,2.5,7.2,9.1,1021.3,1018.5,20.8,0.0,0
2017-11-19,2017,11,323,12.8,4.9,20.8,0.0,1.9,8.3,8.9,1022.8,1019.6,19.7,0.0,0
2017-11-20,2017,11,324,11.6,3.6,19.7,0.0,2.2,7.2,8.8,1023.6,1021.7,20.6,0.0,0
2017-11-21,2017,11,325,12.8,4.9,20.6,0.0,1.9,7.2,7.5,1022.3,1019.5,20.4,0.0,0
2017-11-22,2017,11,326,14.0,7.5,20.4,0.0,1.9,6.7,7.5,1019.6,1015.5,20.3,0.0,0
2017-11-23,2017,11,327,12.6,4.9,20.3,0.0,1.7,7.2,8.5,1020.2,1015.8,22.2,0.0,0
2017-11-24,2017,11,328,14.2,6.2,22.2,0.0,2.5,9.2,4.9,1020.7,1018.2,22.6,0.4,0
2017-11-25,2017,11,329,15.1,7.6,22.6,0.4,1.4,8.9,2.5,1022.5,1016.5,14.3,0.7,0
2017-11-26,2017,11,330,8.9,3.5,14.3,0.7,2.8,9.2,0.7,1029.9,1022.4,16.9,0.0,0
2017-11-27,2017,11,331,9.6,2.2,16.9,0.0,0.8,4.7,1.9,1030.2,1023.6,19.0,10.9,1
2017-11-28,2017,11,332,11.4,3.7,19.0,10.9,3.1,13.3,1.9,1023.6,1009.4,12.8,8.8,1
2017-11-29,2017,11,333,11.0,9.2,12.8,8.8,1.9,10.3,0.0,1009.4,1004.1,12.6,0.0,0
2017-11-30,2017,11,334,7.0,1.5,12.6,0.0,3.6,12.5,1.1,1015.9,1008.1,15.5,9.2,1
2017-12-01,2017,12,335,8.2,0.8,15.5,9.2,5.3,16.4,2.3,1015.4,1008.6,11.4,0.9,0
2017-12-02,2017,12,336,6.4,1.5,11.4,0.9,4.7,14.4,2.5,1017.9,1011.9,13.9,0.0,0
2017-12-03,2017,12,337,7.6,1.4,13.9,0.0,1.7,8.9,5.9,1029.5,1017.8,15.6,0.0,0
2017-12-04,2017,12,338,7.4,-0.7,15.6,0.0,0.8,4.2,8.5,1035.3,1029.4,15.8,0.0,0
2017-12-05,2017,12,339,7.8,-0.2,15.8,0.0,1.4,5.8,8.3,1036.5,1034.3,17.3,0.0,0
2017-12-06,2017,12,340,9.4,1.5,17.3,0.0,1.7,6.1,6.5,1035.5,1032.5,18.0,0.0,0
2017-12-07,2017,12,341,10.7,3.4,18.0,0.0,1.9,6.1,4.7,1032.6,1027.5,17.0,0.0,0
2017-12-08,2017,12,342,10.8,4.5,17.0,0.0,3.3,9.7,2.4,1027.5,1020.6,14.5,0.1,0
2017-12-09,2017,12,343,10.0,5.6,14.5,0.1,4.7,11.9,3.5,1023.5,1020.0,18.7,0.0,0
2017-12-10,2017,12,344,12.4,6.1,18.7,0.0,6.7,17.5,0.6,1020.8,1000.9,18.4,5.1,1
2017-12-11,2017,12,345,13.9,9.4,18.4,5.1,10.0,23.6,0.0,1004.8,993.3,15.1,0.0,0
2017-12-12,2017,12,346,10.2,5.3,15.1,0.0,3.1,9.2,2.2,1022.5,1004.8,15.2,0.0,0
2017-12-13,2017,12,347,8.6,2.0,15.2,0.0,5.0,11.7,5.6,1026.2,1020.3,16.5,0.1,0
2017-12-14,2017,12,348,15.0,13.4,16.5,0.1,6.4,13.3,5.2,1020.3,1010.7,18.0,3.6,1
2017-12-15,2017,12,349,14.7,11.4,18.0,3.6,3.1,11.7,1.6,1010.7,1006.7,14.9,1.7,1
2017-12-16,2017,12,350,9.3,3.7,14.9,1.7,1.4,9.2,6.2,1022.2,1009.4,14.3,0.0,0
2017-12-17,2017,12,351,7.8,1.4,14.3,0.0,2.2,8.3,6.9,1029.8,1022.1,14.8,0.6,0
2017-12-18,2017,12,352,7.9,1.0,14.8,0.6,2.8,9.7,3.3,1029.8,1021.7,14.4,0.0,0
2017-12-19,2017,12,353,11.0,7.5,14.4,0.0,5.8,17.5,6.2,1030.6,1022.0,13.5,1.8,1
2017-12-20,2017,12,354,9.5,5.5,13.5,1.8,2.5,9.2,1.1,1031.0,1028.3,13.7,0.1,0
2017-12-21,2017,12,355,9.3,4.9,13.7,0.1,4.4,10.8,2.2,1035.3,1031.0,17.6,0.0,0
2017-12-22,2017,12,356,10.1,2.6,17.6,0.0,1.7,7.2,5.2,1035.0,1030.1,16.2,0.0,0
2017-12-23,2017,12,357,10.4,4.7,16.2,0.0,0.6,4.2,2.0,1035.1,1031.5,17.1,0.0,0
2017-12-24,2017,12,358,10.6,4.2,17.1,0.0,3.1,8.9,7.3,1034.6,1029.3,17.0,0.0,0
2017-12-25,2017,12,359,12.8,8.7,17.0,0.0,2.2,8.3,5.5,1029.3,1020.2,17.4,3.3,1
2017-12-26,2017,12,360,12.8,8.3,17.4,3.3,5.0,12.8,3.0,1020.3,1008.2,16.9,0.2,0
2017-12-27,2017,12,361,14.6,12.2,16.9,0.2,8.9,22.2,6.8,1008.5,1000.6,16.4,0.0,0
2017-12-28,2017,12,362,14.0,11.7,16.4,0.0,6.1,12.5,5.2,1013.3,1007.1,16.8,0.0,0
2017-12-29,2017,12,363,11.3,5.8,16.8,0.0,3.3,11.4,0.9,1024.0,1013.3,20.1,0.0,0
2017-12-30,2017,12,364,13.5,6.9,20.1,0.0,3.9,10.3,6.5,1025.5,1021.9,17.2,0.0,0
2017-12-31,2017,12,365,12.1,7.0,17.2,0.0,5.3,17.5,0.3,1025.0,1018.1,17.7,0.0,0
2018-01-01,2018,1,1,15.2,12.8,17.7,0.0,6.7,21.1,8.1,1029.2,1021.1,18.6,0.0,0
2018-01-02,2018,1,2,14.2,9.7,18.6,0.0,2.5,11.7,2.9,1027.0,1023.8,19.5,0.0,0
2018-01-03,2018,1,3,14.8,10.0,19.5,0.0,4.4,14.4,3.4,1025.6,1022.2,22.0,0.0,0
2018-01-04,2018,1,4,15.2,8.4,22.0,0.0,2.8,11.4,7.8,1022.6,1016.8,17.4,0.0,0
2018-01-05,2018,1,5,11.1,4.8,17.4,0.0,5.3,14.4,8.0,1016.8,1007.0,18.0,2.8,1
2018-01-06,2018,1,6,14.2,10.4,18.0,2.8,4.2,12.5,1.3,1007.0,996.7,15.2,3.9,1
2018-01-07,2018,1,7,10.0,4.8,15.2,3.9,3.3,13.3,1.4,1008.6,999.5,12.6,0.6,0
2018-01-08,2018,1,8,8.1,3.6,12.6,0.6,3.1,8.9,0.0,1014.7,1007.3,15.4,0.0,0
2018-01-09,2018,1,9,10.4,5.3,15.4,0.0,4.2,12.8,5.4,1019.4,1014.6,15.9,0.5,0
2018-01-10,2018,1,10,11.2,6.6,15.9,0.5,3.9,11.7,3.6,1018.4,1014.1,14.2,1.3,1
2018-01-11,2018,1,11,10.6,6.9,14.2,1.3,5.6,17.5,4.4,1018.4,1013.0,15.4,0.0,0
2018-01-12,2018,1,12,9.0,2.5,15.4,0.0,2.5,10.3,7.9,1023.5,1018.4,15.0,0.0,0
2018-01-13,2018,1,13,7.8,0.7,15.0,0.0,1.9,7.2,4.6,1023.0,1016.8,15.0,0.0,0
2018-01-14,2018,1,14,8.7,2.4,15.0,0.0,2.8,9.7,4.4,1020.8,1014.5,15.2,0.0,0
2018-01-15,2018,1,15,8.2,1.1,15.2,0.0,1.4,7.2,8.2,1026.3,1020.6,16.4,0.0,0
2018-01-16,2018,1,16,9.6,2.9,16.4,0.0,7.8,13.9,8.7,1025.3,1018.6,18.7,0.0,0
2018-01-17,2018,1,17,13.9,9.1,18.7,0.0,5.8,18.1,8.6,1026.5,1017.1,16.3,0.0,0
2018-01-18,2018,1,18,11.6,6.8,16.3,0.0,3.3,7.8,6.7,1026.3,1019.8,15.4,0.0,0
2018-01-19,2018,1,19,10.3,5.2,15.4,0.0,1.9,7.2,0.9,1020.7,1017.4,18.5,0.0,0
2018-01-20,2018,1,20,11.9,5.3,18.5,0.0,2.5,14.4,7.7,1023.2,1017.9,20.1,0.0,0
2018-01-21,2018,1,21,18.1,16.1,20.1,0.0,5.3,18.1,8.6,1022.8,1016.4,21.1,0.0,0
2018-01-22,2018,1,22,15.0,8.9,21.1,0.0,3.6,13.3,9.0,1023.8,1021.2,19.1,0.0,0
2018-01-23,2018,1,23,12.0,4.9,19.1,0.0,1.7,6.1,8.0,1028.3,1022.7,17.7,0.0,0
2018-01-24,2018,1,24,10.8,3.8,17.7,0.0,1.4,6.7,9.0,1028.6,1025.4,17.4,0.0,0
2018-01-25,2018,1,25,11.5,5.6,17.4,0.0,3.1,11.4,3.6,1025.4,1014.2,14.9,2.8,1
2018-01-26,2018,1,26,11.7,8.5,14.9,2.8,3.3,10.8,2.2,1019.5,1011.2,12.1,1.4,1
2018-01-27,2018,1,27,10.1,8.1,12.1,1.4,6.4,15.0,0.4,1028.2,1019.4,17.4,0.0,0
2018-01-28,2018,1,28,12.8,8.2,17.4,0.0,6.1,15.0,5.5,1035.7,1027.6,18.1,0.0,0
2018-01-29,2018,1,29,11.4,4.8,18.1,0.0,1.1,8.3,8.7,1035.5,1031.7,17.4,0.0,0
2018-01-30,2018,1,30,10.0,2.5,17.4,0.0,1.4,6.1,9.1,1032.0,1027.4,16.9,0.0,0
2018-01-31,2018,1,31,9.8,2.7,16.9,0.0,2.2,6.7,8.7,1027.6,1016.8,14.8,7.6,1
2018-02-01,2018,2,32,9.2,3.5,14.8,7.6,2.2,10.3,0.8,1016.9,1004.3,9.6,3.0,1
2018-02-02,2018,2,33,6.0,2.3,9.6,3.0,5.0,13.3,0.0,1010.4,1001.8,12.9,0.0,0
2018-02-03,2018,2,34,6.2,-0.6,12.9,0.0,2.5,10.8,8.1,1013.5,1010.1,14.7,1.5,1
2018-02-04,2018,2,35,9.4,4.0,14.7,1.5,1.9,10.3,3.0,1011.4,1009.2,15.6,9.4,1
2018-02-05,2018,2,36,11.3,7.0,15.6,9.4,1.9,10.8,1.0,1009.2,1005.9,10.5,11.0,1
2018-02-06,2018,2,37,8.4,6.2,10.5,11.0,2.2,9.2,0.0,1007.8,1003.6,12.2,0.0,0
2018-02-07,2018,2,38,9.0,5.9,12.2,0.0,0.6,9.2,0.9,1016.9,1006.0,11.9,0.1,0
2018-02-08,2018,2,39,6.2,0.4,11.9,0.1,1.9,10.3,4.9,1017.5,1015.9,11.2,3.9,1
2018-02-09,2018,2,40,5.6,0.1,11.2,3.9,0.8,7.2,1.5,1017.3,1015.5,10.2,1.0,1
2018-02-10,2018,2,41,4.8,-0.7,10.2,1.0,3.3,16.1,1.6,1018.9,1014.0,14.1,0.0,0
2018-02-11,2018,2,42,5.9,-2.3,14.1,0.0,4.7,11.7,8.3,1018.9,1015.0,11.3,14.9,1
2018-02-12,2018,2,43,8.6,5.9,11.3,14.9,4.7,11.4,0.0,1019.1,1013.6,13.2,0.0,0
2018-02-13,2018,2,44,6.6,-0.1,13.2,0.0,5.3,13.3,6.5,1020.5,1014.9,17.2,0.0,0
2018-02-14,2018,2,45,12.9,8.6,17.2,0.0,2.5,7.2,2.0,1019.1,1014.6,17.1,0.0,0
2018-02-15,2018,2,46,11.6,6.0,17.1,0.0,2.5,8.3,9.7,1025.4,1019.0,16.5,0.0,0
2018-02-16,2018,2,47,11.7,6.9,16.5,0.0,0.8,4.2,0.9,1025.1,1021.5,17.5,0.0,0
2018-02-17,2018,2,48,11.8,6.2,17.5,0.0,3.6,15.0,6.4,1021.9,1018.0,14.2,0.0,0
2018-02-18,2018,2,49,9.7,5.2,14.2,0.0,2.5,8.9,1.6,1022.1,1018.8,16.8,0.0,0
2018-02-19,2018,2,50,10.8,4.8,16.8,0.0,1.7,7.8,8.8,1018.8,1014.5,16.2,2.1,1
2018-02-20,2018,2,51,11.0,5.8,16.2,2.1,2.5,13.3,3.1,1014.6,1008.8,13.3,2.9,1
2018-02-21,2018,2,52,10.3,7.3,13.3,2.9,1.9,14.4,0.0,1009.0,1005.5,8.1,5.0,1
2018-02-22,2018,2,53,5.2,2.3,8.1,5.0,1.7,6.7,0.0,1006.9,1005.5,11.5,0.0,0
2018-02-23,2018,2,54,5.7,-0.1,11.5,0.0,2.8,9.7,3.9,1007.8,1005.0,14.1,0.0,0
2018-02-24,2018,2,55,6.6,-0.8,14.1,0.0,1.7,7.8,3.0,1010.3,1006.9,16.0,0.0,0
2018-02-25,2018,2,56,7.6,-0.7,16.0,0.0,1.9,9.2,8.6,1010.3,1008.3,13.3,0.0,0
2018-02-26,2018,2,57,7.2,1.0,13.3,0.0,5.8,11.7,8.9,1008.9,1004.5,7.2,1.4,1
2018-02-27,2018,2,58,5.4,3.6,7.2,1.4,6.7,12.5,0.0,1009.3,1006.6,15.5,0.5,0
2018-02-28,2018,2,59,9.8,4.0,15.5,0.5,3.1,9.2,0.4,1008.8,997.5,18.9,0.0,0
2018-03-01,2018,3,60,14.6,10.4,18.9,0.0,3.9,15.3,7.0,998.5,991.1,16.1,2.2,1
2018-03-02,2018,3,61,14.1,12.1,16.1,2.2,3.9,21.1,1.1,1004.9,994.5,17.3,7.4,1
2018-03-03,2018,3,62,14.6,12.0,17.3,7.4,6.9,20.0,4.0,1003.4,997.2,16.6,1.9,1
2018-03-04,2018,3,63,14.2,11.7,16.6,1.9,5.6,10.3,4.9,1001.0,997.3,15.9,0.2,0
2018-03-05,2018,3,64,11.8,7.7,15.9,0.2,5.8,16.4,3.0,998.6,991.4,16.8,0.0,0
2018-03-06,2018,3,65,12.4,7.9,16.8,0.0,3.6,13.9,5.9,1001.3,993.0,15.8,0.0,0
2018-03-07,2018,3,66,10.5,5.2,15.8,0.0,5.8,12.5,10.2,1013.3,1000.9,14.3,0.7,0
2018-03-08,2018,3,67,9.7,5.1,14.3,0.7,1.7,9.7,0.0,1012.7,1009.5,19.4,0.0,0
2018-03-09,2018,3,68,12.8,6.3,19.4,0.0,1.9,7.8,3.1,1014.7,1011.4,20.4,1.2,1
2018-03-10,2018,3,69,14.8,9.3,20.4,1.2,1.9,7.5,5.6,1011.7,1002.9,19.0,0.0,0
2018-03-11,2018,3,70,15.6,12.3,19.0,0.0,8.3,22.2,8.9,1005.6,1002.3,18.4,0.0,0
2018-03-12,2018,3,71,13.4,8.3,18.4,0.0,7.8,18.9,10.6,1015.8,1005.6,19.7,0.0,0
2018-03-13,2018,3,72,12.8,6.0,19.7,0.0,4.4,11.7,6.5,1016.2,1014.2,16.4,0.0,0
2018-03-14,2018,3,73,12.5,8.6,16.4,0.0,2.5,8.3,0.8,1015.2,1003.7,17.5,0.0,0
2018-03-15,2018,3,74,15.2,12.9,17.5,0.0,6.9,15.3,0.4,1004.7,999.9,16.3,0.0,0
2018-03-16,2018,3,75,11.4,6.4,16.3,0.0,4.4,9.7,4.2,1005.0,1002.2,15.9,1.1,1
2018-03-17,2018,3,76,9.4,2.9,15.9,1.1,7.5,20.0,7.5,1003.2,995.4,16.4,0.0,0
2018-03-18,2018,3,77,10.7,5.0,16.4,0.0,4.4,12.5,10.1,1006.2,997.1,16.6,2.8,1
2018-03-19,2018,3,78,11.8,7.1,16.6,2.8,8.3,16.1,9.5,1008.0,999.4,11.0,6.1,1
2018-03-20,2018,3,79,8.5,6.0,11.0,6.1,4.4,15.0,0.3,1015.5,999.9,12.6,0.2,0
2018-03-21,2018,3,80,9.0,5.3,12.6,0.2,2.8,13.9,3.7,1019.6,1014.8,14.1,0.0,0
2018-03-22,2018,3,81,8.6,3.0,14.1,0.0,2.5,11.7,10.4,1019.5,1013.4,17.7,5.6,1
2018-03-23,2018,3,82,12.0,6.3,17.7,5.6,5.0,11.7,10.8,1013.4,1000.8,13.6,15.5,1
2018-03-24,2018,3,83,10.9,8.2,13.6,15.5,5.6,16.1,0.1,1000.8,991.4,12.7,2.0,1
2018-03-25,2018,3,84,10.4,8.0,12.7,2.0,2.8,13.9,0.1,1012.2,993.5,16.5,0.0,0
2018-03-26,2018,3,85,10.4,4.3,16.5,0.0,3.3,11.4,11.6,1020.2,1012.2,19.2,0.0,0
2018-03-27,2018,3,86,12.7,6.2,19.2,0.0,4.4,12.8,10.3,1021.9,1019.2,20.3,0.0,0
2018-03-28,2018,3,87,14.4,8.6,20.3,0.0,2.8,9.2,11.6,1019.5,1010.6,23.5,0.0,0
2018-03-29,2018,3,88,14.6,5.7,23.5,0.0,3.3,10.8,9.2,1010.6,1007.0,17.6,2.3,1
2018-03-30,2018,3,89,13.8,10.0,17.6,2.3,7.2,18.6,7.6,1007.3,1004.0,18.1,0.0,0
2018-03-31,2018,3,90,12.1,6.1,18.1,0.0,6.7,21.1,8.6,1016.5,1001.4,18.4,0.0,0
2018-04-01,2018,4,91,12.0,5.7,18.4,0.0,3.3,9.7,11.5,1018.9,1014.8,21.7,0.0,0
2018-04-02,2018,4,92,13.0,4.4,21.7,0.0,2.8,8.9,8.7,1014.9,1006.6,17.8,0.0,0
2018-04-03,2018,4,93,13.8,9.9,17.8,0.0,4.7,12.5,3.8,1011.8,1006.6,21.3,0.0,0
2018-04-04,2018,4,94,16.4,11.6,21.3,0.0,7.2,15.0,11.7,1016.8,1010.4,21.4,0.0,0
2018-04-05,2018,4,95,14.0,6.7,21.4,0.0,3.9,9.7,11.3,1020.3,1016.7,21.0,0.0,0
2018-04-06,2018,4,96,13.6,6.2,21.0,0.0,5.0,11.4,3.9,1018.2,1009.9,24.3,0.0,0
2018-04-07,2018,4,97,19.4,14.6,24.3,0.0,5.0,12.5,7.6,1010.0,1004.0,18.3,0.0,0
2018-04-08,2018,4,98,15.4,12.5,18.3,0.0,5.0,12.8,5.8,1007.2,1003.9,18.5,0.0,0
2018-04-09,2018,4,99,13.6,8.6,18.5,0.0,6.1,14.4,11.1,1009.9,1006.6,18.3,15.1,1
2018-04-10,2018,4,100,15.0,11.7,18.3,15.1,8.3,15.0,8.4,1009.3,998.9,16.5,3.1,1
2018-04-11,2018,4,101,13.0,9.6,16.5,3.1,10.8,20.0,7.4,998.9,992.9,16.9,2.2,1
2018-04-12,2018,4,102,13.5,10.1,16.9,2.2,4.4,11.4,10.2,1005.8,996.5,17.0,9.4,1
2018-04-13,2018,4,103,13.6,10.2,17.0,9.4,4.2,10.8,2.4,1013.5,1005.3,16.3,4.2,1
2018-04-14,2018,4,104,13.8,11.4,16.3,4.2,5.3,10.3,0.0,1013.4,1010.9,21.9,0.0,0
2018-04-15,2018,4,105,16.8,11.6,21.9,0.0,3.1,11.4,9.1,1015.2,1011.8,19.1,0.4,0
2018-04-16,2018,4,106,14.2,9.4,19.1,0.4,3.6,14.4,7.6,1019.4,1012.4,21.2,0.0,0
2018-04-17,2018,4,107,14.3,7.4,21.2,0.0,3.6,9.7,12.5,1024.6,1019.4,22.6,0.0,0
2018-04-18,2018,4,108,15.2,7.7,22.6,0.0,1.4,8.3,11.7,1024.6,1023.0,22.1,0.0,0
2018-04-19,2018,4,109,16.4,10.6,22.1,0.0,2.2,8.3,7.3,1023.8,1022.1,23.8,0.0,0
2018-04-20,2018,4,110,17.6,11.3,23.8,0.0,4.4,10.8,11.2,1022.9,1020.0,24.1,0.0,0
2018-04-21,2018,4,111,17.6,11.2,24.1,0.0,2.2,9.2,10.5,1020.5,1018.2,26.3,0.0,0
2018-04-22,2018,4,112,18.0,9.6,26.3,0.0,2.5,7.8,10.8,1018.9,1016.4,26.9,0.0,0
2018-04-23,2018,4,113,19.2,11.6,26.9,0.0,3.3,10.8,10.3,1018.9,1016.9,26.9,0.0,0
2018-04-24,2018,4,114,17.9,8.9,26.9,0.0,4.4,10.8,5.8,1019.5,1015.4,25.7,0.0,0
2018-04-25,2018,4,115,19.6,13.5,25.7,0.0,4.4,10.8,1.6,1016.8,1013.8,20.1,0.0,0
2018-04-26,2018,4,116,15.8,11.6,20.1,0.0,8.6,22.8,0.7,1016.2,1014.2,21.7,0.0,0
2018-04-27,2018,4,117,14.6,7.5,21.7,0.0,3.1,9.2,12.2,1014.3,1012.2,22.4,0.6,0
2018-04-28,2018,4,118,16.4,10.4,22.4,0.6,3.6,9.2,10.4,1013.0,1009.5,20.3,0.0,0
2018-04-29,2018,4,119,16.0,11.8,20.3,0.0,8.3,15.3,7.5,1014.2,1006.8,19.4,6.5,1
2018-04-30,2018,4,120,15.4,11.3,19.4,6.5,5.0,10.3,7.2,1014.3,1012.4,17.3,5.5,1
2018-05-01,2018,5,121,12.4,7.6,17.3,5.5,3.3,15.6,7.0,1012.9,1011.0,20.0,0.0,0
2018-05-02,2018,5,122,13.3,6.6,20.0,0.0,3.6,9.7,12.5,1012.7,1009.9,22.6,0.0,0
2018-05-03,2018,5,123,14.3,6.0,22.6,0.0,3.6,10.8,12.5,1011.0,1008.1,18.1,4.3,1
2018-05-04,2018,5,124,13.8,9.6,18.1,4.3,2.2,8.3,0.1,1014.2,1009.4,19.1,6.6,1
2018-05-05,2018,5,125,15.5,11.9,19.1,6.6,1.1,7.2,0.6,1016.1,1012.6,22.9,0.0,0
2018-05-06,2018,5,126,16.8,10.8,22.9,0.0,2.5,9.2,5.3,1016.7,1014.9,20.0,0.0,0
2018-05-07,2018,5,127,15.4,10.9,20.0,0.0,3.1,9.2,9.1,1016.4,1013.0,19.9,0.0,0
2018-05-08,2018,5,128,15.8,11.7,19.9,0.0,4.4,12.5,6.9,1013.4,1010.1,20.8,0.0,0
2018-05-09,2018,5,129,17.0,13.1,20.8,0.0,5.6,10.8,6.9,1011.1,1009.0,23.5,0.0,0
2018-05-10,2018,5,130,18.2,12.9,23.5,0.0,3.6,10.8,3.7,1019.1,1010.1,22.8,0.0,0
2018-05-11,2018,5,131,16.6,10.5,22.8,0.0,3.6,9.2,12.7,1019.1,1016.4,21.3,8.1,1
2018-05-12,2018,5,132,16.8,12.4,21.3,8.1,3.3,9.7,2.5,1017.5,1011.7,19.2,0.0,0
2018-05-13,2018,5,133,14.2,9.1,19.2,0.0,2.5,16.1,12.2,1018.3,1010.8,20.2,0.0,0
2018-05-14,2018,5,134,14.2,8.3,20.2,0.0,4.4,11.4,8.7,1017.7,1014.6,23.9,0.0,0
2018-05-15,2018,5,135,15.8,7.6,23.9,0.0,5.0,10.8,13.3,1017.6,1014.9,22.4,0.0,0
2018-05-16,2018,5,136,15.6,8.8,22.4,0.0,3.6,8.9,12.9,1017.2,1014.9,23.4,0.0,0
2018-05-17,2018,5,137,16.8,10.2,23.4,0.0,3.3,10.8,9.8,1016.5,1014.2,22.8,0.0,0
2018-05-18,2018,5,138,17.5,12.2,22.8,0.0,4.7,10.3,6.7,1016.4,1014.3,24.3,0.0,0
2018-05-19,2018,5,139,17.4,10.6,24.3,0.0,4.4,11.4,11.9,1016.2,1014.3,22.5,0.0,0
2018-05-20,2018,5,140,17.2,11.8,22.5,0.0,4.2,10.8,3.3,1015.1,1012.0,23.0,0.0,0
2018-05-21,2018,5,141,18.4,13.9,23.0,0.0,4.2,9.7,5.5,1012.4,1009.9,23.2,0.0,0
2018-05-22,2018,5,142,17.3,11.4,23.2,0.0,3.6,9.7,11.1,1017.1,1011.3,23.9,0.0,0
2018-05-23,2018,5,143,18.8,13.6,23.9,0.0,2.5,8.9,11.4,1018.3,1016.4,28.5,0.0,0
2018-05-24,2018,5,144,20.4,12.3,28.5,0.0,4.7,9.7,8.9,1018.1,1013.6,27.9,0.0,0
2018-05-25,2018,5,145,23.2,18.5,27.9,0.0,7.8,11.7,9.2,1014.3,1010.8,26.0,0.0,0
2018-05-26,2018,5,146,22.6,19.1,26.0,0.0,4.2,9.2,7.2,1013.5,1011.5,24.1,0.0,0
2018-05-27,2018,5,147,21.9,19.7,24.1,0.0,5.6,11.7,3.0,1013.5,1010.0,23.9,0.0,0
2018-05-28,2018,5,148,21.4,18.8,23.9,0.0,5.3,11.7,2.7,1015.7,1012.5,25.0,3.1,1
2018-05-29,2018,5,149,20.0,15.0,25.0,3.1,2.2,10.3,2.1,1015.5,1012.9,23.6,0.0,0
2018-05-30,2018,5,150,18.9,14.2,23.6,0.0,3.9,10.8,11.0,1015.6,1012.2,25.5,0.0,0
2018-05-31,2018,5,151,20.7,15.9,25.5,0.0,4.7,9.7,11.6,1019.3,1015.3,28.1,0.0,0
2018-06-01,2018,6,152,21.4,14.7,28.1,0.0,4.2,13.3,11.9,1019.5,1017.2,27.8,0.0,0
2018-06-02,2018,6,153,21.9,16.0,27.8,0.0,3.3,10.8,5.0,1018.3,1014.5,22.7,15.2,1
2018-06-03,2018,6,154,19.2,15.7,22.7,15.2,5.3,12.5,3.6,1016.6,1012.1,24.6,0.0,0
2018-06-04,2018,6,155,19.4,14.3,24.6,0.0,3.9,10.3,11.2,1013.2,1010.9,25.3,0.0,0
2018-06-05,2018,6,156,20.8,16.2,25.3,0.0,4.4,11.4,4.9,1012.2,1010.4,24.3,0.0,0
2018-06-06,2018,6,157,21.0,17.6,24.3,0.0,5.3,10.3,9.3,1014.5,1010.9,26.1,0.3,0
2018-06-07,2018,6,158,20.8,15.6,26.1,0.3,3.9,8.9,9.6,1016.0,1012.9,25.2,0.0,0
2018-06-08,2018,6,159,19.3,13.4,25.2,0.0,3.6,9.7,10.1,1015.7,1013.3,32.0,2.0,1
2018-06-09,2018,6,160,23.1,14.2,32.0,2.0,3.1,11.7,7.3,1014.4,1010.0,25.7,2.0,1
2018-06-10,2018,6,161,22.4,19.2,25.7,2.0,2.5,10.3,1.4,1014.8,1007.5,27.6,0.0,0
2018-06-11,2018,6,162,22.8,17.9,27.6,0.0,5.8,11.4,12.3,1012.4,1007.9,28.6,0.0,0
2018-06-12,2018,6,163,21.8,15.1,28.6,0.0,5.3,10.8,10.7,1012.6,1010.5,27.9,0.0,0
2018-06-13,2018,6,164,23.4,18.9,27.9,0.0,3.9,11.4,12.4,1013.9,1011.4,28.3,0.0,0
2018-06-14,2018,6,165,22.6,16.8,28.3,0.0,4.7,10.3,10.4,1014.9,1012.2,26.6,0.0,0
2018-06-15,2018,6,166,20.4,14.1,26.6,0.0,4.7,9.7,9.4,1015.5,1013.8,27.0,0.0,0
2018-06-16,2018,6,167,21.5,16.0,27.0,0.0,4.2,10.3,12.4,1017.4,1014.8,27.7,0.0,0
2018-06-17,2018,6,168,22.1,16.5,27.7,0.0,4.7,11.4,10.1,1020.2,1017.1,26.6,0.0,0
2018-06-18,2018,6,169,21.7,16.8,26.6,0.0,5.6,13.3,10.9,1020.4,1018.3,31.2,0.0,0
2018-06-19,2018,6,170,23.6,15.9,31.2,0.0,3.9,13.3,13.6,1020.7,1018.6,30.5,0.0,0
2018-06-20,2018,6,171,23.3,16.1,30.5,0.0,4.2,10.8,13.7,1019.1,1017.1,31.2,0.0,0
2018-06-21,2018,6,172,24.0,16.9,31.2,0.0,4.4,9.7,13.5,1017.8,1015.6,32.1,0.0,0
2018-06-22,2018,6,173,24.6,17.1,32.1,0.0,3.6,9.2,13.4,1017.6,1015.8,31.0,0.0,0
2018-06-23,2018,6,174,25.2,19.4,31.0,0.0,4.2,10.3,13.0,1018.1,1016.3,30.2,0.0,0
2018-06-24,2018,6,175,24.0,17.9,30.2,0.0,3.9,11.7,12.6,1017.4,1014.6,30.7,0.0,0
2018-06-25,2018,6,176,23.6,16.6,30.7,0.0,3.9,9.7,12.3,1017.3,1014.5,29.6,0.0,0
2018-06-26,2018,6,177,23.6,17.7,29.6,0.0,4.7,11.4,12.0,1017.8,1016.1,30.4,0.0,0
2018-06-27,2018,6,178,24.2,18.1,30.4,0.0,4.4,10.3,12.7,1017.4,1013.8,30.7,0.0,0
2018-06-28,2018,6,179,24.6,18.4,30.7,0.0,3.3,11.7,10.0,1013.8,1008.9,31.7,0.0,0
2018-06-29,2018,6,180,25.8,19.9,31.7,0.0,4.2,10.3,9.6,1011.3,1007.9,33.5,0.0,0
2018-06-30,2018,6,181,26.7,19.9,33.5,0.0,6.4,12.5,12.6,1010.2,1006.4,30.1,0.0,0
2018-07-01,2018,7,182,25.3,20.5,30.1,0.0,5.0,11.4,11.3,1010.7,1007.8,29.9,0.0,0
2018-07-02,2018,7,183,25.8,21.7,29.9,0.0,4.7,10.8,11.4,1014.6,1009.3,30.4,0.0,0
2018-07-03,2018,7,184,24.8,19.1,30.4,0.0,3.6,10.3,10.7,1016.2,1014.0,32.0,0.0,0
2018-07-04,2018,7,185,25.0,18.0,32.0,0.0,4.7,10.3,9.1,1015.9,1013.3,32.0,0.0,0
2018-07-05,2018,7,186,26.0,20.1,32.0,0.0,2.8,8.9,9.0,1019.4,1013.7,30.0,0.0,0
2018-07-06,2018,7,187,24.3,18.6,30.0,0.0,5.0,11.4,12.4,1020.3,1018.8,31.2,0.0,0
2018-07-07,2018,7,188,25.0,18.9,31.2,0.0,3.6,11.7,8.9,1019.9,1014.9,34.1,0.0,0
2018-07-08,2018,7,189,27.0,20.0,34.1,0.0,4.4,11.7,9.7,1018.4,1015.5,33.5,0.0,0
2018-07-09,2018,7,190,26.1,18.7,33.5,0.0,4.7,10.8,11.4,1017.7,1015.4,31.5,0.0,0
2018-07-10,2018,7,191,27.4,23.3,31.5,0.0,3.9,9.7,9.2,1016.9,1014.0,30.3,0.0,0
2018-07-11,2018,7,192,25.9,21.5,30.3,0.0,5.0,11.7,11.8,1014.2,1011.6,31.0,0.0,0
2018-07-12,2018,7,193,26.1,21.2,31.0,0.0,3.3,9.7,12.5,1015.0,1012.0,35.5,0.0,0
2018-07-13,2018,7,194,28.9,22.3,35.5,0.0,6.4,15.0,9.6,1015.4,1013.2,35.7,0.0,0
2018-07-14,2018,7,195,28.9,22.1,35.7,0.0,4.2,11.4,12.8,1016.1,1013.4,30.6,0.0,0
2018-07-15,2018,7,196,25.6,20.7,30.6,0.0,5.0,11.7,9.8,1016.0,1011.5,32.7,0.0,0
2018-07-16,2018,7,197,27.4,22.2,32.7,0.0,6.9,15.0,10.3,1016.4,1008.7,32.3,0.0,0
2018-07-17,2018,7,198,25.8,19.3,32.3,0.0,5.3,11.7,13.0,1017.2,1015.6,34.0,0.0,0
2018-07-18,2018,7,199,27.1,20.2,34.0,0.0,5.8,11.4,10.6,1015.8,1013.0,31.2,0.0,0
2018-07-19,2018,7,200,24.7,18.2,31.2,0.0,4.2,10.8,11.8,1015.6,1013.4,31.3,0.0,0
2018-07-20,2018,7,201,25.4,19.5,31.3,0.0,4.2,10.8,4.1,1014.2,1009.0,31.7,0.0,0
2018-07-21,2018,7,202,26.0,20.2,31.7,0.0,5.6,9.7,8.7,1014.6,1009.4,33.1,0.0,0
2018-07-22,2018,7,203,26.7,20.3,33.1,0.0,4.2,12.8,7.9,1016.2,1012.3,31.3,0.0,0
2018-07-23,2018,7,204,24.6,17.8,31.3,0.0,4.2,10.3,12.6,1016.9,1014.2,31.1,0.0,0
2018-07-24,2018,7,205,25.0,18.9,31.1,0.0,3.6,10.3,12.1,1014.7,1012.4,32.4,0.0,0
2018-07-25,2018,7,206,25.8,19.1,32.4,0.0,3.9,8.9,13.0,1014.5,1012.4,32.6,0.0,0
2018-07-26,2018,7,207,25.6,18.5,32.6,0.0,4.4,11.4,12.9,1013.4,1011.6,32.3,0.0,0
2018-07-27,2018,7,208,25.2,18.2,32.3,0.0,4.2,10.8,10.9,1013.1,1011.2,30.4,0.0,0
2018-07-28,2018,7,209,24.6,18.7,30.4,0.0,3.1,9.2,12.4,1014.0,1011.1,31.2,0.0,0
2018-07-29,2018,7,210,25.3,19.4,31.2,0.0,3.6,9.7,11.9,1014.0,1011.8,32.2,0.0,0
2018-07-30,2018,7,211,26.2,20.2,32.2,0.0,3.9,10.3,11.8,1015.0,1012.8,31.6,0.0,0
2018-07-31,2018,7,212,25.6,19.7,31.6,0.0,3.9,10.3,12.0,1015.2,1014.0,34.7,0.0,0
2018-08-01,2018,8,213,28.0,21.3,34.7,0.0,4.4,10.3,11.9,1016.1,1014.7,34.4,0.0,0
2018-08-02,2018,8,214,28.1,21.8,34.4,0.0,4.4,10.3,11.7,1016.9,1015.1,36.0,0.0,0
2018-08-03,2018,8,215,29.4,22.8,36.0,0.0,3.9,9.7,8.4,1016.0,1014.2,36.8,0.0,0
2018-08-04,2018,8,216,29.6,22.3,36.8,0.0,4.7,9.7,9.6,1015.5,1013.4,38.7,0.0,0
2018-08-05,2018,8,217,31.1,23.5,38.7,0.0,3.1,9.2,9.7,1015.1,1012.8,33.0,0.0,0
2018-08-06,2018,8,218,28.3,23.6,33.0,0.0,3.9,10.8,8.7,1015.2,1012.9,31.9,0.0,0
2018-08-07,2018,8,219,27.2,22.6,31.9,0.0,4.4,11.4,11.5,1014.4,1011.7,34.9,0.0,0
2018-08-08,2018,8,220,28.9,22.9,34.9,0.0,4.7,10.8,11.1,1014.4,1011.9,34.2,0.0,0
2018-08-09,2018,8,221,29.0,23.9,34.2,0.0,3.9,11.4,7.7,1018.3,1013.0,32.1,0.0,0
2018-08-10,2018,8,222,27.4,22.6,32.1,0.0,5.6,21.1,6.4,1022.5,1018.1,33.6,0.2,0
2018-08-11,2018,8,223,28.0,22.4,33.6,0.2,3.9,11.4,8.2,1021.9,1018.5,32.5,0.0,0
2018-08-12,2018,8,224,26.8,21.1,32.5,0.0,4.2,10.8,12.2,1018.5,1013.8,31.7,5.4,1
2018-08-13,2018,8,225,27.3,22.9,31.7,5.4,4.4,9.7,10.0,1015.0,1010.8,31.1,0.0,0
2018-08-14,2018,8,226,26.9,22.7,31.1,0.0,5.0,11.7,7.7,1017.7,1012.2,31.5,0.0,0
2018-08-15,2018,8,227,25.9,20.3,31.5,0.0,4.4,10.3,11.1,1017.8,1015.9,31.0,0.0,0
2018-08-16,2018,8,228,24.8,18.6,31.0,0.0,3.3,10.3,10.6,1016.4,1013.4,30.8,14.5,1
2018-08-17,2018,8,229,25.4,20.1,30.8,14.5,2.2,13.9,4.6,1017.5,1014.4,29.4,0.2,0
2018-08-18,2018,8,230,24.6,19.9,29.4,0.2,3.6,10.8,6.5,1019.4,1016.5,31.9,0.0,0
2018-08-19,2018,8,231,24.7,17.5,31.9,0.0,3.9,15.3,10.5,1019.3,1017.2,33.7,0.0,0
2018-08-20,2018,8,232,25.9,18.1,33.7,0.0,3.9,10.8,11.4,1017.8,1014.9,33.7,0.0,0
2018-08-21,2018,8,233,26.1,18.5,33.7,0.0,3.6,10.3,11.7,1016.1,1013.8,33.1,0.0,0
2018-08-22,2018,8,234,26.4,19.6,33.1,0.0,4.4,11.7,11.5,1016.1,1014.5,34.5,0.0,0
2018-08-23,2018,8,235,26.9,19.3,34.5,0.0,2.5,10.3,9.8,1015.9,1013.3,32.2,0.0,0
2018-08-24,2018,8,236,25.7,19.2,32.2,0.0,4.2,9.2,11.7,1016.3,1013.6,31.0,0.0,0
2018-08-25,2018,8,237,26.4,21.9,31.0,0.0,5.6,11.4,7.4,1015.1,1011.5,29.6,0.0,0
2018-08-26,2018,8,238,24.3,19.0,29.6,0.0,5.0,10.3,5.2,1016.3,1014.1,30.3,0.0,0
2018-08-27,2018,8,239,24.4,18.5,30.3,0.0,3.9,9.2,9.9,1017.5,1014.9,30.8,0.0,0
2018-08-28,2018,8,240,25.2,19.5,30.8,0.0,3.9,10.3,8.9,1017.6,1014.3,32.0,0.0,0
2018-08-29,2018,8,241,26.4,20.8,32.0,0.0,3.6,9.7,8.6,1017.9,1014.3,31.8,0.0,0
2018-08-30,2018,8,242,26.7,21.6,31.8,0.0,3.3,10.3,10.1,1018.7,1017.0,31.4,0.0,0
2018-08-31,2018,8,243,25.4,19.3,31.4,0.0,3.3,8.3,4.5,1019.1,1016.4,31.6,0.0,0
2018-09-01,2018,9,244,25.7,19.8,31.6,0.0,3.9,11.4,7.8,1018.8,1016.8,29.9,0.0,0
2018-09-02,2018,9,245,24.6,19.2,29.9,0.0,4.2,9.7,8.1,1018.2,1014.2,32.5,0.9,0
2018-09-03,2018,9,246,26.8,21.0,32.5,0.9,4.4,11.7,8.8,1015.0,1008.9,31.1,0.0,0
2018-09-04,2018,9,247,25.8,20.4,31.1,0.0,3.9,9.2,8.9,1012.7,1010.2,30.7,0.0,0
2018-09-05,2018,9,248,26.1,21.5,30.7,0.0,4.4,9.7,10.9,1013.8,1011.2,31.0,0.0,0
2018-09-06,2018,9,249,26.4,21.8,31.0,0.0,4.7,9.7,7.9,1013.9,1010.4,29.2,14.3,1
2018-09-07,2018,9,250,24.4,19.6,29.2,14.3,2.2,8.9,2.3,1017.7,1013.3,30.6,0.0,0
2018-09-08,2018,9,251,24.4,18.3,30.6,0.0,2.5,7.8,4.6,1018.5,1016.6,30.4,13.7,1
2018-09-09,2018,9,252,25.4,20.5,30.4,13.7,2.8,12.5,2.7,1018.6,1016.5,28.5,0.0,0
2018-09-10,2018,9,253,24.2,19.8,28.5,0.0,5.8,11.7,7.7,1022.2,1015.1,29.6,0.0,0
2018-09-11,2018,9,254,24.9,20.2,29.6,0.0,5.0,12.8,7.1,1024.2,1019.2,28.3,11.6,1
2018-09-12,2018,9,255,25.8,23.3,28.3,11.6,2.5,9.2,0.0,1022.3,1017.9,30.4,0.2,0
2018-09-13,2018,9,256,25.2,19.9,30.4,0.2,2.5,9.7,6.6,1018.1,1016.0,29.2,0.0,0
2018-09-14,2018,9,257,23.6,18.0,29.2,0.0,3.6,9.2,7.6,1020.0,1017.4,27.0,6.9,1
2018-09-15,2018,9,258,23.4,19.8,27.0,6.9,2.8,9.7,1.3,1020.6,1018.7,30.4,0.0,0
2018-09-16,2018,9,259,25.4,20.5,30.4,0.0,3.3,9.7,6.9,1020.2,1017.8,30.7,0.9,0
2018-09-17,2018,9,260,25.8,20.8,30.7,0.9,1.9,12.8,5.7,1019.1,1015.5,29.4,0.0,0
2018-09-18,2018,9,261,25.6,21.7,29.4,0.0,3.1,8.9,8.1,1017.9,1014.7,29.7,0.0,0
2018-09-19,2018,9,262,24.6,19.6,29.7,0.0,1.9,7.8,3.6,1020.3,1017.0,30.7,0.0,0
2018-09-20,2018,9,263,24.0,17.2,30.7,0.0,3.3,9.7,10.8,1019.9,1016.8,29.3,0.0,0
2018-09-21,2018,9,264,23.1,16.9,29.3,0.0,4.4,9.7,11.1,1020.2,1015.9,29.3,0.0,0
2018-09-22,2018,9,265,24.0,18.8,29.3,0.0,3.9,9.7,10.2,1022.6,1020.2,29.9,0.0,0
2018-09-23,2018,9,266,23.7,17.5,29.9,0.0,3.1,7.8,10.9,1022.6,1020.0,30.0,0.0,0
2018-09-24,2018,9,267,23.4,16.9,30.0,0.0,4.2,9.2,10.9,1022.7,1019.2,29.2,0.0,0
2018-09-25,2018,9,268,25.3,21.4,29.2,0.0,3.9,11.7,9.4,1024.5,1021.6,28.4,0.0,0
2018-09-26,2018,9,269,22.6,16.8,28.4,0.0,6.1,13.3,8.7,1029.4,1024.1,28.3,0.0,0
2018-09-27,2018,9,270,22.0,15.8,28.3,0.0,2.2,8.3,6.1,1029.3,1022.9,27.4,0.0,0
2018-09-28,2018,9,271,19.8,12.2,27.4,0.0,2.8,7.8,8.6,1022.9,1016.4,29.4,0.0,0
2018-09-29,2018,9,272,21.6,13.7,29.4,0.0,3.3,9.2,10.0,1017.5,1015.3,28.7,0.0,0
2018-09-30,2018,9,273,22.2,15.6,28.7,0.0,3.6,9.2,10.1,1017.9,1015.6,28.9,0.0,0
2018-10-01,2018,10,274,22.4,15.8,28.9,0.0,3.3,11.4,6.4,1017.8,1014.3,24.8,0.0,0
2018-10-02,2018,10,275,19.0,13.3,24.8,0.0,2.5,10.8,7.2,1020.6,1017.4,24.8,0.0,0
2018-10-03,2018,10,276,18.9,13.0,24.8,0.0,6.4,15.0,9.9,1021.1,1018.9,27.6,0.0,0
2018-10-04,2018,10,277,20.4,13.1,27.6,0.0,3.6,9.7,10.7,1019.6,1017.7,27.7,0.0,0
2018-10-05,2018,10,278,21.0,14.3,27.7,0.0,3.1,8.9,6.6,1019.1,1015.6,26.5,0.0,0
2018-10-06,2018,10,279,20.3,14.1,26.5,0.0,4.2,10.3,10.3,1016.9,1013.3,25.2,0.2,0
2018-10-07,2018,10,280,20.2,15.3,25.2,0.2,5.8,12.5,7.0,1016.2,1011.4,23.6,0.3,0
2018-10-08,2018,10,281,17.6,11.7,23.6,0.3,3.3,13.3,4.5,1020.9,1013.1,26.6,9.0,1
2018-10-09,2018,10,282,18.2,9.7,26.6,9.0,2.8,8.9,4.8,1014.8,1010.4,26.0,3.6,1
2018-10-10,2018,10,283,20.6,15.2,26.0,3.6,2.8,8.9,2.7,1011.3,1007.5,26.1,0.0,0
2018-10-11,2018,10,284,20.0,14.0,26.1,0.0,2.2,7.2,9.7,1018.4,1011.2,25.6,0.0,0
2018-10-12,2018,10,285,20.1,14.6,25.6,0.0,2.5,6.7,8.0,1022.4,1018.4,26.9,0.0,0
2018-10-13,2018,10,286,21.2,15.5,26.9,0.0,2.5,7.8,10.2,1021.6,1015.2,27.3,2.1,1
2018-10-14,2018,10,287,21.9,16.5,27.3,2.1,3.6,14.4,4.8,1015.2,1004.9,22.2,0.2,0
2018-10-15,2018,10,288,17.8,13.4,22.2,0.2,5.8,15.0,0.2,1011.8,1004.9,24.7,1.1,1
2018-10-16,2018,10,289,18.4,12.0,24.7,1.1,1.7,7.8,5.5,1015.5,1011.1,25.3,4.7,1
2018-10-17,2018,10,290,18.7,12.1,25.3,4.7,3.3,9.7,7.0,1015.1,1010.0,24.8,8.7,1
2018-10-18,2018,10,291,20.2,15.7,24.8,8.7,3.6,12.8,1.5,1010.1,1006.2,24.2,8.2,1
2018-10-19,2018,10,292,20.4,16.6,24.2,8.2,3.1,8.9,2.1,1017.2,1008.8,25.9,0.0,0
2018-10-20,2018,10,293,20.3,14.7,25.9,0.0,3.6,9.2,6.9,1021.2,1016.8,26.6,0.0,0
2018-10-21,2018,10,294,21.2,15.7,26.6,0.0,2.2,6.7,6.3,1021.2,1017.6,24.8,0.0,0
2018-10-22,2018,10,295,18.6,12.3,24.8,0.0,4.7,12.5,9.8,1023.7,1016.5,24.4,0.0,0
2018-10-23,2018,10,296,17.4,10.5,24.4,0.0,1.7,9.2,9.7,1025.9,1023.0,25.4,0.0,0
2018-10-24,2018,10,297,17.5,9.6,25.4,0.0,2.5,10.3,10.0,1023.5,1018.0,24.4,0.0,0
2018-10-25,2018,10,298,17.8,11.1,24.4,0.0,3.9,9.2,8.8,1018.6,1016.5,23.5,0.0,0
2018-10-26,2018,10,299,18.2,13.0,23.5,0.0,3.1,8.3,8.3,1016.5,1008.7,18.8,48.5,1
2018-10-27,2018,10,300,15.1,11.4,18.8,48.5,1.9,18.1,0.0,1008.7,995.9,16.9,20.5,1
2018-10-28,2018,10,301,13.6,10.3,16.9,20.5,1.9,9.2,0.3,998.6,994.9,15.8,1.2,1
2018-10-29,2018,10,302,12.2,8.6,15.8,1.2,3.1,13.9,0.9,1002.5,992.6,18.4,5.6,1
2018-10-30,2018,10,303,13.8,9.1,18.4,5.6,2.5,12.8,5.3,1008.9,1002.5,19.2,8.2,1
2018-10-31,2018,10,304,15.0,10.9,19.2,8.2,5.6,22.8,1.3,1009.3,1004.1,16.6,1.5,1
2018-11-01,2018,11,305,14.2,11.7,16.6,1.5,1.4,10.8,0.0,1016.2,1008.3,17.7,1.6,1
2018-11-02,2018,11,306,14.2,10.7,17.7,1.6,3.1,9.2,0.3,1019.2,1015.0,19.3,0.0,0
2018-11-03,2018,11,307,14.6,9.9,19.3,0.0,3.6,11.4,9.3,1019.6,1015.1,20.6,0.0,0
2018-11-04,2018,11,308,14.4,8.1,20.6,0.0,2.8,9.2,6.9,1015.1,1008.9,19.9,2.6,1
2018-11-05,2018,11,309,13.4,6.8,19.9,2.6,4.2,14.4,2.6,1008.9,1004.8,17.9,0.0,0
2018-11-06,2018,11,310,13.0,8.2,17.9,0.0,7.2,15.3,5.7,1014.7,1007.9,19.2,0.0,0
2018-11-07,2018,11,311,13.4,7.5,19.2,0.0,3.6,10.8,8.3,1019.1,1013.2,20.5,1.6,1
2018-11-08,2018,11,312,14.4,8.3,20.5,1.6,2.2,7.2,8.3,1020.4,1014.1,18.3,4.6,1
2018-11-09,2018,11,313,14.4,10.4,18.3,4.6,2.8,12.8,1.8,1015.5,1011.2,19.1,0.0,0
2018-11-10,2018,11,314,13.4,7.8,19.1,0.0,4.2,11.7,5.7,1015.8,1013.5,20.1,0.0,0
2018-11-11,2018,11,315,15.3,10.5,20.1,0.0,3.3,8.9,8.3,1017.1,1014.2,23.1,0.0,0
2018-11-12,2018,11,316,17.3,11.5,23.1,0.0,2.5,6.7,6.3,1019.5,1016.1,23.6,0.0,0
2018-11-13,2018,11,317,18.3,13.0,23.6,0.0,3.3,7.8,3.6,1024.2,1019.4,22.4,0.8,0
2018-11-14,2018,11,318,16.2,10.0,22.4,0.8,2.8,9.7,5.9,1024.0,1020.0,21.8,0.3,0
2018-11-15,2018,11,319,18.6,15.3,21.8,0.3,3.6,9.7,3.0,1020.1,1016.6,20.4,0.0,0
2018-11-16,2018,11,320,15.8,11.2,20.4,0.0,2.8,8.9,3.4,1020.1,1017.9,20.1,0.0,0
2018-11-17,2018,11,321,14.2,8.3,20.1,0.0,2.8,10.3,4.0,1017.9,1012.0,17.6,0.0,0
2018-11-18,2018,11,322,12.0,6.5,17.6,0.0,3.3,8.9,0.7,1012.0,1004.1,15.3,2.5,1
2018-11-19,2018,11,323,12.1,8.9,15.3,2.5,5.0,13.3,0.0,1004.1,995.5,18.5,3.5,1
2018-11-20,2018,11,324,12.2,5.9,18.5,3.5,6.9,18.1,4.3,1005.6,999.9,18.5,0.6,0
2018-11-21,2018,11,325,13.7,8.9,18.5,0.6,5.3,13.3,3.2,1016.3,1005.5,18.4,0.0,0
2018-11-22,2018,11,326,14.1,9.8,18.4,0.0,2.2,5.8,0.1,1017.7,1015.3,19.4,0.0,0
2018-11-23,2018,11,327,15.2,11.1,19.4,0.0,2.5,6.7,0.7,1015.4,1010.9,19.1,0.0,0
2018-11-24,2018,11,328,12.6,6.1,19.1,0.0,0.6,5.0,5.2,1016.7,1013.3,18.7,3.7,1
2018-11-25,2018,11,329,11.2,3.8,18.7,3.7,6.4,16.9,6.9,1013.3,1007.1,18.4,1.6,1
2018-11-26,2018,11,330,15.0,11.6,18.4,1.6,3.3,24.7,3.0,1014.7,1000.5,17.2,0.0,0
2018-11-27,2018,11,331,12.4,7.5,17.2,0.0,3.9,10.8,8.0,1021.2,1014.7,18.9,0.0,0
2018-11-28,2018,11,332,11.6,4.2,18.9,0.0,1.7,7.2,8.5,1022.5,1020.3,17.8,0.0,0
2018-11-29,2018,11,333,10.9,4.0,17.8,0.0,1.9,6.1,6.7,1022.1,1017.6,17.0,0.0,0
2018-11-30,2018,11,334,11.4,5.7,17.0,0.0,3.6,11.7,2.7,1020.2,1014.0,17.0,0.0,0
2018-12-01,2018,12,335,11.3,5.6,17.0,0.0,2.2,7.2,3.0,1021.9,1018.7,17.7,0.0,0
2018-12-02,2018,12,336,11.8,5.9,17.7,0.0,3.1,6.1,6.6,1022.5,1019.8,20.6,0.0,0
2018-12-03,2018,12,337,13.2,5.9,20.6,0.0,1.4,3.6,6.5,1021.5,1018.8,22.1,0.0,0
2018-12-04,2018,12,338,14.7,7.3,22.1,0.0,2.5,4.7,8.4,1024.1,1020.6,15.9,0.0,0
2018-12-05,2018,12,339,11.8,7.6,15.9,0.0,1.1,4.7,2.3,1025.4,1023.5,21.3,0.0,0
2018-12-06,2018,12,340,14.0,6.8,21.3,0.0,1.9,9.2,8.3,1026.9,1023.1,18.4,0.0,0
2018-12-07,2018,12,341,11.9,5.4,18.4,0.0,3.1,8.3,6.7,1026.6,1022.8,17.3,0.0,0
2018-12-08,2018,12,342,11.5,5.7,17.3,0.0,1.9,8.9,5.8,1027.8,1023.0,21.5,0.0,0
2018-12-09,2018,12,343,13.2,4.9,21.5,0.0,4.4,11.4,8.0,1027.2,1022.5,18.4,0.0,0
2018-12-10,2018,12,344,13.6,8.8,18.4,0.0,2.5,5.0,4.5,1029.0,1025.4,17.2,0.0,0
2018-12-11,2018,12,345,11.0,4.8,17.2,0.0,2.5,6.7,5.8,1025.4,1019.4,18.3,0.0,0
2018-12-12,2018,12,346,12.3,6.3,18.3,0.0,2.2,7.2,7.4,1019.9,1014.6,16.4,20.0,1
2018-12-13,2018,12,347,12.0,7.6,16.4,20.0,6.1,15.3,0.0,1014.6,1001.7,16.0,0.0,0
2018-12-14,2018,12,348,11.1,6.2,16.0,0.0,3.9,11.4,0.6,1020.7,1003.6,17.3,0.0,0
2018-12-15,2018,12,349,11.6,5.9,17.3,0.0,4.2,9.2,6.2,1022.7,1019.8,18.3,0.0,0
2018-12-16,2018,12,350,13.4,8.5,18.3,0.0,5.8,13.9,5.1,1020.2,1015.1,15.8,0.0,0
2018-12-17,2018,12,351,9.8,3.9,15.8,0.0,4.2,13.9,6.7,1029.6,1020.0,16.0,0.0,0
2018-12-18,2018,12,352,9.0,2.1,16.0,0.0,1.9,7.2,4.5,1029.3,1021.8,18.2,0.0,0
2018-12-19,2018,12,353,11.0,3.7,18.2,0.0,3.1,11.7,3.6,1022.6,1018.6,16.9,0.0,0
2018-12-20,2018,12,354,10.1,3.3,16.9,0.0,1.7,5.8,0.3,1028.9,1022.5,16.7,0.0,0
2018-12-21,2018,12,355,9.1,1.5,16.7,0.0,3.9,9.2,7.8,1032.1,1028.7,17.4,0.0,0
2018-12-22,2018,12,356,10.9,4.4,17.4,0.0,3.3,7.8,6.3,1031.1,1029.0,16.9,0.0,0
2018-12-23,2018,12,357,11.5,6.1,16.9,0.0,1.9,7.2,7.0,1031.2,1028.3,18.1,0.0,0
2018-12-24,2018,12,358,12.4,6.6,18.1,0.0,1.4,4.7,6.1,1028.7,1024.8,17.8,0.0,0
2018-12-25,2018,12,359,11.5,5.2,17.8,0.0,3.3,9.7,4.2,1030.2,1026.3,17.6,0.0,0
2018-12-26,2018,12,360,10.5,3.4,17.6,0.0,1.9,4.7,6.1,1031.2,1027.9,17.2,0.0,0
2018-12-27,2018,12,361,11.4,5.6,17.2,0.0,1.7,4.7,1.6,1028.4,1025.9,16.5,0.0,0
2018-12-28,2018,12,362,12.2,7.9,16.5,0.0,1.7,6.7,0.2,1028.0,1025.5,17.3,0.0,0
2018-12-29,2018,12,363,10.4,3.6,17.3,0.0,1.4,4.7,7.6,1029.3,1027.1,16.4,0.0,0
2018-12-30,2018,12,364,9.2,1.9,16.4,0.0,1.4,5.8,7.6,1029.4,1026.5,17.7,0.0,0
2018-12-31,2018,12,365,10.2,2.6,17.7,0.0,3.6,12.5,8.0,1028.8,1026.5,17.2,0.0,0
2019-01-01,2019,1,1,9.0,0.9,17.2,0.0,2.8,7.8,8.1,1030.2,1026.8,19.2,0.0,0
2019-01-02,2019,1,2,10.4,1.6,19.2,0.0,1.4,8.3,8.4,1026.9,1023.1,12.9,0.0,0
2019-01-03,2019,1,3,7.1,1.3,12.9,0.0,4.4,14.4,8.0,1029.5,1026.6,15.4,0.0,0
2019-01-04,2019,1,4,7.6,-0.1,15.4,0.0,2.8,8.3,4.7,1031.9,1027.2,16.5,0.0,0
2019-01-05,2019,1,5,7.4,-1.6,16.5,0.0,2.5,10.3,8.1,1031.2,1026.3,20.2,0.0,0
2019-01-06,2019,1,6,10.6,1.1,20.2,0.0,1.7,8.9,8.4,1026.7,1023.9,15.5,0.0,0
2019-01-07,2019,1,7,8.8,2.2,15.5,0.0,2.5,5.8,6.6,1029.9,1026.4,15.0,0.0,0
2019-01-08,2019,1,8,9.0,2.9,15.0,0.0,2.2,9.2,8.1,1029.5,1020.5,15.8,0.0,0
2019-01-09,2019,1,9,10.6,5.4,15.8,0.0,3.9,12.8,8.3,1020.5,1011.9,11.8,0.0,0
2019-01-10,2019,1,10,7.0,2.1,11.8,0.0,4.4,11.4,5.3,1019.8,1014.3,10.6,0.0,0
2019-01-11,2019,1,11,4.6,-1.3,10.6,0.0,1.9,9.7,5.0,1026.6,1019.6,14.5,0.0,0
2019-01-12,2019,1,12,6.4,-1.8,14.5,0.0,2.2,8.3,5.9,1027.9,1025.5,15.2,0.0,0
2019-01-13,2019,1,13,7.4,-0.4,15.2,0.0,3.1,10.3,7.2,1025.5,1019.7,16.7,0.0,0
2019-01-14,2019,1,14,10.0,3.3,16.7,0.0,5.0,13.9,8.7,1020.0,1016.2,16.4,0.0,0
2019-01-15,2019,1,15,9.3,2.2,16.4,0.0,2.2,7.2,8.1,1022.4,1019.8,14.9,0.0,0
2019-01-16,2019,1,16,9.0,3.2,14.9,0.0,2.5,7.8,0.0,1020.8,1017.2,17.0,3.8,1
2019-01-17,2019,1,17,13.0,9.0,17.0,3.8,2.5,10.8,4.3,1017.2,1013.9,12.7,0.8,0
2019-01-18,2019,1,18,8.6,4.6,12.7,0.8,3.3,8.9,0.0,1018.4,1016.5,13.8,6.1,1
2019-01-19,2019,1,19,8.2,2.6,13.8,6.1,1.7,7.2,6.0,1016.6,1012.2,14.6,1.6,1
2019-01-20,2019,1,20,9.1,3.6,14.6,1.6,2.2,9.7,1.5,1012.2,1005.7,14.0,0.6,0
2019-01-21,2019,1,21,8.6,3.2,14.0,0.6,2.5,11.7,6.3,1018.1,1010.5,12.3,0.8,0
2019-01-22,2019,1,22,6.4,0.5,12.3,0.8,2.8,9.2,4.4,1018.0,1005.2,15.2,2.2,1
2019-01-23,2019,1,23,11.2,7.3,15.2,2.2,5.8,18.1,1.4,1005.3,995.3,12.5,0.0,0
2019-01-24,2019,1,24,7.0,1.5,12.5,0.0,5.8,18.1,8.4,1010.0,997.8,15.1,0.0,0
2019-01-25,2019,1,25,6.8,-1.5,15.1,0.0,2.8,8.9,7.2,1014.9,1009.4,17.5,0.0,0
2019-01-26,2019,1,26,10.0,2.6,17.5,0.0,3.3,12.8,8.9,1018.9,1012.8,17.7,0.0,0
2019-01-27,2019,1,27,11.8,5.9,17.7,0.0,6.4,21.1,6.7,1012.8,1006.2,15.9,0.0,0
2019-01-28,2019,1,28,12.4,9.0,15.9,0.0,8.3,19.7,5.3,1011.7,1005.8,14.4,0.0,0
2019-01-29,2019,1,29,10.0,5.5,14.4,0.0,3.1,15.0,0.1,1013.1,1005.0,15.5,0.0,0
2019-01-30,2019,1,30,9.5,3.5,15.5,0.0,5.8,18.9,7.2,1010.1,1005.5,19.0,0.0,0
2019-01-31,2019,1,31,12.4,5.8,19.0,0.0,5.8,17.5,6.2,1005.5,999.1,16.5,1.2,1
2019-02-01,2019,2,32,14.8,13.0,16.5,1.2,10.0,19.7,2.3,999.6,991.8,14.3,1.7,1
2019-02-02,2019,2,33,11.3,8.3,14.3,1.7,5.3,16.9,1.6,1008.2,993.4,13.0,0.0,0
2019-02-03,2019,2,34,7.0,1.0,13.0,0.0,3.1,10.3,5.5,1022.0,1008.1,14.0,0.0,0
2019-02-04,2019,2,35,7.4,0.8,14.0,0.0,1.9,8.3,9.3,1026.8,1021.8,17.6,0.0,0
2019-02-05,2019,2,36,8.6,-0.3,17.6,0.0,2.8,8.3,3.9,1026.9,1024.1,16.5,0.0,0
2019-02-06,2019,2,37,9.0,1.6,16.5,0.0,3.9,9.2,9.5,1026.1,1022.2,17.3,0.0,0
2019-02-07,2019,2,38,11.9,6.5,17.3,0.0,2.2,4.7,7.0,1023.8,1019.1,15.7,0.0,0
2019-02-08,2019,2,39,9.8,4.0,15.7,0.0,2.5,6.7,5.7,1024.3,1021.1,16.9,0.0,0
2019-02-09,2019,2,40,11.2,5.6,16.9,0.0,2.2,7.2,8.0,1022.5,1020.6,17.8,0.0,0
2019-02-10,2019,2,41,12.9,8.0,17.8,0.0,6.4,15.3,3.9,1021.4,1017.6,15.8,0.0,0
2019-02-11,2019,2,42,10.6,5.4,15.8,0.0,3.1,8.3,5.4,1029.8,1019.8,16.6,0.0,0
2019-02-12,2019,2,43,9.4,2.2,16.6,0.0,2.8,7.2,8.4,1032.0,1029.5,16.0,0.0,0
2019-02-13,2019,2,44,7.4,-1.3,16.0,0.0,1.4,6.7,9.8,1034.5,1031.2,17.7,0.0,0
2019-02-14,2019,2,45,8.9,0.1,17.7,0.0,1.9,7.2,9.8,1034.9,1031.4,18.8,0.0,0
2019-02-15,2019,2,46,9.4,0.1,18.8,0.0,1.9,6.1,9.9,1031.5,1027.9,18.8,0.0,0
2019-02-16,2019,2,47,9.4,0.1,18.8,0.0,2.5,7.2,8.9,1029.8,1027.2,18.4,0.0,0
2019-02-17,2019,2,48,10.9,3.4,18.4,0.0,2.5,6.1,8.9,1027.9,1023.7,18.8,0.0,0
2019-02-18,2019,2,49,11.2,3.6,18.8,0.0,1.9,6.7,9.2,1024.0,1019.7,17.8,0.0,0
2019-02-19,2019,2,50,10.0,2.1,17.8,0.0,2.5,7.8,7.3,1022.8,1020.0,17.3,0.0,0
2019-02-20,2019,2,51,9.6,2.0,17.3,0.0,3.1,7.8,9.6,1027.4,1022.1,17.1,0.0,0
2019-02-21,2019,2,52,9.7,2.3,17.1,0.0,3.3,7.8,9.0,1031.4,1027.4,20.4,0.0,0
2019-02-22,2019,2,53,10.8,1.3,20.4,0.0,3.3,8.9,9.9,1031.3,1025.7,23.5,0.0,0
2019-02-23,2019,2,54,12.6,1.8,23.5,0.0,2.5,9.7,10.0,1028.1,1023.4,17.0,0.0,0
2019-02-24,2019,2,55,10.0,2.9,17.0,0.0,4.4,13.3,10.2,1033.1,1028.1,18.7,0.0,0
2019-02-25,2019,2,56,9.8,0.8,18.7,0.0,2.8,10.8,10.1,1033.0,1029.2,19.9,0.0,0
2019-02-26,2019,2,57,10.6,1.4,19.9,0.0,3.1,8.9,10.3,1029.4,1027.8,17.0,0.0,0
2019-02-27,2019,2,58,9.6,2.3,17.0,0.0,3.6,9.7,9.6,1028.8,1025.2,17.3,0.0,0
2019-02-28,2019,2,59,11.2,5.0,17.3,0.0,1.9,7.2,8.7,1026.6,1024.6,16.6,0.0,0
2019-03-01,2019,3,60,11.2,5.9,16.6,0.0,3.3,7.2,7.3,1024.9,1020.1,17.3,0.0,0
2019-03-02,2019,3,61,10.0,2.8,17.3,0.0,4.2,10.3,8.8,1024.2,1021.4,17.5,0.0,0
2019-03-03,2019,3,62,11.6,5.8,17.5,0.0,3.6,8.9,8.2,1024.1,1019.1,20.4,0.0,0
2019-03-04,2019,3,63,12.6,4.7,20.4,0.0,5.0,11.7,7.9,1019.1,1015.1,19.6,0.0,0
2019-03-05,2019,3,64,14.8,9.9,19.6,0.0,4.4,9.7,5.3,1017.6,1015.8,23.2,0.0,0
2019-03-06,2019,3,65,16.2,9.2,23.2,0.0,3.3,10.8,4.9,1016.1,1008.1,19.9,0.0,0
2019-03-07,2019,3,66,13.1,6.3,19.9,0.0,5.0,12.5,7.5,1017.7,1010.3,18.5,0.0,0
2019-03-08,2019,3,67,10.6,2.6,18.5,0.0,2.2,7.8,10.8,1027.5,1017.1,19.7,0.0,0
2019-03-09,2019,3,68,11.5,3.3,19.7,0.0,3.6,9.7,10.6,1031.0,1027.5,19.5,0.0,0
2019-03-10,2019,3,69,12.2,5.0,19.5,0.0,3.3,9.7,10.3,1030.1,1025.9,18.4,0.0,0
2019-03-11,2019,3,70,12.4,6.4,18.4,0.0,3.3,13.3,4.4,1031.1,1025.3,18.6,0.0,0
2019-03-12,2019,3,71,12.2,5.9,18.6,0.0,4.2,10.3,7.6,1031.4,1021.1,17.3,0.0,0
2019-03-13,2019,3,72,11.2,5.2,17.3,0.0,3.3,18.9,1.2,1026.3,1017.6,18.3,0.0,0
2019-03-14,2019,3,73,11.6,5.0,18.3,0.0,3.1,10.3,10.5,1027.1,1023.9,24.1,0.0,0
2019-03-15,2019,3,74,14.5,4.9,24.1,0.0,2.5,11.4,11.2,1025.1,1022.1,19.4,0.0,0
2019-03-16,2019,3,75,12.1,4.8,19.4,0.0,2.5,8.9,9.9,1024.8,1017.7,21.7,0.0,0
2019-03-17,2019,3,76,12.8,3.9,21.7,0.0,5.0,16.1,11.3,1018.3,1012.1,15.6,2.1,1
2019-03-18,2019,3,77,11.1,6.6,15.6,2.1,3.6,14.4,0.2,1024.0,1018.3,13.8,5.6,1
2019-03-19,2019,3,78,9.9,6.0,13.8,5.6,4.7,9.7,1.5,1024.5,1021.4,14.2,1.9,1
2019-03-20,2019,3,79,10.4,6.7,14.2,1.9,6.4,16.9,4.5,1026.8,1024.0,16.5,0.0,0
2019-03-21,2019,3,80,11.2,5.8,16.5,0.0,6.9,16.4,7.3,1026.0,1023.6,20.5,0.0,0
2019-03-22,2019,3,81,14.4,8.3,20.5,0.0,5.3,14.4,7.4,1025.3,1023.3,22.3,0.0,0
2019-03-23,2019,3,82,14.5,6.7,22.3,0.0,3.3,8.9,10.8,1025.5,1023.3,19.6,0.0,0
2019-03-24,2019,3,83,12.6,5.5,19.6,0.0,3.1,9.2,11.5,1023.8,1020.8,21.8,0.0,0
2019-03-25,2019,3,84,12.9,4.0,21.8,0.0,3.3,12.5,11.5,1021.1,1017.0,17.4,0.0,0
2019-03-26,2019,3,85,10.6,3.8,17.4,0.0,5.8,16.1,11.0,1022.8,1018.0,18.5,0.0,0
2019-03-27,2019,3,86,11.0,3.4,18.5,0.0,4.4,13.3,11.6,1025.5,1021.9,19.0,0.0,0
2019-03-28,2019,3,87,10.4,1.7,19.0,0.0,3.6,12.8,11.5,1027.8,1025.1,19.2,0.0,0
2019-03-29,2019,3,88,10.8,2.5,19.2,0.0,4.2,10.3,11.5,1027.5,1024.4,19.8,0.0,0
2019-03-30,2019,3,89,13.5,7.2,19.8,0.0,4.7,10.3,10.1,1025.1,1018.3,18.4,0.2,0
2019-03-31,2019,3,90,14.2,9.9,18.4,0.2,5.6,10.8,1.6,1018.3,1012.0,19.2,0.0,0
2019-04-01,2019,4,91,14.7,10.2,19.2,0.0,3.6,9.2,2.1,1016.1,1011.9,18.9,0.0,0
2019-04-02,2019,4,92,12.2,5.6,18.9,0.0,3.3,9.7,10.6,1016.3,1012.3,18.5,0.6,0
2019-04-03,2019,4,93,15.2,11.9,18.5,0.6,4.2,11.7,2.5,1012.3,1000.5,16.8,0.0,0
2019-04-04,2019,4,94,10.6,4.4,16.8,0.0,4.4,12.5,9.6,1005.2,1000.6,18.4,12.0,1
2019-04-05,2019,4,95,9.7,1.0,18.4,12.0,5.3,12.8,7.6,1004.8,1000.2,16.4,4.4,1
2019-04-06,2019,4,96,12.8,9.2,16.4,4.4,8.3,16.1,6.9,1005.1,999.8,16.8,0.2,0
2019-04-07,2019,4,97,11.0,5.2,16.8,0.2,5.0,13.3,4.7,1014.6,1002.4,19.3,0.0,0
2019-04-08,2019,4,98,11.7,4.1,19.3,0.0,5.8,12.5,9.0,1014.4,1010.4,20.3,1.5,1
2019-04-09,2019,4,99,15.0,9.6,20.3,1.5,6.4,12.8,11.0,1010.9,1008.3,19.6,0.0,0
2019-04-10,2019,4,100,15.0,10.4,19.6,0.0,2.8,10.3,7.1,1012.3,1007.0,21.0,0.0,0
2019-04-11,2019,4,101,14.6,8.1,21.0,0.0,4.7,10.3,10.0,1014.7,1011.4,19.5,0.0,0
2019-04-12,2019,4,102,14.1,8.7,19.5,0.0,4.2,10.8,9.3,1017.6,1013.4,19.3,0.0,0
2019-04-13,2019,4,103,12.4,5.4,19.3,0.0,5.8,11.4,12.1,1017.9,1015.9,21.0,0.0,0
2019-04-14,2019,4,104,13.9,6.8,21.0,0.0,1.9,9.7,9.7,1016.9,1013.1,22.8,0.0,0
2019-04-15,2019,4,105,16.0,9.2,22.8,0.0,3.3,9.7,8.2,1017.3,1014.8,20.4,0.0,0
2019-04-16,2019,4,106,15.0,9.6,20.4,0.0,4.7,9.2,9.1,1020.0,1014.6,23.3,0.0,0
2019-04-17,2019,4,107,15.8,8.3,23.3,0.0,4.2,9.7,11.3,1019.9,1015.2,21.6,0.0,0
2019-04-18,2019,4,108,17.4,13.2,21.6,0.0,10.6,17.5,3.5,1016.0,1011.6,17.5,0.0,0
2019-04-19,2019,4,109,16.0,14.6,17.5,0.0,9.2,18.6,0.0,1017.5,1014.8,20.0,0.0,0
2019-04-20,2019,4,110,17.2,14.5,20.0,0.0,12.2,22.2,0.1,1015.8,1011.6,16.9,1.4,1
2019-04-21,2019,4,111,15.4,13.9,16.9,1.4,8.1,17.5,0.0,1011.6,998.6,17.3,0.5,0
2019-04-22,2019,4,112,15.8,14.2,17.3,0.5,5.6,16.9,0.0,999.3,993.5,20.4,1.5,1
2019-04-23,2019,4,113,17.0,13.7,20.4,1.5,5.3,13.3,9.3,1005.5,996.3,19.4,0.0,0
2019-04-24,2019,4,114,16.8,14.1,19.4,0.0,7.5,15.3,12.5,1014.6,1004.7,18.7,0.0,0
2019-04-25,2019,4,115,15.6,12.6,18.7,0.0,5.0,10.8,0.0,1016.9,1012.7,22.9,0.0,0
2019-04-26,2019,4,116,16.2,9.6,22.9,0.0,4.2,10.8,12.9,1024.7,1016.6,23.0,0.0,0
2019-04-27,2019,4,117,15.2,7.4,23.0,0.0,5.0,11.7,12.9,1025.7,1023.2,20.9,0.0,0
2019-04-28,2019,4,118,14.6,8.2,20.9,0.0,4.4,10.8,12.4,1024.5,1019.7,20.3,0.0,0
2019-04-29,2019,4,119,15.6,10.8,20.3,0.0,4.2,10.3,9.5,1021.0,1018.0,20.9,0.0,0
2019-04-30,2019,4,120,14.6,8.2,20.9,0.0,4.4,11.4,12.5,1019.0,1016.4,22.1,0.0,0
2019-05-01,2019,5,121,14.1,6.1,22.1,0.0,3.6,9.7,12.0,1017.0,1014.2,22.1,0.0,0
2019-05-02,2019,5,122,16.4,10.8,22.1,0.0,3.1,8.9,2.1,1015.7,1013.2,21.6,8.0,1
2019-05-03,2019,5,123,15.3,9.0,21.6,8.0,3.9,10.8,5.0,1014.2,1009.0,21.8,0.0,0
2019-05-04,2019,5,124,15.9,10.0,21.8,0.0,4.7,12.8,6.8,1012.2,1009.9,20.4,0.0,0
2019-05-05,2019,5,125,16.2,11.9,20.4,0.0,8.6,13.9,12.5,1017.5,1010.2,20.1,0.0,0
2019-05-06,2019,5,126,15.2,10.2,20.1,0.0,4.2,10.3,11.1,1020.1,1017.2,22.4,0.0,0
2019-05-07,2019,5,127,15.8,9.2,22.4,0.0,3.9,9.7,11.2,1019.7,1015.2,22.5,0.0,0
2019-05-08,2019,5,128,18.8,15.1,22.5,0.0,5.8,12.8,8.1,1015.2,1008.4,26.4,0.0,0
2019-05-09,2019,5,129,20.3,14.2,26.4,0.0,5.6,12.5,11.9,1013.3,1007.9,27.2,0.0,0
2019-05-10,2019,5,130,20.7,14.2,27.2,0.0,4.7,10.3,12.8,1015.1,1011.3,27.5,0.0,0
2019-05-11,2019,5,131,21.0,14.4,27.5,0.0,6.7,15.0,12.7,1022.8,1014.4,24.5,0.0,0
2019-05-12,2019,5,132,17.4,10.2,24.5,0.0,3.1,13.9,12.4,1023.7,1019.2,22.8,0.0,0
2019-05-13,2019,5,133,15.9,9.0,22.8,0.0,3.3,11.7,10.9,1021.2,1018.7,25.6,0.0,0
2019-05-14,2019,5,134,16.4,7.1,25.6,0.0,3.9,10.8,13.2,1020.2,1014.7,25.1,0.0,0
2019-05-15,2019,5,135,16.6,8.0,25.1,0.0,2.8,11.7,13.2,1015.0,1011.1,21.8,0.0,0
2019-05-16,2019,5,136,13.9,6.0,21.8,0.0,3.6,10.3,13.2,1014.5,1005.8,20.9,0.0,0
2019-05-17,2019,5,137,16.7,12.5,20.9,0.0,4.7,18.6,8.3,1007.7,999.6,21.8,0.0,0
2019-05-18,2019,5,138,16.4,11.0,21.8,0.0,4.2,9.7,6.4,1009.8,1006.7,22.6,0.0,0
2019-05-19,2019,5,139,15.8,9.1,22.6,0.0,5.8,12.8,10.6,1011.8,1008.2,24.4,0.0,0
2019-05-20,2019,5,140,16.4,8.5,24.4,0.0,4.7,12.8,12.5,1014.7,1010.4,24.9,0.0,0
2019-05-21,2019,5,141,17.8,10.7,24.9,0.0,2.5,10.3,4.8,1017.4,1014.4,25.0,0.0,0
2019-05-22,2019,5,142,17.2,9.5,25.0,0.0,4.4,10.3,7.8,1019.1,1017.0,24.9,0.0,0
2019-05-23,2019,5,143,17.2,9.5,24.9,0.0,2.8,8.3,9.0,1018.7,1015.7,23.8,2.3,1
2019-05-24,2019,5,144,19.0,14.3,23.8,2.3,1.4,5.8,0.0,1015.8,1013.8,20.6,0.0,0
2019-05-25,2019,5,145,17.3,14.0,20.6,0.0,5.6,11.7,0.0,1016.4,1012.8,24.9,0.0,0
2019-05-26,2019,5,146,18.4,11.9,24.9,0.0,3.9,10.3,3.8,1015.7,1013.3,26.1,0.0,0
2019-05-27,2019,5,147,18.5,10.9,26.1,0.0,4.2,12.8,9.7,1013.3,1010.6,27.0,0.0,0
2019-05-28,2019,5,148,20.7,14.4,27.0,0.0,5.6,13.3,9.0,1017.6,1011.5,22.6,0.0,0
2019-05-29,2019,5,149,17.6,12.6,22.6,0.0,5.8,10.3,10.1,1024.3,1017.4,24.9,0.0,0
2019-05-30,2019,5,150,17.5,10.1,24.9,0.0,4.7,12.5,13.2,1025.2,1022.9,25.2,0.0,0
2019-05-31,2019,5,151,18.1,11.0,25.2,0.0,3.9,9.7,13.6,1024.6,1022.4,25.6,0.0,0
2019-06-01,2019,6,152,18.7,11.8,25.6,0.0,3.9,9.7,13.8,1022.5,1020.2,25.7,0.0,0
2019-06-02,2019,6,153,18.2,10.7,25.7,0.0,4.2,9.7,13.8,1020.6,1018.1,27.2,0.0,0
2019-06-03,2019,6,154,19.0,10.8,27.2,0.0,4.2,11.7,13.5,1018.9,1015.6,31.4,0.0,0
2019-06-04,2019,6,155,21.5,11.6,31.4,0.0,3.9,10.3,13.6,1015.6,1009.1,27.5,0.0,0
2019-06-05,2019,6,156,20.2,13.0,27.5,0.0,4.4,14.4,9.8,1013.0,1006.4,28.8,0.0,0
2019-06-06,2019,6,157,22.4,15.9,28.8,0.0,5.3,10.8,13.1,1014.8,1011.9,27.0,0.0,0
2019-06-07,2019,6,158,21.2,15.4,27.0,0.0,5.3,13.9,10.9,1019.6,1010.6,26.0,0.0,0
2019-06-08,2019,6,159,21.4,16.7,26.0,0.0,9.2,18.1,10.6,1021.3,1015.6,28.7,0.0,0
2019-06-09,2019,6,160,23.6,18.4,28.7,0.0,3.3,11.7,5.7,1015.6,1010.5,27.7,0.0,0
2019-06-10,2019,6,161,21.8,15.8,27.7,0.0,7.5,14.4,11.7,1013.5,1011.4,25.0,0.0,0
2019-06-11,2019,6,162,20.4,15.7,25.0,0.0,5.0,11.4,7.1,1013.7,1009.1,24.8,0.0,0
2019-06-12,2019,6,163,20.6,16.5,24.8,0.0,3.6,9.7,5.7,1015.0,1012.4,28.6,0.0,0
2019-06-13,2019,6,164,21.4,14.1,28.6,0.0,7.8,14.4,11.4,1014.2,1005.8,26.2,0.0,0
2019-06-14,2019,6,165,22.0,17.7,26.2,0.0,6.1,13.9,4.5,1014.9,1003.7,29.9,0.0,0
2019-06-15,2019,6,166,23.2,16.5,29.9,0.0,5.8,9.7,10.5,1019.1,1014.0,27.8,0.0,0
2019-06-16,2019,6,167,22.7,17.6,27.8,0.0,6.1,12.8,7.9,1019.3,1017.0,27.3,0.0,0
2019-06-17,2019,6,168,21.1,14.9,27.3,0.0,5.0,10.8,13.3,1017.5,1015.3,28.0,0.0,0
2019-06-18,2019,6,169,20.4,12.7,28.0,0.0,4.2,9.7,13.8,1016.1,1013.7,26.4,0.0,0
2019-06-19,2019,6,170,19.6,12.7,26.4,0.0,3.9,10.8,13.1,1014.3,1012.1,27.8,0.0,0
2019-06-20,2019,6,171,23.4,18.9,27.8,0.0,4.2,12.5,11.4,1013.1,1010.8,27.5,0.0,0
2019-06-21,2019,6,172,21.7,15.9,27.5,0.0,5.0,9.7,7.3,1015.4,1011.4,29.1,0.0,0
2019-06-22,2019,6,173,23.6,18.0,29.1,0.0,5.3,11.4,11.0,1016.4,1014.3,32.0,0.0,0
2019-06-23,2019,6,174,24.2,16.3,32.0,0.0,4.7,10.8,12.8,1015.0,1012.3,34.3,0.0,0
2019-06-24,2019,6,175,27.3,20.3,34.3,0.0,4.4,9.7,11.5,1014.5,1011.6,28.4,0.0,0
2019-06-25,2019,6,176,24.5,20.6,28.4,0.0,3.3,10.8,9.5,1017.1,1013.5,39.2,0.0,0
2019-06-26,2019,6,177,30.4,21.5,39.2,0.0,6.1,11.4,12.3,1018.8,1015.8,38.0,0.0,0
2019-06-27,2019,6,178,29.6,21.1,38.0,0.0,3.9,9.2,12.9,1018.7,1016.7,33.2,0.0,0
2019-06-28,2019,6,179,25.4,17.5,33.2,0.0,3.1,9.7,13.4,1017.6,1014.0,33.5,0.0,0
2019-06-29,2019,6,180,26.3,19.1,33.5,0.0,3.1,7.8,12.4,1015.4,1013.4,37.8,0.0,0
2019-06-30,2019,6,181,28.4,19.1,37.8,0.0,3.6,9.7,13.2,1017.1,1014.8,37.7,0.0,0
2019-07-01,2019,7,182,28.8,19.8,37.7,0.0,4.2,11.4,13.1,1016.9,1014.5,32.5,0.0,0
2019-07-02,2019,7,183,26.5,20.5,32.5,0.0,4.4,10.8,13.2,1015.8,1013.0,32.9,0.0,0
2019-07-03,2019,7,184,25.7,18.5,32.9,0.0,5.0,11.4,13.2,1014.8,1012.7,36.0,0.0,0
2019-07-04,2019,7,185,28.4,20.7,36.0,0.0,4.7,11.4,12.1,1017.1,1013.2,31.4,0.0,0
2019-07-05,2019,7,186,26.4,21.5,31.4,0.0,5.8,12.5,12.3,1016.8,1013.6,30.8,0.0,0
2019-07-06,2019,7,187,27.0,23.3,30.8,0.0,4.7,11.4,10.2,1014.8,1011.2,37.6,0.0,0
2019-07-07,2019,7,188,31.6,25.6,37.6,0.0,5.0,11.4,6.0,1014.9,1009.3,38.4,4.0,1
2019-07-08,2019,7,189,31.7,25.0,38.4,4.0,6.4,18.1,4.0,1013.4,1008.1,33.3,0.0,0
2019-07-09,2019,7,190,27.8,22.2,33.3,0.0,6.4,14.4,11.3,1013.6,1006.3,33.6,0.0,0
2019-07-10,2019,7,191,26.7,19.8,33.6,0.0,4.4,12.5,13.1,1014.8,1012.5,31.7,0.0,0
2019-07-11,2019,7,192,25.6,19.6,31.7,0.0,4.7,11.4,11.0,1015.2,1013.0,33.8,0.0,0
2019-07-12,2019,7,193,26.8,19.7,33.8,0.0,4.2,8.3,9.9,1016.1,1013.6,35.4,0.0,0
2019-07-13,2019,7,194,28.7,22.0,35.4,0.0,3.6,12.5,4.7,1014.9,1011.2,30.8,2.2,1
2019-07-14,2019,7,195,26.2,21.6,30.8,2.2,5.6,10.8,4.7,1012.6,1007.5,31.8,0.0,0
2019-07-15,2019,7,196,25.4,18.9,31.8,0.0,3.9,8.9,6.8,1014.6,1009.7,32.3,0.0,0
2019-07-16,2019,7,197,24.9,17.5,32.3,0.0,4.4,10.8,12.4,1015.8,1014.4,31.7,0.0,0
2019-07-17,2019,7,198,25.0,18.4,31.7,0.0,4.7,10.3,8.9,1015.3,1011.7,32.3,0.0,0
2019-07-18,2019,7,199,25.7,19.1,32.3,0.0,4.4,11.7,12.4,1016.0,1012.9,32.4,0.0,0
2019-07-19,2019,7,200,25.8,19.2,32.4,0.0,5.0,10.8,12.4,1016.5,1013.7,36.7,0.0,0
2019-07-20,2019,7,201,28.9,21.1,36.7,0.0,5.3,9.7,11.6,1018.0,1014.1,36.8,0.0,0
2019-07-21,2019,7,202,29.1,21.4,36.8,0.0,5.0,10.3,11.2,1020.8,1017.1,36.7,0.0,0
2019-07-22,2019,7,203,29.0,21.3,36.7,0.0,3.6,9.2,12.1,1021.2,1018.6,35.9,0.0,0
2019-07-23,2019,7,204,28.4,20.9,35.9,0.0,4.4,10.3,11.2,1018.7,1015.5,36.7,0.0,0
2019-07-24,2019,7,205,28.8,20.8,36.7,0.0,4.4,11.4,12.6,1015.9,1013.9,34.8,0.0,0
2019-07-25,2019,7,206,28.0,21.1,34.8,0.0,6.1,10.8,12.6,1014.9,1012.0,33.7,0.0,0
2019-07-26,2019,7,207,26.8,20.0,33.7,0.0,5.3,12.5,10.4,1012.7,1006.8,31.4,0.0,0
2019-07-27,2019,7,208,26.9,22.4,31.4,0.0,4.2,15.0,10.0,1006.8,1001.9,31.3,0.0,0
2019-07-28,2019,7,209,25.4,19.6,31.3,0.0,6.7,13.3,12.5,1010.8,1005.4,30.8,0.0,0
2019-07-29,2019,7,210,23.7,16.6,30.8,0.0,4.2,12.5,13.2,1012.0,1010.1,33.6,0.0,0
2019-07-30,2019,7,211,26.8,20.0,33.6,0.0,4.7,11.4,12.1,1015.7,1011.7,30.3,0.0,0
2019-07-31,2019,7,212,27.0,23.6,30.3,0.0,9.4,16.1,6.7,1017.6,1013.1,36.3,0.0,0
2019-08-01,2019,8,213,30.1,23.9,36.3,0.0,5.6,12.5,8.1,1014.7,1007.4,33.1,0.0,0
2019-08-02,2019,8,214,27.2,21.4,33.1,0.0,6.7,11.7,12.4,1015.0,1011.0,34.7,0.0,0
2019-08-03,2019,8,215,26.6,18.6,34.7,0.0,4.2,10.3,12.5,1014.9,1012.2,33.9,0.0,0
2019-08-04,2019,8,216,27.0,20.0,33.9,0.0,4.2,11.4,11.4,1014.6,1012.4,32.8,0.0,0
2019-08-05,2019,8,217,26.2,19.5,32.8,0.0,4.2,11.7,12.2,1014.6,1011.6,31.6,0.0,0
2019-08-06,2019,8,218,26.6,21.7,31.6,0.0,4.7,11.7,11.9,1013.3,1009.1,31.3,0.0,0
2019-08-07,2019,8,219,26.8,22.4,31.3,0.0,3.3,9.2,8.1,1011.9,1008.3,31.4,0.0,0
2019-08-08,2019,8,220,27.4,23.5,31.4,0.0,4.2,10.3,12.2,1012.7,1009.9,31.4,0.0,0
2019-08-09,2019,8,221,26.2,21.0,31.4,0.0,3.9,9.7,12.5,1013.3,1011.4,34.7,0.0,0
2019-08-10,2019,8,222,28.4,22.0,34.7,0.0,3.9,9.2,11.2,1015.1,1012.8,32.1,0.0,0
2019-08-11,2019,8,223,28.0,23.9,32.1,0.0,4.7,10.8,9.4,1014.1,1010.6,31.6,0.0,0
2019-08-12,2019,8,224,27.9,24.2,31.6,0.0,8.9,13.9,7.9,1017.4,1010.3,31.4,0.0,0
2019-08-13,2019,8,225,26.2,20.9,31.4,0.0,5.6,15.0,8.7,1018.7,1016.2,29.6,0.0,0
2019-08-14,2019,8,226,23.9,18.2,29.6,0.0,5.8,13.3,12.3,1018.9,1016.9,30.0,0.0,0
2019-08-15,2019,8,227,24.4,18.9,30.0,0.0,4.2,10.3,12.4,1018.9,1017.2,31.4,0.0,0
2019-08-16,2019,8,228,26.0,20.5,31.4,0.0,4.7,9.7,12.5,1018.8,1015.6,33.0,0.0,0
2019-08-17,2019,8,229,26.6,20.2,33.0,0.0,4.2,10.8,12.4,1016.7,1013.3,36.2,0.0,0
2019-08-18,2019,8,230,28.8,21.4,36.2,0.0,4.2,9.7,12.3,1014.3,1010.7,35.7,0.0,0
2019-08-19,2019,8,231,28.3,20.9,35.7,0.0,3.6,11.7,12.4,1015.5,1012.2,31.9,0.0,0
2019-08-20,2019,8,232,27.1,22.3,31.9,0.0,8.1,16.9,7.9,1019.4,1014.2,31.6,0.0,0
2019-08-21,2019,8,233,25.6,19.6,31.6,0.0,5.0,11.7,11.0,1019.7,1017.0,31.7,0.0,0
2019-08-22,2019,8,234,24.0,16.3,31.7,0.0,5.0,12.5,12.2,1019.3,1017.7,30.5,0.0,0
2019-08-23,2019,8,235,23.2,16.0,30.5,0.0,4.4,10.3,10.7,1019.1,1017.2,31.6,0.0,0
2019-08-24,2019,8,236,25.6,19.7,31.6,0.0,3.3,10.3,9.1,1018.2,1016.7,30.7,0.0,0
2019-08-25,2019,8,237,24.7,18.7,30.7,0.0,3.9,10.8,11.6,1017.8,1015.7,33.7,0.3,0
2019-08-26,2019,8,238,26.6,19.4,33.7,0.3,4.2,11.7,10.8,1016.6,1013.8,26.6,11.2,1
2019-08-27,2019,8,239,23.4,20.1,26.6,11.2,3.6,15.3,1.7,1018.1,1011.9,31.3,0.0,0
2019-08-28,2019,8,240,25.2,19.2,31.3,0.0,3.6,11.4,10.0,1017.3,1014.1,32.3,0.0,0
2019-08-29,2019,8,241,25.6,18.8,32.3,0.0,3.6,13.9,11.1,1019.3,1017.1,32.0,0.0,0
2019-08-30,2019,8,242,26.6,21.2,32.0,0.0,3.9,9.7,10.3,1019.6,1016.5,31.1,0.0,0
2019-08-31,2019,8,243,25.5,19.9,31.1,0.0,3.6,9.7,10.4,1016.5,1012.7,34.1,3.4,1
2019-09-01,2019,9,244,26.6,19.1,34.1,3.4,3.3,8.3,9.0,1014.9,1012.1,29.6,1.4,1
2019-09-02,2019,9,245,25.7,21.8,29.6,1.4,4.4,9.7,3.3,1019.8,1014.6,29.7,0.0,0
2019-09-03,2019,9,246,24.8,20.0,29.7,0.0,3.9,10.8,8.6,1020.9,1018.9,29.8,0.0,0
2019-09-04,2019,9,247,23.7,17.6,29.8,0.0,3.6,11.4,11.9,1019.8,1015.6,29.9,8.2,1
2019-09-05,2019,9,248,24.0,18.0,29.9,8.2,3.6,10.3,8.7,1018.9,1015.5,27.5,0.0,0
2019-09-06,2019,9,249,22.8,18.1,27.5,0.0,2.5,8.3,4.5,1020.3,1018.0,26.0,0.0,0
2019-09-07,2019,9,250,20.7,15.4,26.0,0.0,4.2,10.3,4.4,1020.5,1017.5,26.0,0.0,0
2019-09-08,2019,9,251,19.5,13.0,26.0,0.0,3.6,8.9,2.9,1019.1,1016.0,26.4,0.0,0
2019-09-09,2019,9,252,19.7,13.0,26.4,0.0,4.4,11.7,8.9,1017.7,1011.8,27.9,15.3,1
2019-09-10,2019,9,253,20.2,12.5,27.9,15.3,8.6,15.0,3.5,1011.8,1003.4,25.6,0.0,0
2019-09-11,2019,9,254,18.7,11.8,25.6,0.0,4.7,18.1,7.7,1020.7,1008.3,26.1,1.9,1
2019-09-12,2019,9,255,22.3,18.5,26.1,1.9,8.6,18.1,7.3,1025.8,1020.5,22.9,11.7,1
2019-09-13,2019,9,256,20.5,18.1,22.9,11.7,6.7,23.3,0.3,1028.7,1020.4,28.1,0.0,0
2019-09-14,2019,9,257,23.6,19.0,28.1,0.0,6.1,12.8,7.9,1023.7,1019.1,29.3,0.0,0
2019-09-15,2019,9,258,24.8,20.4,29.3,0.0,5.8,11.7,4.3,1020.9,1017.5,26.7,0.0,0
2019-09-16,2019,9,259,23.4,20.0,26.7,0.0,4.4,10.3,1.9,1017.9,1015.2,28.3,0.0,0
2019-09-17,2019,9,260,23.6,18.9,28.3,0.0,3.6,10.8,6.6,1016.5,1012.8,28.4,0.0,0
2019-09-18,2019,9,261,23.2,17.9,28.4,0.0,2.2,8.3,7.9,1015.6,1012.6,28.7,0.0,0
2019-09-19,2019,9,262,23.6,18.4,28.7,0.0,3.1,9.2,5.2,1017.6,1014.9,30.1,0.0,0
2019-09-20,2019,9,263,24.4,18.7,30.1,0.0,4.4,11.4,8.1,1018.1,1013.7,31.8,0.0,0
2019-09-21,2019,9,264,27.4,23.0,31.8,0.0,4.2,8.9,5.8,1014.0,1009.3,28.8,0.0,0
2019-09-22,2019,9,265,25.2,21.7,28.8,0.0,5.0,11.4,7.9,1014.9,1010.9,30.0,0.0,0
2019-09-23,2019,9,266,24.4,18.8,30.0,0.0,3.9,10.8,5.9,1018.6,1014.5,27.8,0.0,0
2019-09-24,2019,9,267,22.2,16.6,27.8,0.0,4.7,10.8,11.0,1018.3,1013.4,30.2,0.0,0
2019-09-25,2019,9,268,23.9,17.6,30.2,0.0,4.7,12.5,9.8,1017.2,1012.0,26.9,0.0,0
2019-09-26,2019,9,269,21.6,16.3,26.9,0.0,3.9,9.2,10.9,1019.6,1017.2,27.5,0.0,0
2019-09-27,2019,9,270,22.2,16.9,27.5,0.0,3.3,9.2,10.7,1019.0,1017.2,28.5,0.0,0
2019-09-28,2019,9,271,23.0,17.6,28.5,0.0,4.2,9.7,10.8,1020.5,1018.5,27.5,0.0,0
2019-09-29,2019,9,272,22.1,16.7,27.5,0.0,3.6,9.7,10.7,1018.9,1015.8,27.7,0.0,0
2019-09-30,2019,9,273,22.1,16.5,27.7,0.0,3.1,9.7,10.8,1017.4,1014.1,27.3,0.0,0
2019-10-01,2019,10,274,22.7,18.1,27.3,0.0,3.3,8.9,8.7,1014.2,1008.7,25.3,8.7,1
2019-10-02,2019,10,275,20.8,16.2,25.3,8.7,2.5,13.9,5.7,1015.7,1009.2,27.3,0.0,0
2019-10-03,2019,10,276,21.2,15.1,27.3,0.0,3.1,9.2,10.3,1016.8,1014.5,25.2,0.0,0
2019-10-04,2019,10,277,19.5,13.8,25.2,0.0,3.3,8.9,10.7,1017.8,1014.6,27.7,0.0,0
2019-10-05,2019,10,278,21.2,14.7,27.7,0.0,3.3,7.8,8.2,1016.2,1013.9,27.7,0.0,0
2019-10-06,2019,10,279,22.0,16.4,27.7,0.0,3.6,8.9,9.1,1017.8,1015.1,26.2,0.0,0
2019-10-07,2019,10,280,20.6,15.1,26.2,0.0,3.3,13.3,7.1,1018.9,1012.6,25.0,0.0,0
2019-10-08,2019,10,281,18.2,11.3,25.0,0.0,3.6,9.7,10.7,1020.7,1017.7,25.4,0.0,0
2019-10-09,2019,10,282,19.8,14.2,25.4,0.0,2.5,7.8,10.5,1019.7,1016.2,25.2,0.0,0
2019-10-10,2019,10,283,20.8,16.3,25.2,0.0,2.5,8.3,2.4,1022.6,1019.2,27.3,0.0,0
2019-10-11,2019,10,284,21.0,14.7,27.3,0.0,3.6,9.7,9.2,1022.9,1019.6,28.6,0.0,0
2019-10-12,2019,10,285,22.7,16.8,28.6,0.0,3.1,7.8,7.3,1020.2,1017.4,29.7,0.0,0
2019-10-13,2019,10,286,23.9,18.1,29.7,0.0,2.8,9.2,9.6,1017.9,1014.6,31.6,16.9,1
2019-10-14,2019,10,287,24.0,16.4,31.6,16.9,3.9,14.4,6.5,1015.7,1010.8,22.3,0.0,0
2019-10-15,2019,10,288,16.8,11.3,22.3,0.0,4.2,10.8,10.3,1020.3,1011.1,24.2,0.0,0
2019-10-16,2019,10,289,16.7,9.2,24.2,0.0,3.6,11.4,10.3,1020.3,1016.9,24.8,0.0,0
2019-10-17,2019,10,290,19.1,13.4,24.8,0.0,3.9,10.8,8.4,1017.7,1013.4,25.6,0.0,0
2019-10-18,2019,10,291,19.4,13.1,25.6,0.0,3.6,8.9,5.8,1017.0,1013.5,25.1,0.0,0
2019-10-19,2019,10,292,20.1,15.1,25.1,0.0,4.2,11.4,7.0,1013.5,1008.3,25.7,6.6,1
2019-10-20,2019,10,293,21.8,18.0,25.7,6.6,4.7,15.0,0.2,1015.0,1006.8,20.0,52.6,1
2019-10-21,2019,10,294,17.2,14.5,20.0,52.6,3.3,16.1,0.0,1019.4,1013.8,26.5,36.8,1
2019-10-22,2019,10,295,21.4,16.4,26.5,36.8,6.1,22.8,2.0,1014.7,1001.5,20.3,4.6,1
2019-10-23,2019,10,296,16.8,13.3,20.3,4.6,5.8,20.6,2.8,1011.2,1004.6,21.0,0.0,0
2019-10-24,2019,10,297,16.2,11.4,21.0,0.0,2.2,8.9,7.7,1020.1,1010.7,22.9,0.0,0
2019-10-25,2019,10,298,16.8,10.7,22.9,0.0,2.5,7.8,9.9,1021.2,1019.1,24.3,0.0,0
2019-10-26,2019,10,299,17.0,9.7,24.3,0.0,2.2,5.8,8.4,1021.3,1018.9,24.1,0.0,0
2019-10-27,2019,10,300,18.2,12.3,24.1,0.0,2.2,6.4,9.5,1021.3,1019.1,22.9,0.0,0
2019-10-28,2019,10,301,17.6,12.3,22.9,0.0,2.8,7.2,7.1,1019.4,1016.3,23.2,0.0,0
2019-10-29,2019,10,302,18.6,14.1,23.2,0.0,3.1,8.3,5.0,1018.6,1015.3,23.2,0.0,0
2019-10-30,2019,10,303,18.2,13.2,23.2,0.0,3.1,8.9,8.9,1020.2,1018.3,25.3,0.0,0
2019-10-31,2019,10,304,19.8,14.2,25.3,0.0,3.3,11.4,4.2,1019.9,1016.9,23.8,0.0,0
2019-11-01,2019,11,305,18.0,12.1,23.8,0.0,3.9,9.2,5.3,1019.3,1011.7,24.4,0.0,0
2019-11-02,2019,11,306,20.2,15.9,24.4,0.0,5.3,11.7,4.8,1011.7,1001.9,24.3,0.6,0
2019-11-03,2019,11,307,19.8,15.2,24.3,0.6,8.1,22.8,6.2,1008.1,997.9,23.3,0.0,0
2019-11-04,2019,11,308,17.2,11.0,23.3,0.0,7.8,20.0,5.8,1009.0,1004.3,21.1,0.5,0
2019-11-05,2019,11,309,17.2,13.2,21.1,0.5,6.4,18.9,7.1,1008.8,1003.2,19.2,0.0,0
2019-11-06,2019,11,310,13.8,8.3,19.2,0.0,3.3,12.8,1.7,1012.2,1008.4,20.4,6.4,1
2019-11-07,2019,11,311,13.7,7.0,20.4,6.4,4.7,14.4,4.7,1011.5,1005.5,17.0,2.2,1
2019-11-08,2019,11,312,12.6,8.1,17.0,2.2,4.4,16.9,7.2,1012.6,1006.2,17.1,3.7,1
2019-11-09,2019,11,313,14.4,11.8,17.1,3.7,5.3,15.3,5.6,1016.0,1009.3,17.0,16.0,1
2019-11-10,2019,11,314,11.6,6.2,17.0,16.0,3.1,15.0,0.0,1010.0,1005.6,15.3,0.0,0
2019-11-11,2019,11,315,10.7,6.1,15.3,0.0,4.4,12.8,1.7,1010.0,1008.1,16.9,0.0,0
2019-11-12,2019,11,316,11.4,5.9,16.9,0.0,4.2,10.8,6.6,1010.1,1006.6,14.0,3.0,1
2019-11-13,2019,11,317,10.2,6.4,14.0,3.0,2.2,7.2,0.0,1011.5,1004.1,18.2,2.5,1
2019-11-14,2019,11,318,12.0,5.7,18.2,2.5,6.7,17.5,0.0,1009.4,997.3,15.0,2.2,1
2019-11-15,2019,11,319,9.8,4.7,15.0,2.2,2.8,15.0,5.2,1005.7,998.4,14.5,2.2,1
2019-11-16,2019,11,320,10.2,5.8,14.5,2.2,3.6,10.8,0.3,1010.9,1005.4,15.7,2.1,1
2019-11-17,2019,11,321,12.8,9.9,15.7,2.1,5.0,13.3,6.1,1011.1,1007.5,15.6,1.7,1
2019-11-18,2019,11,322,11.6,7.5,15.6,1.7,4.2,10.3,8.1,1014.6,1004.7,16.0,0.0,0
2019-11-19,2019,11,323,10.0,3.9,16.0,0.0,2.8,9.2,4.0,1016.2,1014.4,15.0,3.4,1
2019-11-20,2019,11,324,9.4,3.9,15.0,3.4,1.7,4.7,3.7,1015.1,1009.0,16.8,1.8,1
2019-11-21,2019,11,325,12.4,8.1,16.8,1.8,3.3,12.5,3.7,1009.3,1007.7,17.9,19.4,1
2019-11-22,2019,11,326,13.8,9.8,17.9,19.4,6.7,18.6,1.6,1008.5,994.4,17.4,5.6,1
2019-11-23,2019,11,327,15.0,12.5,17.4,5.6,5.8,18.9,0.6,1003.0,991.6,16.4,0.0,0
2019-11-24,2019,11,328,14.0,11.6,16.4,0.0,4.7,15.0,7.4,1011.4,1002.7,20.1,0.0,0
2019-11-25,2019,11,329,13.6,7.1,20.1,0.0,3.1,8.9,6.4,1014.5,1009.7,18.7,0.0,0
2019-11-26,2019,11,330,12.6,6.6,18.7,0.0,4.2,10.3,7.0,1014.2,1008.5,21.1,0.0,0
2019-11-27,2019,11,331,15.5,9.9,21.1,0.0,5.8,12.8,8.7,1011.3,1006.6,19.7,0.0,0
2019-11-28,2019,11,332,13.5,7.3,19.7,0.0,5.0,11.4,7.5,1015.7,1010.1,19.6,0.0,0
2019-11-29,2019,11,333,14.6,9.5,19.6,0.0,2.2,7.2,5.1,1021.1,1014.1,18.5,0.0,0
2019-11-30,2019,11,334,13.6,8.6,18.5,0.0,3.1,7.2,4.3,1020.7,1014.5,18.6,3.3,1
2019-12-01,2019,12,335,15.6,12.5,18.6,3.3,3.6,8.9,6.1,1014.5,1010.4,15.9,0.0,0
2019-12-02,2019,12,336,14.3,12.7,15.9,0.0,7.2,16.1,3.0,1016.3,1011.0,15.9,38.7,1
2019-12-03,2019,12,337,13.9,11.9,15.9,38.7,5.6,16.1,1.5,1016.1,1006.8,16.2,33.1,1
2019-12-04,2019,12,338,12.2,8.2,16.2,33.1,3.1,15.0,0.1,1009.4,1002.2,17.2,0.0,0
2019-12-05,2019,12,339,11.4,5.7,17.2,0.0,2.2,6.7,8.0,1021.4,1009.3,19.0,0.0,0
2019-12-06,2019,12,340,13.6,8.3,19.0,0.0,1.4,4.2,6.5,1023.6,1020.8,17.0,0.0,0
2019-12-07,2019,12,341,11.7,6.4,17.0,0.0,1.1,3.6,1.6,1023.9,1021.5,16.7,0.0,0
2019-12-08,2019,12,342,10.8,4.9,16.7,0.0,3.6,9.7,5.6,1023.6,1020.7,17.9,0.0,0
2019-12-09,2019,12,343,14.0,10.2,17.9,0.0,7.8,22.8,8.3,1023.1,1018.3,16.5,0.0,0
2019-12-10,2019,12,344,11.0,5.4,16.5,0.0,4.2,10.8,8.3,1025.2,1021.0,16.9,0.0,0
2019-12-11,2019,12,345,10.0,3.2,16.9,0.0,4.7,16.4,4.7,1022.6,1014.1,17.0,0.0,0
2019-12-12,2019,12,346,13.8,10.7,17.0,0.0,5.3,15.3,3.2,1018.4,1006.1,18.9,0.0,0
2019-12-13,2019,12,347,16.9,14.9,18.9,0.0,12.2,18.6,0.0,1009.4,1002.8,19.8,0.0,0
2019-12-14,2019,12,348,14.6,9.3,19.8,0.0,3.6,13.3,7.4,1016.3,1008.9,17.0,0.0,0
2019-12-15,2019,12,349,11.8,6.5,17.0,0.0,4.2,9.7,7.1,1015.5,1013.6,19.1,0.0,0
2019-12-16,2019,12,350,15.0,10.9,19.1,0.0,1.7,6.1,1.5,1013.6,1004.9,18.8,0.0,0
2019-12-17,2019,12,351,15.3,11.8,18.8,0.0,2.5,8.3,0.0,1011.2,1003.7,18.6,0.0,0
2019-12-18,2019,12,352,13.4,8.1,18.6,0.0,1.9,8.3,3.1,1017.7,1011.0,16.7,0.0,0
2019-12-19,2019,12,353,11.4,6.2,16.7,0.0,3.6,10.3,4.6,1018.1,1011.9,17.8,2.0,1
2019-12-20,2019,12,354,16.6,15.5,17.8,2.0,9.2,16.9,0.0,1011.9,1001.0,19.5,0.0,0
2019-12-21,2019,12,355,17.8,16.2,19.5,0.0,8.3,25.3,3.9,1005.7,1000.6,19.7,0.0,0
2019-12-22,2019,12,356,17.9,16.1,19.7,0.0,9.7,21.7,8.0,1017.3,1002.3,18.2,0.0,0
2019-12-23,2019,12,357,13.3,8.4,18.2,0.0,5.3,15.3,8.2,1025.9,1017.3,18.5,0.0,0
2019-12-24,2019,12,358,11.8,5.0,18.5,0.0,2.5,7.2,7.3,1027.2,1024.6,17.8,0.0,0
2019-12-25,2019,12,359,11.0,4.1,17.8,0.0,1.9,5.8,8.5,1025.6,1022.0,21.9,0.0,0
2019-12-26,2019,12,360,13.8,5.8,21.9,0.0,3.1,9.2,8.0,1029.2,1020.7,17.3,0.0,0
2019-12-27,2019,12,361,10.8,4.4,17.3,0.0,2.5,8.3,6.0,1029.8,1026.8,18.0,0.0,0
2019-12-28,2019,12,362,10.4,2.8,18.0,0.0,1.9,5.0,8.0,1031.6,1028.2,15.9,0.0,0
2019-12-29,2019,12,363,9.7,3.5,15.9,0.0,,7.8,6.0,1032.8,1029.7,16.3,0.0,0
2019-12-30,2019,12,364,10.3,4.3,16.3,0.0,1.9,5.8,7.8,1033.3,1030.9,16.8,0.0,0
2019-12-31,2019,12,365,10.2,3.5,16.8,0.0,1.7,5.8,8.5,1033.5,1031.1,16.7,0.0,0
2020-01-01,2020,1,1,10.6,4.4,16.7,0.0,1.1,5.8,1.2,1032.8,1030.6,15.9,0.0,0
2020-01-02,2020,1,2,10.9,5.9,15.9,0.0,1.4,6.1,3.6,1033.1,1030.6,15.2,0.0,0
2020-01-03,2020,1,3,11.0,6.9,15.2,0.0,2.2,6.1,0.0,1031.8,1029.4,16.8,0.0,0
2020-01-04,2020,1,4,10.7,4.6,16.8,0.0,2.8,6.7,5.8,1032.5,1029.6,17.6,0.0,0
2020-01-05,2020,1,5,9.6,1.6,17.6,0.0,2.5,6.1,8.6,1029.6,1026.1,14.7,0.0,0
2020-01-06,2020,1,6,8.0,1.3,14.7,0.0,1.1,3.6,0.0,1029.0,1026.5,17.1,0.0,0
2020-01-07,2020,1,7,10.4,3.6,17.1,0.0,1.9,5.8,7.7,1030.4,1027.3,16.2,0.0,0
2020-01-08,2020,1,8,9.6,3.1,16.2,0.0,3.9,9.7,8.1,1030.0,1027.2,17.4,0.0,0
2020-01-09,2020,1,9,9.8,2.3,17.4,0.0,1.4,6.1,4.7,1029.2,1023.7,13.9,2.0,1
2020-01-10,2020,1,10,8.8,3.6,13.9,2.0,4.4,10.3,0.1,1026.9,1022.8,14.1,0.0,0
2020-01-11,2020,1,11,7.9,1.7,14.1,0.0,5.3,12.8,7.4,1029.8,1026.4,16.1,0.0,0
2020-01-12,2020,1,12,7.9,-0.3,16.1,0.0,1.4,4.7,8.6,1029.9,1027.1,14.3,0.0,0
2020-01-13,2020,1,13,6.7,-0.9,14.3,0.0,3.3,8.3,7.1,1028.2,1022.6,15.8,0.0,0
2020-01-14,2020,1,14,12.1,8.4,15.8,0.0,4.7,9.2,3.9,1024.1,1021.5,15.6,0.0,0
2020-01-15,2020,1,15,10.2,4.9,15.6,0.0,3.3,8.9,2.1,1027.7,1022.8,16.7,0.0,0
2020-01-16,2020,1,16,9.7,2.7,16.7,0.0,1.7,6.7,8.1,1029.0,1026.6,17.8,0.0,0
2020-01-17,2020,1,17,11.4,4.9,17.8,0.0,4.2,12.8,7.4,1030.8,1025.6,16.0,3.1,1
2020-01-18,2020,1,18,9.2,2.3,16.0,3.1,1.4,4.7,3.8,1031.3,1020.0,12.2,70.7,1
2020-01-19,2020,1,19,10.1,8.0,12.2,70.7,8.6,23.3,0.0,1020.0,1013.6,15.2,15.7,1
2020-01-20,2020,1,20,12.2,9.1,15.2,15.7,5.8,23.3,0.1,1019.8,1014.4,15.4,2.7,1
2020-01-21,2020,1,21,12.6,9.8,15.4,2.7,7.2,19.7,0.1,1019.3,1015.6,17.0,2.4,1
2020-01-22,2020,1,22,12.4,7.7,17.0,2.4,3.1,9.2,0.4,1019.2,1015.6,17.1,0.0,0
2020-01-23,2020,1,23,12.4,7.7,17.1,0.0,1.9,4.7,7.5,1022.5,1017.2,17.8,0.0,0
2020-01-24,2020,1,24,11.2,4.6,17.8,0.0,2.2,8.3,8.4,1022.2,1020.1,17.1,0.0,0
2020-01-25,2020,1,25,12.6,8.2,17.1,0.0,2.2,6.1,1.6,1021.8,1016.8,16.8,0.0,0
2020-01-26,2020,1,26,11.0,5.1,16.8,0.0,2.5,8.3,3.8,1023.4,1016.9,15.5,0.0,0
2020-01-27,2020,1,27,9.5,3.5,15.5,0.0,3.9,11.7,7.2,1024.0,1019.9,17.7,0.0,0
2020-01-28,2020,1,28,15.0,12.2,17.7,0.0,6.1,13.3,8.4,1020.5,1018.5,18.7,0.0,0
2020-01-29,2020,1,29,13.3,7.9,18.7,0.0,2.2,7.8,8.5,1023.0,1019.4,18.6,0.0,0
2020-01-30,2020,1,30,13.7,8.8,18.6,0.0,3.1,9.7,3.4,1022.3,1019.6,19.6,0.0,0
2020-01-31,2020,1,31,13.8,7.9,19.6,0.0,2.8,8.3,6.7,1022.1,1019.5,18.7,0.0,0
2020-02-01,2020,2,32,11.8,5.0,18.7,0.0,2.8,8.9,5.5,1026.1,1019.9,19.0,0.0,0
2020-02-02,2020,2,33,12.7,6.4,19.0,0.0,2.2,9.2,9.0,1028.5,1025.6,19.8,0.0,0
2020-02-03,2020,2,34,14.1,8.4,19.8,0.0,1.9,5.8,9.2,1028.4,1025.8,22.5,0.0,0
2020-02-04,2020,2,35,14.6,6.6,22.5,0.0,4.2,16.4,9.2,1027.2,1020.0,17.0,0.0,0
2020-02-05,2020,2,36,10.0,3.1,17.0,0.0,3.3,11.4,8.3,1029.0,1026.0,15.9,0.0,0
2020-02-06,2020,2,37,8.6,1.2,15.9,0.0,1.7,5.0,9.2,1028.7,1026.2,16.5,0.0,0
2020-02-07,2020,2,38,10.4,4.3,16.5,0.0,1.9,6.7,4.2,1026.4,1022.3,16.6,0.0,0
2020-02-08,2020,2,39,10.2,3.9,16.6,0.0,3.1,7.2,3.8,1027.6,1023.4,17.5,0.0,0
2020-02-09,2020,2,40,10.5,3.5,17.5,0.0,2.8,7.8,6.9,1031.0,1026.7,17.9,0.0,0
2020-02-10,2020,2,41,13.2,8.6,17.9,0.0,3.6,11.4,9.0,1030.5,1026.2,18.1,0.0,0
2020-02-11,2020,2,42,12.7,7.3,18.1,0.0,2.8,6.7,5.6,1026.4,1021.8,17.9,0.0,0
2020-02-12,2020,2,43,13.1,8.3,17.9,0.0,3.3,8.9,1.1,1024.9,1022.5,18.0,0.0,0
2020-02-13,2020,2,44,13.7,9.4,18.0,0.0,3.3,9.7,7.1,1023.4,1020.5,17.9,0.0,0
2020-02-14,2020,2,45,13.4,8.8,17.9,0.0,2.2,6.1,5.1,1025.8,1022.8,16.9,0.0,0
2020-02-15,2020,2,46,13.8,10.8,16.9,0.0,3.1,6.7,6.3,1028.5,1024.8,15.1,0.0,0
2020-02-16,2020,2,47,14.2,13.4,15.1,0.0,3.1,7.8,0.0,1029.0,1026.6,16.0,0.0,0
2020-02-17,2020,2,48,13.4,10.8,16.0,0.0,5.0,8.3,2.0,1028.9,1024.1,15.0,0.0,0
2020-02-18,2020,2,49,11.4,7.7,15.0,0.0,3.3,10.8,0.0,1032.2,1028.5,17.3,0.0,0
2020-02-19,2020,2,50,10.6,3.8,17.3,0.0,2.2,7.8,9.7,1032.1,1028.2,16.3,0.0,0
2020-02-20,2020,2,51,9.1,1.9,16.3,0.0,3.1,7.8,10.2,1028.2,1024.6,18.4,0.0,0
2020-02-21,2020,2,52,10.4,2.5,18.4,0.0,3.1,11.4,10.3,1030.2,1027.1,17.4,0.0,0
2020-02-22,2020,2,53,9.7,2.0,17.4,0.0,2.8,7.8,10.3,1034.3,1029.6,19.0,0.0,0
2020-02-23,2020,2,54,10.7,2.4,19.0,0.0,2.5,7.8,9.9,1034.2,1025.2,17.9,0.0,0
2020-02-24,2020,2,55,11.2,4.5,17.9,0.0,3.3,9.2,9.8,1030.4,1020.7,21.5,0.0,0
2020-02-25,2020,2,56,12.8,4.2,21.5,0.0,2.2,10.3,6.8,1020.7,1013.5,18.0,0.0,0
2020-02-26,2020,2,57,12.4,6.8,18.0,0.0,5.0,19.7,6.5,1019.5,1014.1,17.7,0.0,0
2020-02-27,2020,2,58,11.8,5.8,17.7,0.0,5.6,14.4,8.5,1019.9,1016.2,19.6,0.0,0
2020-02-28,2020,2,59,14.5,9.4,19.6,0.0,2.8,11.7,7.0,1022.2,1017.7,18.4,0.0,0
2020-02-29,2020,2,60,13.6,8.7,18.4,0.0,3.9,11.7,6.1,1018.3,1010.3,19.7,1.3,1
2020-03-01,2020,3,61,15.8,11.9,19.7,1.3,7.8,16.4,6.7,1012.8,1009.1,18.4,2.4,1
2020-03-02,2020,3,62,15.4,12.3,18.4,2.4,7.2,24.2,1.1,1011.7,1000.2,19.6,0.0,0
2020-03-03,2020,3,63,15.2,10.8,19.6,0.0,8.6,23.3,2.8,1014.8,1005.8,17.6,0.0,0
2020-03-04,2020,3,64,11.7,5.8,17.6,0.0,2.2,14.4,7.1,1018.8,1012.5,20.1,0.0,0
2020-03-05,2020,3,65,14.4,8.7,20.1,0.0,6.4,19.7,8.1,1015.2,1005.5,17.9,0.7,0
2020-03-06,2020,3,66,14.2,10.5,17.9,0.7,6.9,20.0,4.7,1014.8,1008.8,16.9,0.4,0
2020-03-07,2020,3,67,12.1,7.3,16.9,0.4,3.9,16.4,9.2,1024.2,1014.8,20.4,0.0,0
2020-03-08,2020,3,68,12.8,5.2,20.4,0.0,3.9,11.4,10.8,1024.1,1020.3,17.7,0.0,0
2020-03-09,2020,3,69,11.6,5.6,17.7,0.0,5.3,16.4,5.1,1022.6,1018.8,16.7,0.0,0
2020-03-10,2020,3,70,11.4,6.0,16.7,0.0,5.0,11.4,6.1,1025.8,1022.3,18.9,0.0,0
2020-03-11,2020,3,71,12.4,5.9,18.9,0.0,3.1,8.3,10.9,1024.1,1022.0,21.2,0.0,0
2020-03-12,2020,3,72,14.2,7.3,21.2,0.0,1.9,7.2,10.4,1022.7,1017.6,20.3,1.7,1
2020-03-13,2020,3,73,14.1,7.9,20.3,1.7,8.1,17.5,9.2,1019.0,1016.9,20.1,0.0,0
2020-03-14,2020,3,74,14.1,8.1,20.1,0.0,3.3,8.9,9.3,1021.1,1018.0,20.6,0.2,0
2020-03-15,2020,3,75,13.2,5.9,20.6,0.2,2.2,8.3,8.8,1020.9,1014.6,19.6,0.3,0
2020-03-16,2020,3,76,15.2,10.7,19.6,0.3,4.7,12.5,0.1,1019.9,1011.9,18.2,0.0,0
2020-03-17,2020,3,77,16.4,14.5,18.2,0.0,6.7,13.9,0.0,1026.3,1019.2,18.7,0.0,0
2020-03-18,2020,3,78,14.9,11.1,18.7,0.0,4.4,10.3,0.2,1026.2,1023.4,19.2,0.0,0
2020-03-19,2020,3,79,13.8,8.3,19.2,0.0,3.3,9.2,5.2,1024.2,1019.8,19.3,0.0,0
2020-03-20,2020,3,80,13.4,7.5,19.3,0.0,4.4,12.8,6.0,1019.9,1015.1,19.1,0.1,0
2020-03-21,2020,3,81,13.7,8.3,19.1,0.1,3.1,8.9,3.4,1015.1,1010.4,19.4,9.4,1
2020-03-22,2020,3,82,14.6,9.8,19.4,9.4,2.5,7.2,,1015.3,1010.2,20.1,0.0,0
2020-03-23,2020,3,83,14.6,9.0,20.1,0.0,4.4,10.8,,1017.2,1015.0,16.2,0.0,0
2020-03-24,2020,3,84,12.7,9.2,16.2,0.0,6.9,16.4,,1016.8,1014.2,14.9,0.0,0
2020-03-25,2020,3,85,9.8,4.8,14.9,0.0,4.2,11.9,,1016.2,1013.1,10.9,5.6,1
2020-03-26,2020,3,86,7.8,4.6,10.9,5.6,3.1,12.5,2.0,1013.2,1006.5,15.7,0.0,0
2020-03-27,2020,3,87,9.2,2.6,15.7,0.0,3.1,9.2,9.4,1015.4,1010.9,17.2,0.0,0
2020-03-28,2020,3,88,10.3,3.4,17.2,0.0,2.8,7.8,2.3,1017.6,1014.3,19.9,0.0,0
2020-03-29,2020,3,89,12.4,5.0,19.9,0.0,4.7,11.4,10.5,1017.4,1013.4,18.8,0.0,0
2020-03-30,2020,3,90,12.6,6.4,18.8,0.0,3.9,9.7,5.9,1014.1,1011.1,17.3,3.5,1
2020-03-31,2020,3,91,14.8,12.3,17.3,3.5,6.9,15.0,1.7,1012.0,1008.9,19.4,0.2,0
2020-04-01,2020,4,92,16.4,13.4,19.4,0.2,4.7,11.7,4.2,1011.6,1010.0,19.1,1.3,1
2020-04-02,2020,4,93,15.4,11.7,19.1,1.3,2.8,11.7,1.8,1011.1,1007.5,17.5,0.0,0
2020-04-03,2020,4,94,11.8,6.2,17.5,0.0,5.0,13.9,9.6,1019.0,1010.4,18.6,0.0,0
2020-04-04,2020,4,95,11.4,4.3,18.6,0.0,3.1,8.3,10.9,1021.2,1018.3,18.5,0.0,0
2020-04-05,2020,4,96,11.4,4.4,18.5,0.0,2.8,9.2,8.3,1021.6,1019.3,19.7,0.0,0
2020-04-06,2020,4,97,12.6,5.5,19.7,0.0,3.3,8.9,11.1,1026.0,1021.1,20.2,0.0,0
2020-04-07,2020,4,98,13.8,7.5,20.2,0.0,3.6,9.7,8.7,1026.8,1024.9,20.9,0.0,0
2020-04-08,2020,4,99,15.3,9.7,20.9,0.0,2.8,9.7,8.4,1026.3,1022.5,22.7,0.0,0
2020-04-09,2020,4,100,15.7,8.7,22.7,0.0,2.2,7.8,11.7,1023.2,1020.0,22.2,0.0,0
2020-04-10,2020,4,101,15.8,9.3,22.2,0.0,3.9,8.9,7.0,1023.5,1020.9,21.1,0.0,0
2020-04-11,2020,4,102,14.0,6.9,21.1,0.0,3.6,9.7,11.3,1023.6,1020.9,22.1,16.6,1
2020-04-12,2020,4,103,15.8,9.4,22.1,16.6,3.9,9.2,7.4,1021.6,1011.2,20.2,1.8,1
2020-04-13,2020,4,104,16.8,13.5,20.2,1.8,3.6,8.3,5.7,1011.4,1006.4,20.3,0.0,0
2020-04-14,2020,4,105,17.0,13.8,20.3,0.0,4.4,10.3,3.4,1015.2,1009.6,20.3,0.3,0
2020-04-15,2020,4,106,15.6,10.8,20.3,0.3,5.0,11.4,4.6,1018.8,1014.4,21.8,0.0,0
2020-04-16,2020,4,107,18.4,15.0,21.8,0.0,2.5,8.9,8.0,1018.7,1015.9,23.4,0.0,0
2020-04-17,2020,4,108,17.6,11.9,23.4,0.0,3.3,9.2,4.7,1018.7,1013.7,26.9,11.2,1
2020-04-18,2020,4,109,20.2,13.6,26.9,11.2,3.9,9.7,6.7,1016.0,1010.7,22.1,16.8,1
2020-04-19,2020,4,110,19.4,16.8,22.1,16.8,5.3,11.4,0.8,1010.8,1003.4,19.3,43.5,1
2020-04-20,2020,4,111,17.4,15.4,19.3,43.5,2.2,8.9,0.0,1004.7,1001.2,19.9,0.6,0
2020-04-21,2020,4,112,16.1,12.3,19.9,0.6,4.4,13.9,8.3,1005.5,1002.6,21.2,0.0,0
2020-04-22,2020,4,113,16.0,10.9,21.2,0.0,5.0,13.9,6.5,1017.4,1004.8,22.1,0.0,0
2020-04-23,2020,4,114,15.6,9.0,22.1,0.0,3.6,9.7,8.8,1019.4,1017.3,21.3,0.0,0
2020-04-24,2020,4,115,15.1,8.9,21.3,0.0,2.8,9.7,12.6,1018.0,1012.5,21.1,0.0,0
2020-04-25,2020,4,116,15.8,10.6,21.1,0.0,2.2,6.1,0.8,1013.0,1006.7,23.4,0.0,0
2020-04-26,2020,4,117,18.8,14.3,23.4,0.0,4.2,9.2,11.0,1013.0,1008.0,20.8,0.0,0
2020-04-27,2020,4,118,16.9,13.0,20.8,0.0,3.9,10.3,5.5,1012.6,1010.1,21.1,0.0,0
2020-04-28,2020,4,119,17.1,13.1,21.1,0.0,6.1,12.5,10.3,1015.7,1010.6,24.4,0.0,0
2020-04-29,2020,4,120,17.8,11.1,24.4,0.0,4.2,11.4,12.8,1016.8,1014.0,24.6,0.0,0
2020-04-30,2020,4,121,20.2,15.7,24.6,0.0,6.4,16.9,10.7,1016.5,1013.2,23.8,0.0,0
2020-05-01,2020,5,122,17.8,11.9,23.8,0.0,5.3,13.3,12.1,1017.0,1014.9,28.2,0.0,0
2020-05-02,2020,5,123,20.8,13.3,28.2,0.0,3.9,11.4,9.9,1018.1,1015.9,27.9,0.0,0
2020-05-03,2020,5,124,20.8,13.6,27.9,0.0,3.9,9.7,12.4,1018.4,1016.5,29.7,0.0,0
2020-05-04,2020,5,125,21.0,12.4,29.7,0.0,2.8,8.3,12.7,1017.3,1014.0,27.1,0.0,0
2020-05-05,2020,5,126,20.2,13.3,27.1,0.0,1.9,8.9,9.9,1014.7,1012.3,28.0,0.0,0
2020-05-06,2020,5,127,21.5,15.0,28.0,0.0,4.2,9.7,8.7,1018.3,1013.3,28.0,0.0,0
2020-05-07,2020,5,128,20.4,12.7,28.0,0.0,5.6,12.8,11.2,1018.0,1016.0,27.0,0.0,0
2020-05-08,2020,5,129,21.2,15.4,27.0,0.0,7.2,12.8,9.9,1017.2,1012.1,24.9,5.3,1
2020-05-09,2020,5,130,20.4,15.9,24.9,5.3,2.5,13.3,3.6,1014.3,1008.0,20.8,2.8,1
2020-05-10,2020,5,131,18.6,16.4,20.8,2.8,4.4,15.3,4.4,1008.6,1004.2,23.8,0.0,0
2020-05-11,2020,5,132,20.5,17.2,23.8,0.0,8.6,17.5,12.6,1010.7,1004.4,27.6,0.0,0
2020-05-12,2020,5,133,20.8,14.0,27.6,0.0,4.2,12.5,11.0,1010.4,1003.2,22.3,0.0,0
2020-05-13,2020,5,134,18.0,13.8,22.3,0.0,6.9,13.9,12.7,1007.1,1002.9,20.1,7.0,1
2020-05-14,2020,5,135,16.2,12.4,20.1,7.0,5.6,18.6,2.9,1009.6,1003.1,23.6,0.4,0
2020-05-15,2020,5,136,17.6,11.6,23.6,0.4,4.2,12.8,6.5,1013.9,1009.4,24.2,0.0,0
2020-05-16,2020,5,137,19.4,14.7,24.2,0.0,6.9,15.3,11.0,1017.6,1010.4,23.2,0.0,0
2020-05-17,2020,5,138,18.0,12.7,23.2,0.0,2.2,7.2,4.3,1021.5,1017.3,23.5,0.0,0
2020-05-18,2020,5,139,18.7,13.9,23.5,0.0,4.2,8.3,7.2,1021.1,1018.1,27.7,0.0,0
2020-05-19,2020,5,140,19.6,11.4,27.7,0.0,5.0,11.7,13.1,1018.7,1015.1,26.4,0.0,0
2020-05-20,2020,5,141,19.4,12.5,26.4,0.0,3.1,7.8,12.8,1017.5,1014.6,26.8,0.0,0
2020-05-21,2020,5,142,19.6,12.3,26.8,0.0,4.2,8.3,12.8,1021.3,1016.9,27.8,0.0,0
2020-05-22,2020,5,143,20.6,13.4,27.8,0.0,3.1,8.3,13.3,1024.8,1020.9,27.6,0.0,0
2020-05-23,2020,5,144,20.2,12.8,27.6,0.0,4.2,12.8,13.0,1026.5,1023.3,25.9,0.0,0
2020-05-24,2020,5,145,21.6,17.4,25.9,0.0,8.6,15.0,10.8,1026.7,1025.3,27.0,0.0,0
2020-05-25,2020,5,146,20.6,14.3,27.0,0.0,3.1,9.7,6.5,1025.8,1023.1,28.2,0.0,0
2020-05-26,2020,5,147,21.4,14.5,28.2,0.0,4.4,10.3,13.4,1024.8,1022.9,28.5,0.0,0
2020-05-27,2020,5,148,20.4,12.4,28.5,0.0,5.6,9.7,12.9,1026.2,1022.9,29.0,0.0,0
2020-05-28,2020,5,149,22.0,15.1,29.0,0.0,4.2,9.7,13.3,1025.7,1020.1,24.7,0.0,0
2020-05-29,2020,5,150,18.6,12.5,24.7,0.0,4.2,9.7,13.4,1020.1,1014.3,25.0,0.0,0
2020-05-30,2020,5,151,18.8,12.5,25.0,0.0,4.7,9.7,13.4,1016.0,1014.4,28.7,0.0,0
2020-05-31,2020,5,152,21.0,13.2,28.7,0.0,4.2,13.3,12.6,1015.5,1012.5,29.5,0.0,0
2020-06-01,2020,6,153,22.0,14.5,29.5,0.0,4.7,10.8,11.1,1017.1,1013.5,26.6,0.0,0
2020-06-02,2020,6,154,20.4,14.2,26.6,0.0,4.2,9.2,12.1,1016.9,1013.3,25.8,0.0,0
2020-06-03,2020,6,155,20.6,15.3,25.8,0.0,4.2,9.2,11.6,1013.4,1004.5,27.8,1.4,1
2020-06-04,2020,6,156,22.8,17.8,27.8,1.4,5.6,15.0,6.5,1006.2,1001.6,25.8,0.0,0
2020-06-05,2020,6,157,20.9,16.0,25.8,0.0,6.4,16.1,13.4,1012.6,1005.5,25.4,0.0,0
2020-06-06,2020,6,158,19.6,13.9,25.4,0.0,3.6,9.2,4.3,1011.8,1005.4,28.4,18.0,1
2020-06-07,2020,6,159,22.6,16.7,28.4,18.0,4.4,14.7,7.1,1012.6,1003.7,20.4,1.1,1
2020-06-08,2020,6,160,17.0,13.7,20.4,1.1,3.3,9.2,2.5,1015.2,1009.5,23.4,0.0,0
2020-06-09,2020,6,161,17.6,11.9,23.4,0.0,5.0,11.7,13.6,1017.0,1014.4,24.4,0.6,0
2020-06-10,2020,6,162,18.2,12.1,24.4,0.6,4.2,10.3,9.5,1016.7,1013.1,25.6,0.0,0
2020-06-11,2020,6,163,22.0,18.3,25.6,0.0,4.7,10.3,6.9,1013.1,1004.3,26.5,0.0,0
2020-06-12,2020,6,164,22.4,18.3,26.5,0.0,5.8,12.8,12.1,1009.3,1003.4,27.2,0.0,0
2020-06-13,2020,6,165,21.8,16.5,27.2,0.0,5.6,12.5,12.8,1017.5,1008.7,25.6,0.0,0
2020-06-14,2020,6,166,20.0,14.5,25.6,0.0,3.3,9.7,11.4,1019.2,1016.5,25.7,0.0,0
2020-06-15,2020,6,167,20.1,14.5,25.7,0.0,4.2,9.7,13.4,1019.9,1017.6,26.4,0.0,0
2020-06-16,2020,6,168,22.3,18.2,26.4,0.0,4.4,10.3,9.8,1017.8,1013.8,26.4,0.0,0
2020-06-17,2020,6,169,21.8,17.1,26.4,0.0,4.2,10.3,9.2,1015.7,1013.7,27.6,0.0,0
2020-06-18,2020,6,170,23.2,18.8,27.6,0.0,2.5,9.7,9.0,1016.5,1013.1,28.7,0.0,0
2020-06-19,2020,6,171,23.8,18.8,28.7,0.0,3.6,12.5,6.8,1021.0,1014.0,26.9,0.0,0
2020-06-20,2020,6,172,21.9,16.9,26.9,0.0,4.2,11.4,13.4,1021.6,1019.8,28.5,0.0,0
2020-06-21,2020,6,173,22.6,16.7,28.5,0.0,3.9,10.3,13.6,1021.6,1019.5,28.4,0.0,0
2020-06-22,2020,6,174,22.9,17.4,28.4,0.0,4.4,10.3,13.5,1021.5,1019.2,28.3,0.0,0
2020-06-23,2020,6,175,22.8,17.2,28.3,0.0,3.9,9.2,13.7,1019.9,1016.3,31.2,0.0,0
2020-06-24,2020,6,176,24.2,17.3,31.2,0.0,4.7,10.8,13.4,1017.4,1015.7,34.4,0.0,0
2020-06-25,2020,6,177,26.4,18.5,34.4,0.0,5.3,11.4,13.0,1017.1,1013.6,34.3,0.0,0
2020-06-26,2020,6,178,26.4,18.4,34.3,0.0,4.4,12.5,13.1,1015.6,1011.5,30.1,0.0,0
2020-06-27,2020,6,179,26.0,21.9,30.1,0.0,4.4,9.7,10.8,1016.5,1012.7,29.8,0.0,0
2020-06-28,2020,6,180,24.7,19.6,29.8,0.0,4.2,9.2,13.1,1017.5,1015.8,30.3,0.0,0
2020-06-29,2020,6,181,25.2,20.2,30.3,0.0,4.7,10.3,13.1,1016.9,1014.6,35.3,0.0,0
2020-06-30,2020,6,182,27.3,19.3,35.3,0.0,3.3,8.9,13.6,1015.2,1010.5,32.5,0.0,0
2020-07-01,2020,7,183,26.6,20.6,32.5,0.0,6.4,12.8,12.8,1012.0,1009.2,30.8,0.0,0
2020-07-02,2020,7,184,26.4,22.0,30.8,0.0,3.1,9.2,12.8,1014.6,1011.3,28.9,0.0,0
2020-07-03,2020,7,185,24.2,19.5,28.9,0.0,6.7,16.4,7.7,1020.8,1014.5,28.1,0.0,0
2020-07-04,2020,7,186,22.6,17.0,28.1,0.0,5.0,11.7,11.7,1021.6,1019.4,29.9,0.0,0
2020-07-05,2020,7,187,23.5,17.1,29.9,0.0,5.6,11.4,13.7,1020.8,1016.7,33.1,0.0,0
2020-07-06,2020,7,188,25.4,17.8,33.1,0.0,4.4,10.8,13.8,1016.8,1014.4,29.5,0.0,0
2020-07-07,2020,7,189,24.4,19.4,29.5,0.0,4.2,11.4,13.3,1016.5,1014.5,30.2,0.0,0
2020-07-08,2020,7,190,24.6,18.9,30.2,0.0,4.7,10.8,12.2,1017.8,1014.8,33.5,0.0,0
2020-07-09,2020,7,191,26.4,19.3,33.5,0.0,5.8,13.3,5.3,1017.3,1012.7,34.6,0.0,0
2020-07-10,2020,7,192,27.7,20.8,34.6,0.0,5.0,11.4,6.2,1016.2,1011.9,30.6,0.0,0
2020-07-11,2020,7,193,26.0,21.4,30.6,0.0,9.4,16.9,12.7,1017.6,1013.4,32.5,0.0,0
2020-07-12,2020,7,194,26.0,19.4,32.5,0.0,5.3,11.7,10.4,1019.5,1016.1,32.8,0.0,0
2020-07-13,2020,7,195,27.0,21.3,32.8,0.0,4.2,9.7,9.2,1017.6,1015.2,32.1,2.1,1
2020-07-14,2020,7,196,25.6,19.0,32.1,2.1,3.9,10.3,10.8,1016.6,1013.7,29.4,0.0,0
2020-07-15,2020,7,197,24.3,19.2,29.4,0.0,5.0,10.8,12.0,1018.3,1015.0,28.1,0.0,0
2020-07-16,2020,7,198,23.8,19.4,28.1,0.0,3.6,9.2,5.3,1019.0,1017.0,28.3,0.0,0
2020-07-17,2020,7,199,23.8,19.3,28.3,0.0,3.9,10.3,6.0,1017.2,1014.9,28.6,0.0,0
2020-07-18,2020,7,200,23.5,18.4,28.6,0.0,4.7,11.4,11.1,1016.5,1014.1,29.6,0.0,0
2020-07-19,2020,7,201,23.6,17.5,29.6,0.0,4.7,10.3,13.4,1016.4,1014.9,29.2,0.0,0
2020-07-20,2020,7,202,23.8,18.3,29.2,0.0,3.1,11.1,11.9,1018.2,1015.1,35.6,0.0,0
2020-07-21,2020,7,203,27.4,19.3,35.6,0.0,5.3,8.3,13.2,1018.6,1016.6,35.0,0.1,0
2020-07-22,2020,7,204,27.1,19.2,35.0,0.1,3.6,11.7,9.5,1018.3,1014.9,33.4,0.0,0
2020-07-23,2020,7,205,26.6,19.9,33.4,0.0,3.6,10.8,12.4,1015.8,1012.6,32.5,0.0,0
2020-07-24,2020,7,206,25.8,19.1,32.5,0.0,4.7,10.8,12.1,1015.1,1012.5,32.3,0.0,0
2020-07-25,2020,7,207,27.0,21.6,32.3,0.0,4.4,10.8,12.4,1015.3,1013.0,33.7,0.0,0
2020-07-26,2020,7,208,26.8,19.9,33.7,0.0,3.6,10.3,12.8,1016.6,1013.8,36.3,0.0,0
2020-07-27,2020,7,209,27.7,19.1,36.3,0.0,4.2,9.7,12.6,1016.4,1013.9,40.6,0.0,0
2020-07-28,2020,7,210,30.6,20.6,40.6,0.0,4.7,9.2,12.3,1015.1,1012.5,37.8,0.0,0
2020-07-29,2020,7,211,29.9,22.0,37.8,0.0,6.1,10.8,11.6,1015.0,1012.9,38.7,0.0,0
2020-07-30,2020,7,212,30.5,22.3,38.7,0.0,4.7,11.4,12.6,1015.7,1012.9,37.4,0.0,0
2020-07-31,2020,7,213,29.6,21.8,37.4,0.0,3.9,11.4,10.9,1015.4,1013.1,32.6,0.0,0
2020-08-01,2020,8,214,27.2,21.8,32.6,0.0,4.2,8.9,11.9,1015.2,1012.0,32.9,0.0,0
2020-08-02,2020,8,215,28.3,23.7,32.9,0.0,6.9,14.4,12.4,1014.2,1011.6,28.8,0.0,0
2020-08-03,2020,8,216,25.3,21.8,28.8,0.0,4.2,11.4,2.1,1014.5,1010.9,29.0,0.0,0
2020-08-04,2020,8,217,24.4,19.7,29.0,0.0,3.6,8.9,4.8,1014.9,1013.2,29.0,0.0,0
2020-08-05,2020,8,218,23.6,18.1,29.0,0.0,4.4,10.8,11.3,1015.1,1012.8,29.8,0.0,0
2020-08-06,2020,8,219,24.2,18.6,29.8,0.0,4.2,12.5,12.9,1017.6,1014.7,30.8,0.0,0
2020-08-07,2020,8,220,24.4,18.0,30.8,0.0,3.9,11.7,12.7,1019.0,1017.0,31.2,0.0,0
2020-08-08,2020,8,221,25.1,19.0,31.2,0.0,4.4,10.3,11.8,1019.6,1016.6,32.1,0.0,0
2020-08-09,2020,8,222,25.4,18.8,32.1,0.0,3.6,8.9,12.4,1016.7,1013.8,32.9,0.0,0
2020-08-10,2020,8,223,26.4,19.8,32.9,0.0,4.2,10.8,12.0,1014.3,1012.3,36.1,0.0,0
2020-08-11,2020,8,224,28.4,20.6,36.1,0.0,4.4,10.8,6.3,1014.2,1011.5,33.0,0.1,0
2020-08-12,2020,8,225,27.5,22.0,33.0,0.1,4.2,12.8,5.2,1015.1,1011.4,31.2,0.0,0
2020-08-13,2020,8,226,25.8,20.4,31.2,0.0,4.2,11.7,12.0,1015.0,1012.0,33.2,0.0,0
2020-08-14,2020,8,227,27.4,21.6,33.2,0.0,4.7,9.7,11.5,1014.8,1012.5,30.4,0.0,0
2020-08-15,2020,8,228,25.2,20.0,30.4,0.0,3.9,11.4,12.3,1014.1,1010.0,31.1,0.0,0
2020-08-16,2020,8,229,26.4,21.6,31.1,0.0,4.4,9.7,11.9,1011.8,1009.7,30.5,0.0,0
2020-08-17,2020,8,230,25.1,19.7,30.5,0.0,3.1,10.8,10.9,1013.3,1011.4,31.1,0.0,0
2020-08-18,2020,8,231,25.8,20.5,31.1,0.0,4.4,9.7,8.2,1013.3,1011.4,32.4,0.0,0
2020-08-19,2020,8,232,26.6,20.7,32.4,0.0,4.4,11.4,12.4,1012.4,1008.9,36.8,0.0,0
2020-08-20,2020,8,233,28.1,19.4,36.8,0.0,5.3,10.8,11.6,1011.3,1008.2,33.2,0.0,0
2020-08-21,2020,8,234,28.4,23.7,33.2,0.0,3.6,9.2,11.0,1015.4,1010.1,33.6,0.0,0
2020-08-22,2020,8,235,27.8,22.0,33.6,0.0,4.4,10.8,11.8,1018.7,1014.8,33.2,0.0,0
2020-08-23,2020,8,236,27.8,22.3,33.2,0.0,5.0,12.5,8.7,1020.2,1016.8,30.1,0.0,0
2020-08-24,2020,8,237,25.6,21.0,30.1,0.0,3.6,8.3,7.5,1017.6,1015.0,30.1,0.0,0
2020-08-25,2020,8,238,25.0,19.9,30.1,0.0,3.9,9.2,12.1,1017.3,1015.2,32.0,0.0,0
2020-08-26,2020,8,239,25.7,19.4,32.0,0.0,4.2,9.7,12.2,1018.7,1016.9,31.4,0.0,0
2020-08-27,2020,8,240,25.4,19.5,31.4,0.0,3.9,9.7,11.6,1017.9,1012.5,32.3,0.0,0
2020-08-28,2020,8,241,25.6,18.8,32.3,0.0,3.9,9.4,10.6,1012.5,1002.1,28.6,17.1,1
2020-08-29,2020,8,242,23.4,18.3,28.6,17.1,6.1,17.5,3.7,1006.7,999.8,27.0,0.0,0
2020-08-30,2020,8,243,21.5,16.0,27.0,0.0,3.1,8.3,8.0,1015.8,1006.6,27.2,0.0,0
2020-08-31,2020,8,244,21.9,16.6,27.2,0.0,3.6,11.4,10.4,1018.7,1015.2,27.3,1.8,1
2020-09-01,2020,9,245,21.0,14.7,27.3,1.8,2.8,8.9,8.0,1016.8,1011.5,28.8,0.1,0
2020-09-02,2020,9,246,23.4,17.9,28.8,0.1,3.3,9.7,9.9,1020.0,1012.6,28.9,0.0,0
2020-09-03,2020,9,247,22.3,15.7,28.9,0.0,3.6,10.8,10.5,1023.9,1019.4,28.8,0.0,0
2020-09-04,2020,9,248,23.2,17.6,28.8,0.0,3.6,9.7,8.8,1024.6,1021.4,30.7,0.0,0
2020-09-05,2020,9,249,24.4,18.0,30.7,0.0,3.9,10.8,11.5,1021.5,1017.1,29.4,7.0,1
2020-09-06,2020,9,250,23.4,17.3,29.4,7.0,3.3,10.3,10.0,1017.3,1014.8,23.9,16.5,1
2020-09-07,2020,9,251,20.2,16.6,23.9,16.5,5.8,18.6,0.0,1020.4,1013.7,26.3,0.1,0
2020-09-08,2020,9,252,20.2,14.0,26.3,0.1,1.7,10.3,5.0,1021.0,1015.9,27.0,0.0,0
2020-09-09,2020,9,253,21.3,15.6,27.0,0.0,3.1,8.3,11.2,1020.9,1017.9,28.1,9.0,1
2020-09-10,2020,9,254,22.0,16.0,28.1,9.0,2.5,9.2,8.0,1018.1,1014.4,29.8,0.1,0
2020-09-11,2020,9,255,24.5,19.2,29.8,0.1,2.5,8.9,10.1,1015.9,1012.8,32.2,0.0,0
2020-09-12,2020,9,256,25.0,17.9,32.2,0.0,3.3,12.5,11.3,1020.4,1014.7,32.8,0.0,0
2020-09-13,2020,9,257,25.4,18.0,32.8,0.0,3.6,8.9,11.7,1023.0,1019.7,31.5,0.0,0
2020-09-14,2020,9,258,24.4,17.3,31.5,0.0,2.8,8.3,11.1,1023.3,1020.8,32.2,0.0,0
2020-09-15,2020,9,259,24.8,17.3,32.2,0.0,3.6,8.9,9.5,1021.9,1019.0,30.7,0.0,0
2020-09-16,2020,9,260,24.1,17.5,30.7,0.0,3.3,7.8,10.8,1019.7,1016.6,30.2,0.0,0
2020-09-17,2020,9,261,23.6,16.9,30.2,0.0,2.5,6.7,4.5,1017.2,1015.0,28.6,0.0,0
2020-09-18,2020,9,262,23.6,18.5,28.6,0.0,1.9,8.3,1.2,1017.4,1014.3,29.4,0.0,0
2020-09-19,2020,9,263,24.9,20.4,29.4,0.0,5.3,12.5,11.0,1016.7,1013.3,28.9,0.0,0
2020-09-20,2020,9,264,24.0,19.0,28.9,0.0,3.9,10.8,11.1,1015.9,1013.8,28.3,0.0,0
2020-09-21,2020,9,265,22.9,17.5,28.3,0.0,3.3,8.9,9.6,1016.0,1014.0,27.5,0.0,0
2020-09-22,2020,9,266,22.2,17.0,27.5,0.0,3.6,9.7,8.5,1015.2,1012.0,28.0,0.0,0
2020-09-23,2020,9,267,24.0,20.1,28.0,0.0,3.6,9.2,8.7,1012.8,1010.8,29.2,0.0,0
2020-09-24,2020,9,268,24.2,19.1,29.2,0.0,5.3,15.3,9.6,1012.6,1010.2,26.4,0.0,0
2020-09-25,2020,9,269,22.6,18.9,26.4,0.0,8.6,21.7,8.6,1016.3,1009.3,22.5,2.4,1
2020-09-26,2020,9,270,19.6,16.7,22.5,2.4,3.6,20.0,2.6,1015.5,1005.4,23.5,0.0,0
2020-09-27,2020,9,271,18.6,13.7,23.5,0.0,5.6,16.4,9.8,1014.3,1003.1,24.5,0.0,0
2020-09-28,2020,9,272,18.8,13.2,24.5,0.0,3.3,10.3,11.1,1018.9,1011.4,25.4,0.0,0
2020-09-29,2020,9,273,19.0,12.6,25.4,0.0,3.1,8.9,9.0,1019.6,1016.2,25.8,0.0,0
2020-09-30,2020,9,274,19.6,13.3,25.8,0.0,3.3,8.9,9.4,1017.0,1013.0,26.3,0.0,0
2020-10-01,2020,10,275,20.2,14.0,26.3,0.0,3.9,10.3,8.6,1013.0,1002.9,26.4,6.0,1
2020-10-02,2020,10,276,19.6,12.7,26.4,6.0,9.4,19.7,1.8,1002.9,991.3,22.6,0.0,0
2020-10-03,2020,10,277,16.2,9.7,22.6,0.0,4.2,13.3,9.6,1009.5,999.8,23.1,0.0,0
2020-10-04,2020,10,278,17.5,11.9,23.1,0.0,7.5,16.9,8.0,1010.5,1005.9,23.1,0.3,0
2020-10-05,2020,10,279,16.7,10.3,23.1,0.3,2.2,11.4,5.9,1020.1,1010.5,24.8,0.0,0
2020-10-06,2020,10,280,16.8,8.7,24.8,0.0,4.7,10.8,10.1,1021.6,1019.1,28.5,0.0,0
2020-10-07,2020,10,281,21.2,14.0,28.5,0.0,3.9,11.4,7.3,1024.0,1018.4,24.8,0.0,0
2020-10-08,2020,10,282,19.9,15.0,24.8,0.0,2.8,7.8,4.0,1024.8,1022.5,24.7,0.0,0
2020-10-09,2020,10,283,19.0,13.2,24.7,0.0,2.2,7.2,9.2,1022.8,1021.1,25.6,0.3,0
2020-10-10,2020,10,284,20.4,15.1,25.6,0.3,3.1,15.0,3.6,1022.6,1019.7,18.2,4.3,1
2020-10-11,2020,10,285,14.6,11.0,18.2,4.3,2.5,10.8,4.1,1020.6,1018.2,21.2,0.0,0
2020-10-12,2020,10,286,15.5,9.8,21.2,0.0,3.1,13.3,9.6,1019.5,1016.8,23.7,3.4,1
2020-10-13,2020,10,287,16.3,8.9,23.7,3.4,3.1,12.5,5.8,1017.0,1010.7,21.0,5.2,1
2020-10-14,2020,10,288,16.0,11.0,21.0,5.2,2.2,12.8,4.2,1011.3,1005.6,19.4,0.0,0
2020-10-15,2020,10,289,14.4,9.4,19.4,0.0,3.1,10.8,7.8,1015.3,1011.1,20.2,0.0,0
2020-10-16,2020,10,290,13.5,6.8,20.2,0.0,1.7,7.2,9.4,1018.0,1015.1,21.1,0.0,0
2020-10-17,2020,10,291,13.3,5.5,21.1,0.0,2.8,9.7,9.9,1019.3,1016.1,23.0,0.0,0
2020-10-18,2020,10,292,14.6,6.3,23.0,0.0,2.8,8.3,10.1,1022.5,1019.2,24.2,0.0,0
2020-10-19,2020,10,293,16.5,8.8,24.2,0.0,1.9,7.2,9.9,1022.7,1016.5,25.9,0.0,0
2020-10-20,2020,10,294,18.3,10.7,25.9,0.0,3.1,8.3,8.5,1019.8,1012.3,25.1,0.0,0
2020-10-21,2020,10,295,21.8,18.4,25.1,0.0,4.7,11.4,3.9,1015.2,1010.7,25.6,0.0,0
2020-10-22,2020,10,296,21.8,18.1,25.6,0.0,2.8,7.8,1.0,1016.8,1013.5,23.9,0.0,0
2020-10-23,2020,10,297,19.5,15.1,23.9,0.0,6.9,12.5,7.6,1022.1,1015.9,23.6,0.0,0
2020-10-24,2020,10,298,17.2,10.9,23.6,0.0,4.7,11.4,10.0,1023.4,1019.4,22.9,0.0,0
2020-10-25,2020,10,299,18.2,13.4,22.9,0.0,6.7,15.0,8.7,1019.4,1010.2,20.0,0.3,0
2020-10-26,2020,10,300,17.8,15.7,20.0,0.3,4.7,15.3,5.3,1017.0,1008.2,20.7,0.0,0
2020-10-27,2020,10,301,14.6,8.6,20.7,0.0,3.1,10.3,7.7,1018.6,1015.8,22.4,0.0,0
2020-10-28,2020,10,302,14.9,7.4,22.4,0.0,3.3,8.3,8.3,1023.1,1017.8,22.7,0.0,0
2020-10-29,2020,10,303,15.8,8.8,22.7,0.0,2.8,8.3,9.3,1026.8,1022.8,22.2,0.0,0
2020-10-30,2020,10,304,15.2,8.3,22.2,0.0,3.1,9.2,9.3,1026.4,1024.5,22.5,0.0,0
2020-10-31,2020,10,305,15.6,8.8,22.5,0.0,2.8,7.2,8.8,1025.8,1023.0,21.9,0.0,0
2020-11-01,2020,11,306,15.3,8.7,21.9,0.0,3.1,8.9,9.5,1024.9,1022.5,21.9,0.0,0
2020-11-02,2020,11,307,15.3,8.7,21.9,0.0,1.7,6.1,8.4,1023.8,1021.8,23.9,0.0,0
2020-11-03,2020,11,308,18.2,12.4,23.9,0.0,3.6,9.2,6.3,1024.5,1022.5,20.3,0.0,0
2020-11-04,2020,11,309,17.5,14.7,20.3,0.0,7.2,15.0,1.8,1023.3,1019.0,21.5,0.0,0
2020-11-05,2020,11,310,18.9,16.3,21.5,0.0,6.9,12.8,1.0,1024.2,1022.4,24.5,0.1,0
2020-11-06,2020,11,311,21.6,18.6,24.5,0.1,4.7,10.8,2.4,1023.6,1019.7,23.7,7.8,1
2020-11-07,2020,11,312,18.5,13.3,23.7,7.8,2.2,15.0,3.6,1023.9,1018.6,21.5,0.0,0
2020-11-08,2020,11,313,16.2,10.8,21.5,0.0,2.2,6.1,6.3,1023.9,1021.3,21.8,0.0,0
2020-11-09,2020,11,314,16.6,11.5,21.8,0.0,2.5,6.1,6.9,1022.6,1020.0,21.8,0.0,0
2020-11-10,2020,11,315,15.6,9.4,21.8,0.0,1.7,6.1,8.7,1026.2,1022.3,21.7,0.0,0
2020-11-11,2020,11,316,15.0,8.2,21.7,0.0,2.2,6.7,7.7,1026.1,1023.1,22.8,0.0,0
2020-11-12,2020,11,317,16.0,9.2,22.8,0.0,2.2,6.1,7.7,1024.1,1021.2,23.2,0.0,0
2020-11-13,2020,11,318,17.7,12.2,23.2,0.0,3.6,8.3,7.5,1021.9,1018.8,23.3,0.0,0
2020-11-14,2020,11,319,18.6,14.0,23.3,0.0,2.2,6.7,4.6,1020.6,1018.7,22.0,0.0,0
2020-11-15,2020,11,320,17.2,12.3,22.0,0.0,4.4,11.7,6.7,1020.4,1018.6,20.6,0.0,0
2020-11-16,2020,11,321,16.7,12.8,20.6,0.0,4.2,14.4,3.8,1025.4,1017.6,21.9,0.0,0
2020-11-17,2020,11,322,15.8,9.6,21.9,0.0,2.5,8.9,8.4,1027.3,1024.8,21.8,0.0,0
2020-11-18,2020,11,323,14.6,7.4,21.8,0.0,2.5,6.7,9.1,1028.2,1026.2,21.6,0.0,0
2020-11-19,2020,11,324,15.3,9.0,21.6,0.0,1.7,5.8,8.9,1029.3,1026.9,19.3,0.8,0
2020-11-20,2020,11,325,14.3,9.3,19.3,0.8,4.2,9.2,2.4,1028.1,1021.3,17.3,0.0,0
2020-11-21,2020,11,326,11.4,5.4,17.3,0.0,4.4,13.9,8.3,1028.5,1026.1,17.7,0.0,0
2020-11-22,2020,11,327,10.3,2.9,17.7,0.0,3.1,10.8,8.9,1028.0,1025.4,19.0,0.0,0
2020-11-23,2020,11,328,10.9,2.8,19.0,0.0,1.9,6.7,7.8,1028.6,1026.3,18.7,0.0,0
2020-11-24,2020,11,329,11.8,4.8,18.7,0.0,1.9,6.1,7.2,1026.6,1020.3,20.3,0.0,0
2020-11-25,2020,11,330,15.0,9.7,20.3,0.0,2.8,8.9,3.7,1020.3,1016.2,19.9,0.0,0
2020-11-26,2020,11,331,14.8,9.6,19.9,0.0,3.9,8.3,0.5,1016.8,1014.0,19.4,14.8,1
2020-11-27,2020,11,332,16.2,12.9,19.4,14.8,4.7,10.8,0.2,1014.0,1004.8,17.3,1.2,1
2020-11-28,2020,11,333,14.0,10.8,17.3,1.2,2.2,9.2,0.0,1014.7,999.5,19.7,0.0,0
2020-11-29,2020,11,334,14.3,8.9,19.7,0.0,2.2,9.2,3.4,1019.5,1007.4,19.8,0.0,0
2020-11-30,2020,11,335,13.1,6.4,19.8,0.0,1.7,5.0,8.3,1023.0,1019.4,20.1,2.9,1
2020-12-01,2020,12,336,13.4,6.7,20.1,2.9,1.9,5.8,7.7,1022.6,1012.5,14.1,2.6,1
2020-12-02,2020,12,337,9.8,5.4,14.1,2.6,2.8,10.8,0.3,1014.3,1010.2,15.3,0.0,0
2020-12-03,2020,12,338,9.6,4.0,15.3,0.0,5.6,16.9,4.6,1014.2,1000.8,17.6,9.2,1
2020-12-04,2020,12,339,13.2,8.8,17.6,9.2,6.9,23.3,1.6,1000.9,992.9,11.7,6.1,1
2020-12-05,2020,12,340,8.0,4.3,11.7,6.1,3.6,7.8,0.5,1003.0,993.0,15.3,0.3,0
2020-12-06,2020,12,341,10.2,5.1,15.3,0.3,3.3,11.4,5.1,1007.6,1002.0,16.8,3.8,1
2020-12-07,2020,12,342,12.1,7.4,16.8,3.8,9.7,18.1,3.4,1007.6,1001.4,16.1,3.3,1
2020-12-08,2020,12,343,13.3,10.5,16.1,3.3,4.7,16.1,2.0,1008.8,999.8,13.8,0.6,0
2020-12-09,2020,12,344,12.0,10.1,13.8,0.6,4.2,12.8,5.9,1013.8,1008.6,19.1,0.1,0
2020-12-10,2020,12,345,14.5,9.9,19.1,0.1,5.3,15.0,1.7,1013.0,1004.7,19.4,1.5,1
2020-12-11,2020,12,346,13.3,7.2,19.4,1.5,3.6,13.9,0.0,1009.8,1001.7,18.3,0.0,0
2020-12-12,2020,12,347,15.6,12.9,18.3,0.0,6.4,18.9,4.5,1013.3,1002.9,18.5,0.0,0
2020-12-13,2020,12,348,12.8,7.0,18.5,0.0,2.2,12.5,8.0,1015.5,1012.4,19.0,0.0,0
2020-12-14,2020,12,349,12.4,5.8,19.0,0.0,1.1,5.0,0.8,1014.8,1012.0,18.6,0.0,0
2020-12-15,2020,12,350,13.0,7.4,18.6,0.0,2.8,8.3,6.6,1017.9,1012.0,18.6,0.0,0
2020-12-16,2020,12,351,12.0,5.4,18.6,0.0,2.5,5.8,7.3,1018.9,1016.7,19.9,0.0,0
2020-12-17,2020,12,352,14.8,9.7,19.9,0.0,2.8,8.9,4.2,1022.4,1017.8,19.4,0.0,0
2020-12-18,2020,12,353,14.5,9.6,19.4,0.0,2.2,6.7,5.2,1023.1,1020.7,17.8,0.0,0
2020-12-19,2020,12,354,12.2,6.5,17.8,0.0,2.2,6.1,7.1,1021.4,1019.4,17.8,0.0,0
2020-12-20,2020,12,355,11.9,6.0,17.8,0.0,1.9,8.9,4.8,1025.8,1019.6,16.8,0.0,0
2020-12-21,2020,12,356,10.6,4.4,16.8,0.0,1.9,7.2,7.8,1028.9,1025.7,17.3,0.0,0
2020-12-22,2020,12,357,11.0,4.6,17.3,0.0,2.5,7.2,7.4,1028.9,1026.5,17.6,0.0,0
2020-12-23,2020,12,358,11.1,4.6,17.6,0.0,1.7,5.8,7.1,1026.5,1021.6,17.8,0.0,0
2020-12-24,2020,12,359,12.0,6.1,17.8,0.0,2.5,9.7,4.2,1021.6,1018.6,14.1,1.2,1
2020-12-25,2020,12,360,8.4,2.8,14.1,1.2,3.3,16.9,2.5,1022.1,1018.6,12.5,0.0,0
2020-12-26,2020,12,361,6.4,0.4,12.5,0.0,3.1,10.8,5.0,1023.7,1020.6,14.2,0.0,0
2020-12-27,2020,12,362,6.2,-1.7,14.2,0.0,8.3,21.7,5.5,1021.2,998.9,15.9,0.2,0
2020-12-28,2020,12,363,13.2,10.5,15.9,0.2,8.3,25.3,3.8,1000.9,992.9,15.8,6.3,1
2020-12-29,2020,12,364,9.4,2.9,15.8,6.3,1.9,12.8,6.3,1006.1,1000.5,12.9,0.0,0
2020-12-30,2020,12,365,8.2,3.5,12.9,0.0,4.4,15.0,6.2,1015.1,1006.1,14.0,0.0,0
2020-12-31,2020,12,366,8.0,1.9,14.0,0.0,3.9,13.3,8.2,1015.2,1007.8,12.7,6.9,1
2021-01-01,2021,1,1,9.2,5.8,12.7,6.9,2.2,15.0,1.3,1007.8,1000.4,9.8,7.2,1
2021-01-02,2021,1,2,5.6,1.4,9.8,7.2,1.9,10.3,3.2,1008.3,1005.0,11.5,0.0,0
2021-01-03,2021,1,3,6.5,1.5,11.5,0.0,3.1,10.8,5.6,1011.9,1007.5,12.3,4.4,1
2021-01-04,2021,1,4,6.5,0.7,12.3,4.4,3.1,12.5,4.8,1011.1,1007.4,10.6,0.2,0
2021-01-05,2021,1,5,4.8,-1.0,10.6,0.2,2.2,10.8,6.9,1012.5,1008.9,12.7,1.3,1
2021-01-06,2021,1,6,5.2,-2.4,12.7,1.3,1.7,6.1,5.9,1015.7,1011.9,8.8,7.9,1
2021-01-07,2021,1,7,6.4,3.9,8.8,7.9,4.2,10.3,0.0,1014.0,1008.5,10.0,4.9,1
2021-01-08,2021,1,8,8.1,6.2,10.0,4.9,7.5,16.9,0.1,1011.9,1004.2,15.0,0.0,0
2021-01-09,2021,1,9,12.0,9.0,15.0,0.0,6.9,16.9,0.1,1005.8,999.4,13.5,7.5,1
2021-01-10,2021,1,10,11.1,8.7,13.5,7.5,4.7,11.4,3.8,1012.9,1005.7,10.2,0.0,0
2021-01-11,2021,1,11,8.0,5.8,10.2,0.0,3.3,11.4,0.4,1022.9,1012.9,12.9,0.0,0
2021-01-12,2021,1,12,7.0,1.1,12.9,0.0,3.3,9.2,8.9,1026.5,1022.7,14.7,0.0,0
2021-01-13,2021,1,13,7.1,-0.5,14.7,0.0,2.2,9.2,8.8,1027.1,1024.9,14.7,0.0,0
2021-01-14,2021,1,14,7.3,-0.1,14.7,0.0,2.8,8.9,8.8,1025.5,1020.8,13.9,0.0,0
2021-01-15,2021,1,15,6.8,-0.3,13.9,0.0,4.4,13.9,2.8,1022.3,1020.0,14.6,0.0,0
2021-01-16,2021,1,16,8.2,1.9,14.6,0.0,1.4,8.3,7.6,1027.2,1020.6,17.0,0.0,0
2021-01-17,2021,1,17,9.2,1.5,17.0,0.0,6.7,12.8,8.4,1026.6,1020.2,14.3,0.0,0
2021-01-18,2021,1,18,10.0,5.8,14.3,0.0,2.2,9.2,4.1,1028.4,1024.9,15.5,0.0,0
2021-01-19,2021,1,19,8.8,2.0,15.5,0.0,2.5,8.3,6.2,1027.8,1021.1,15.0,0.0,0
2021-01-20,2021,1,20,9.6,4.3,15.0,0.0,4.4,11.4,1.8,1021.1,1011.9,17.3,0.0,0
2021-01-21,2021,1,21,14.0,10.7,17.3,0.0,6.4,14.4,6.3,1014.4,1011.1,17.0,3.0,1
2021-01-22,2021,1,22,13.6,10.3,17.0,3.0,8.9,36.1,2.8,1011.7,1002.9,15.2,0.0,0
2021-01-23,2021,1,23,13.0,10.7,15.2,0.0,7.5,15.3,7.0,1012.6,1004.7,17.8,0.0,0
2021-01-24,2021,1,24,11.8,5.8,17.8,0.0,5.3,18.1,7.6,1013.0,1001.4,16.2,3.6,1
2021-01-25,2021,1,25,11.8,7.5,16.2,3.6,5.6,15.0,0.6,1015.9,1008.1,14.1,0.0,0
2021-01-26,2021,1,26,10.4,6.6,14.1,0.0,2.8,8.9,5.6,1025.2,1015.9,20.0,0.0,0
2021-01-27,2021,1,27,14.2,8.5,20.0,0.0,1.4,8.9,2.8,1022.2,1019.1,20.1,0.0,0
2021-01-28,2021,1,28,13.9,7.7,20.1,0.0,5.0,11.4,9.1,1021.5,1018.6,21.2,0.0,0
2021-01-29,2021,1,29,14.6,8.1,21.2,0.0,2.8,7.8,7.8,1018.7,1014.6,19.7,0.0,0
2021-01-30,2021,1,30,12.8,5.8,19.7,0.0,5.0,18.1,2.9,1014.6,1004.6,18.4,0.0,0
2021-01-31,2021,1,31,13.6,8.9,18.4,0.0,6.1,17.5,7.9,1007.0,1004.2,19.9,0.0,0
2021-02-01,2021,2,32,15.6,11.4,19.9,0.0,6.1,22.2,8.0,1012.6,1003.6,19.3,0.0,0
2021-02-02,2021,2,33,13.2,7.2,19.3,0.0,4.4,10.3,9.3,1016.0,1012.4,16.6,0.0,0
2021-02-03,2021,2,34,11.9,7.2,16.6,0.0,6.1,10.3,5.6,1015.2,1013.0,17.0,0.0,0
2021-02-04,2021,2,35,12.5,8.0,17.0,0.0,1.7,4.7,4.7,1014.6,1011.4,22.1,0.0,0
2021-02-05,2021,2,36,14.8,7.6,22.1,0.0,2.5,9.7,7.3,1014.0,1003.3,23.5,0.0,0
2021-02-06,2021,2,37,18.1,12.7,23.5,0.0,4.4,16.1,3.3,1004.1,1001.7,14.5,0.0,0
2021-02-07,2021,2,38,9.4,4.3,14.5,0.0,3.9,11.4,3.4,1005.5,1001.7,15.9,1.4,1
2021-02-08,2021,2,39,9.8,3.7,15.9,1.4,7.8,16.4,3.1,1005.0,999.2,17.0,1.0,1
2021-02-09,2021,2,40,14.2,11.4,17.0,1.0,5.6,16.1,1.6,1008.7,1004.3,17.8,0.0,0
2021-02-10,2021,2,41,12.0,6.3,17.8,0.0,6.4,22.8,6.2,1017.0,1003.4,17.8,0.0,0
2021-02-11,2021,2,42,10.2,2.6,17.8,0.0,4.2,10.3,9.3,1019.2,1016.6,16.8,0.1,0
2021-02-12,2021,2,43,11.7,6.6,16.8,0.1,3.3,11.4,0.9,1018.3,1013.4,18.0,0.0,0
2021-02-13,2021,2,44,13.0,8.1,18.0,0.0,3.3,8.9,7.7,1027.0,1017.8,12.8,0.0,0
2021-02-14,2021,2,45,10.0,7.3,12.8,0.0,4.2,9.2,0.9,1036.1,1026.9,12.9,0.0,0
2021-02-15,2021,2,46,9.6,6.2,12.9,0.0,1.4,5.8,0.0,1037.0,1034.1,14.8,0.0,0
2021-02-16,2021,2,47,8.4,1.9,14.8,0.0,2.8,8.3,9.1,1034.1,1024.8,15.4,0.0,0
2021-02-17,2021,2,48,9.6,3.8,15.4,0.0,1.9,6.1,8.5,1025.2,1021.7,20.4,0.0,0
2021-02-18,2021,2,49,12.9,5.4,20.4,0.0,3.6,6.7,8.4,1021.7,1017.2,16.4,0.0,0
2021-02-19,2021,2,50,10.8,5.2,16.4,0.0,2.8,6.7,9.5,1021.7,1019.4,21.3,0.0,0
2021-02-20,2021,2,51,13.6,6.0,21.3,0.0,3.3,8.3,10.0,1021.2,1017.1,19.1,0.1,0
2021-02-21,2021,2,52,15.6,12.0,19.1,0.1,7.8,12.5,3.1,1017.1,1006.7,16.3,1.1,1
2021-02-22,2021,2,53,11.5,6.7,16.3,1.1,4.4,8.3,1.6,1026.8,1011.9,18.9,0.0,0
2021-02-23,2021,2,54,12.4,5.9,18.9,0.0,3.9,9.2,3.5,1035.3,1026.8,19.4,0.0,0
2021-02-24,2021,2,55,13.0,6.5,19.4,0.0,2.2,8.9,6.7,1035.3,1031.5,18.1,0.0,0
2021-02-25,2021,2,56,11.5,4.9,18.1,0.0,2.5,7.8,9.8,1032.7,1029.2,18.4,0.0,0
2021-02-26,2021,2,57,11.0,3.7,18.4,0.0,1.4,8.3,8.1,1031.0,1027.3,17.5,0.0,0
2021-02-27,2021,2,58,10.4,3.2,17.5,0.0,1.9,8.9,5.8,1027.7,1023.5,17.3,0.0,0
2021-02-28,2021,2,59,10.2,3.1,17.3,0.0,3.6,9.2,5.5,1024.6,1022.3,16.9,0.0,0
2021-03-01,2021,3,60,14.5,12.1,16.9,0.0,5.8,11.7,0.4,1024.0,1021.8,16.9,0.0,0
2021-03-02,2021,3,61,15.2,13.6,16.9,0.0,5.6,11.4,0.0,1028.7,1022.5,18.7,0.0,0
2021-03-03,2021,3,62,13.6,8.4,18.7,0.0,4.7,10.8,5.4,1029.1,1026.4,17.4,0.0,0
2021-03-04,2021,3,63,12.4,7.4,17.4,0.0,2.5,7.2,0.5,1026.5,1019.2,18.2,0.0,0
2021-03-05,2021,3,64,10.8,3.5,18.2,0.0,3.1,8.3,9.3,1019.9,1016.4,18.3,0.0,0
2021-03-06,2021,3,65,11.6,4.9,18.3,0.0,3.1,8.3,7.2,1022.8,1019.5,16.3,12.3,1
2021-03-07,2021,3,66,12.4,8.4,16.3,12.3,2.5,8.3,0.4,1022.2,1015.2,12.9,10.4,1
2021-03-08,2021,3,67,11.8,10.6,12.9,10.4,2.2,10.3,0.0,1014.6,1011.1,16.2,0.4,0
2021-03-09,2021,3,68,11.4,6.7,16.2,0.4,2.5,11.7,6.0,1019.5,1014.1,17.2,0.0,0
2021-03-10,2021,3,69,10.8,4.3,17.2,0.0,2.8,8.3,9.2,1024.6,1018.9,17.3,0.0,0
2021-03-11,2021,3,70,10.2,3.0,17.3,0.0,4.2,9.2,6.8,1024.7,1020.9,21.2,0.0,0
2021-03-12,2021,3,71,14.6,8.1,21.2,0.0,4.4,10.8,8.5,1022.5,1016.7,16.7,0.0,0
2021-03-13,2021,3,72,10.4,4.2,16.7,0.0,3.9,8.9,10.8,1023.6,1020.1,18.3,0.0,0
2021-03-14,2021,3,73,11.6,4.9,18.3,0.0,4.4,15.0,9.7,1025.8,1019.8,17.8,0.0,0
2021-03-15,2021,3,74,11.2,4.7,17.8,0.0,3.6,11.4,10.0,1025.7,1021.0,17.0,0.0,0
2021-03-16,2021,3,75,10.2,3.5,17.0,0.0,3.6,10.3,10.5,1025.7,1022.4,19.5,0.0,0
2021-03-17,2021,3,76,11.2,3.0,19.5,0.0,5.0,12.8,10.6,1025.0,1018.0,14.4,0.0,0
2021-03-18,2021,3,77,11.0,7.6,14.4,0.0,7.2,13.3,4.0,1020.0,1015.7,9.7,5.9,1
2021-03-19,2021,3,78,7.8,5.8,9.7,5.9,5.0,14.4,0.0,1016.1,1010.0,11.8,6.5,1
2021-03-20,2021,3,79,9.0,6.2,11.8,6.5,6.4,21.7,4.1,1017.5,1008.7,14.5,0.3,0
2021-03-21,2021,3,80,8.7,2.9,14.5,0.3,3.3,14.4,5.1,1019.0,1014.8,16.5,0.0,0
2021-03-22,2021,3,81,9.5,2.5,16.5,0.0,2.8,13.9,9.7,1020.5,1014.2,17.0,0.0,0
2021-03-23,2021,3,82,9.8,2.5,17.0,0.0,3.6,9.7,11.3,1024.5,1020.4,17.4,0.0,0
2021-03-24,2021,3,83,10.6,3.8,17.4,0.0,3.1,7.8,11.5,1025.5,1023.5,17.6,0.0,0
2021-03-25,2021,3,84,10.6,3.7,17.6,0.0,3.6,7.8,10.7,1025.1,1022.9,19.1,0.0,0
2021-03-26,2021,3,85,13.6,8.1,19.1,0.0,2.2,7.2,8.0,1023.9,1021.2,18.4,0.0,0
2021-03-27,2021,3,86,12.8,7.2,18.4,0.0,8.9,16.9,7.1,1028.1,1022.1,21.7,0.0,0
2021-03-28,2021,3,87,14.0,6.4,21.7,0.0,3.9,10.3,10.9,1030.7,1027.8,23.1,0.0,0
2021-03-29,2021,3,88,16.4,9.6,23.1,0.0,5.8,11.7,9.5,1030.7,1028.4,22.6,0.0,0
2021-03-30,2021,3,89,15.4,8.3,22.6,0.0,4.4,10.8,9.5,1030.0,1026.4,22.4,0.0,0
2021-03-31,2021,3,90,14.7,7.0,22.4,0.0,3.9,9.2,11.3,1026.7,1021.4,24.2,0.0,0
2021-04-01,2021,4,91,15.6,7.1,24.2,0.0,3.6,9.2,9.9,1021.6,1013.2,19.6,0.0,0
2021-04-02,2021,4,92,14.6,9.6,19.6,0.0,5.0,10.3,10.7,1014.8,1010.4,20.1,0.8,0
2021-04-03,2021,4,93,14.0,7.8,20.1,0.8,2.8,9.2,11.0,1012.7,1009.4,19.8,0.0,0
2021-04-04,2021,4,94,15.2,10.7,19.8,0.0,4.4,11.7,4.7,1017.4,1012.4,20.8,0.0,0
2021-04-05,2021,4,95,13.8,6.9,20.8,0.0,4.4,10.3,11.3,1017.9,1014.5,23.4,0.0,0
2021-04-06,2021,4,96,16.0,8.7,23.4,0.0,4.4,9.7,11.2,1014.5,1009.2,13.5,0.0,0
2021-04-07,2021,4,97,8.0,2.6,13.5,0.0,8.6,16.4,3.2,1026.7,1013.9,16.8,0.0,0
2021-04-08,2021,4,98,8.6,0.4,16.8,0.0,3.3,11.7,11.9,1026.8,1022.7,16.5,3.7,1
2021-04-09,2021,4,99,11.7,6.9,16.5,3.7,3.3,9.7,3.6,1023.3,1017.7,16.8,1.3,1
2021-04-10,2021,4,100,12.8,8.8,16.8,1.3,1.9,7.8,0.4,1017.9,1012.9,19.0,0.2,0
2021-04-11,2021,4,101,13.6,8.3,19.0,0.2,3.1,8.9,7.5,1018.2,1013.1,16.8,0.0,0
2021-04-12,2021,4,102,12.0,7.1,16.8,0.0,5.6,15.3,5.2,1026.1,1017.8,18.0,0.0,0
2021-04-13,2021,4,103,11.0,4.1,18.0,0.0,3.6,8.9,11.2,1025.8,1021.8,18.1,0.0,0
2021-04-14,2021,4,104,13.0,7.8,18.1,0.0,3.3,9.7,5.4,1021.8,1018.1,16.3,0.0,0
2021-04-15,2021,4,105,12.5,8.7,16.3,0.0,6.7,12.5,0.2,1018.7,1015.1,18.1,0.0,0
2021-04-16,2021,4,106,12.0,6.0,18.1,0.0,6.4,15.3,6.8,1017.7,1014.2,12.0,3.8,1
2021-04-17,2021,4,107,7.4,2.8,12.0,3.8,2.5,11.4,2.4,1018.6,1016.2,16.7,0.1,0
2021-04-18,2021,4,108,9.2,1.8,16.7,0.1,5.0,12.5,4.8,1021.3,1017.9,18.5,0.0,0
2021-04-19,2021,4,109,11.3,4.1,18.5,0.0,3.9,9.7,6.7,1020.4,1015.8,20.9,3.0,1
2021-04-20,2021,4,110,14.6,8.4,20.9,3.0,2.8,10.8,4.5,1016.3,1013.1,19.4,0.1,0
2021-04-21,2021,4,111,15.2,11.0,19.4,0.1,4.2,9.2,2.7,1014.1,1010.9,18.0,0.5,0
2021-04-22,2021,4,112,14.8,11.5,18.0,0.5,2.8,8.3,0.0,1018.0,1013.3,20.0,0.0,0
2021-04-23,2021,4,113,13.1,6.2,20.0,0.0,3.3,10.3,12.3,1021.2,1017.7,21.7,0.0,0
2021-04-24,2021,4,114,14.4,7.1,21.7,0.0,5.0,11.4,9.0,1020.5,1016.2,23.5,0.0,0
2021-04-25,2021,4,115,17.3,11.1,23.5,0.0,7.8,12.5,9.2,1016.2,1008.1,24.2,0.0,0
2021-04-26,2021,4,116,19.0,13.8,24.2,0.0,5.6,13.3,6.9,1009.3,1003.4,20.4,0.0,0
2021-04-27,2021,4,117,15.2,10.0,20.4,0.0,3.9,9.2,7.4,1007.1,1004.4,21.8,0.0,0
2021-04-28,2021,4,118,18.4,14.9,21.8,0.0,4.7,11.7,9.2,1008.2,1005.4,21.2,0.0,0
2021-04-29,2021,4,119,17.4,13.7,21.2,0.0,4.7,11.4,10.4,1009.2,1007.0,20.8,3.5,1
2021-04-30,2021,4,120,17.0,13.2,20.8,3.5,2.8,7.8,4.3,1009.2,1007.0,20.6,8.3,1
2021-05-01,2021,5,121,16.6,12.5,20.6,8.3,4.4,12.8,5.0,1016.5,1006.6,20.7,0.0,0
2021-05-02,2021,5,122,15.7,10.7,20.7,0.0,5.0,11.4,4.8,1020.0,1015.0,22.0,0.0,0
2021-05-03,2021,5,123,17.8,13.6,22.0,0.0,6.4,11.4,11.6,1020.9,1018.2,20.4,0.0,0
2021-05-04,2021,5,124,15.6,10.9,20.4,0.0,3.1,9.2,7.3,1019.4,1014.8,20.3,0.0,0
2021-05-05,2021,5,125,15.4,10.6,20.3,0.0,4.2,9.7,12.5,1017.4,1014.5,21.1,0.0,0
2021-05-06,2021,5,126,15.6,10.0,21.1,0.0,3.9,9.7,10.3,1017.5,1015.4,22.7,0.0,0
2021-05-07,2021,5,127,18.2,13.7,22.7,0.0,4.4,7.8,8.5,1019.4,1015.1,24.5,0.0,0
2021-05-08,2021,5,128,18.5,12.5,24.5,0.0,2.8,9.7,11.7,1019.2,1013.6,26.7,0.1,0
2021-05-09,2021,5,129,20.4,14.0,26.7,0.1,3.9,12.8,11.2,1013.6,1006.1,19.5,9.1,1
2021-05-10,2021,5,130,18.0,16.5,19.5,9.1,5.0,12.5,1.2,1012.3,1006.4,21.5,0.0,0
2021-05-11,2021,5,131,15.9,10.3,21.5,0.0,5.0,15.3,12.3,1019.8,1009.9,23.2,0.0,0
2021-05-12,2021,5,132,16.2,9.1,23.2,0.0,6.7,15.3,12.7,1019.3,1012.7,23.6,0.0,0
2021-05-13,2021,5,133,18.4,13.1,23.6,0.0,4.4,12.5,11.9,1015.2,1010.8,21.9,0.0,0
2021-05-14,2021,5,134,17.2,12.4,21.9,0.0,3.9,11.7,8.8,1017.9,1008.2,22.8,0.0,0
2021-05-15,2021,5,135,16.2,9.5,22.8,0.0,2.8,9.7,9.4,1017.4,1011.7,26.8,0.0,0
2021-05-16,2021,5,136,19.3,11.8,26.8,0.0,4.2,15.0,11.2,1012.0,1009.4,25.0,0.0,0
2021-05-17,2021,5,137,19.2,13.3,25.0,0.0,6.7,14.4,8.5,1020.9,1011.8,22.0,0.0,0
2021-05-18,2021,5,138,16.6,11.3,22.0,0.0,3.6,9.7,9.9,1021.0,1016.2,22.3,0.0,0
2021-05-19,2021,5,139,18.2,14.0,22.3,0.0,5.0,12.8,3.2,1024.4,1017.6,21.9,0.0,0
2021-05-20,2021,5,140,16.2,10.5,21.9,0.0,4.4,10.8,12.8,1024.7,1021.3,26.0,0.0,0
2021-05-21,2021,5,141,18.4,10.8,26.0,0.0,3.1,8.9,12.5,1021.3,1011.1,23.9,0.0,0
2021-05-22,2021,5,142,18.3,12.7,23.9,0.0,4.7,9.2,11.9,1017.0,1010.3,19.4,40.2,1
2021-05-23,2021,5,143,16.5,13.6,19.4,40.2,8.1,18.6,0.6,1018.6,1013.6,21.3,0.1,0
2021-05-24,2021,5,144,17.6,14.0,21.3,0.1,5.3,12.5,10.2,1022.2,1014.9,22.4,0.0,0
2021-05-25,2021,5,145,17.6,12.7,22.4,0.0,5.6,10.3,7.1,1024.7,1021.9,24.5,0.0,0
2021-05-26,2021,5,146,17.6,10.7,24.5,0.0,5.0,9.7,11.7,1023.0,1016.7,23.5,0.0,0
2021-05-27,2021,5,147,17.6,11.8,23.5,0.0,2.8,10.8,9.0,1018.3,1014.5,25.6,0.1,0
2021-05-28,2021,5,148,20.2,14.9,25.6,0.1,3.9,8.9,4.6,1018.5,1015.1,24.8,0.0,0
2021-05-29,2021,5,149,18.6,12.5,24.8,0.0,3.1,9.2,13.5,1019.1,1017.3,26.2,0.0,0
2021-05-30,2021,5,150,19.8,13.3,26.2,0.0,2.5,9.2,9.8,1018.9,1016.3,28.8,0.0,0
2021-05-31,2021,5,151,22.6,16.3,28.8,0.0,3.3,8.9,8.6,1017.5,1014.4,29.2,8.0,1
2021-06-01,2021,6,152,22.6,16.1,29.2,8.0,3.1,9.7,5.6,1014.8,1009.1,27.0,0.0,0
2021-06-02,2021,6,153,22.6,18.1,27.0,0.0,2.8,7.8,8.6,1017.7,1011.9,28.1,0.0,0
2021-06-03,2021,6,154,23.3,18.5,28.1,0.0,5.0,9.7,7.7,1019.8,1017.0,25.9,0.4,0
2021-06-04,2021,6,155,22.4,19.0,25.9,0.4,5.0,12.5,1.7,1021.5,1017.6,23.4,8.4,1
2021-06-05,2021,6,156,20.2,17.0,23.4,8.4,8.6,15.0,2.9,1022.3,1016.2,25.4,0.0,0
2021-06-06,2021,6,157,20.9,16.4,25.4,0.0,2.8,10.3,7.7,1021.1,1018.3,24.2,0.0,0
2021-06-07,2021,6,158,19.0,13.9,24.2,0.0,3.1,8.3,12.2,1021.2,1018.9,27.5,0.0,0
2021-06-08,2021,6,159,21.2,14.8,27.5,0.0,4.2,9.7,12.6,1020.6,1018.5,28.6,0.0,0
2021-06-09,2021,6,160,21.5,14.4,28.6,0.0,4.2,9.2,13.0,1021.1,1018.6,28.9,0.0,0
2021-06-10,2021,6,161,22.1,15.3,28.9,0.0,3.9,10.3,12.0,1019.6,1016.9,28.8,0.0,0
2021-06-11,2021,6,162,22.6,16.5,28.8,0.0,3.9,8.9,8.7,1017.4,1015.2,32.6,0.0,0
2021-06-12,2021,6,163,26.0,19.5,32.6,0.0,3.6,9.7,13.1,1020.4,1016.6,31.3,0.0,0
2021-06-13,2021,6,164,24.2,17.2,31.3,0.0,4.4,10.3,11.5,1020.2,1017.7,30.6,0.0,0
2021-06-14,2021,6,165,24.5,18.4,30.6,0.0,3.1,11.4,12.6,1018.7,1015.8,35.2,0.0,0
2021-06-15,2021,6,166,27.6,20.0,35.2,0.0,3.9,11.4,11.3,1016.8,1013.1,34.6,0.0,0
2021-06-16,2021,6,167,27.8,21.0,34.6,0.0,4.4,10.8,6.2,1013.2,1009.3,28.9,0.0,0
2021-06-17,2021,6,168,25.9,22.9,28.9,0.0,5.0,13.9,6.0,1012.8,1008.3,28.7,0.2,0
2021-06-18,2021,6,169,24.0,19.2,28.7,0.2,3.6,10.3,9.1,1014.7,1011.7,31.6,0.0,0
2021-06-19,2021,6,170,26.8,22.1,31.6,0.0,2.5,12.8,0.7,1015.3,1009.9,27.0,0.0,0
2021-06-20,2021,6,171,24.6,22.2,27.0,0.0,6.4,12.8,7.2,1011.2,1008.0,27.0,0.0,0
2021-06-21,2021,6,172,23.2,19.3,27.0,0.0,5.8,11.4,11.5,1010.5,1008.8,28.8,0.0,0
2021-06-22,2021,6,173,22.9,17.0,28.8,0.0,4.2,10.8,11.2,1014.5,1009.8,28.7,0.0,0
2021-06-23,2021,6,174,23.8,19.0,28.7,0.0,3.9,16.4,8.0,1018.5,1012.6,29.3,0.0,0
2021-06-24,2021,6,175,23.2,17.1,29.3,0.0,4.2,10.8,13.5,1021.1,1018.0,29.0,0.0,0
2021-06-25,2021,6,176,23.3,17.6,29.0,0.0,6.4,11.4,13.6,1020.8,1017.0,29.0,0.0,0
2021-06-26,2021,6,177,23.0,17.0,29.0,0.0,4.7,10.8,13.4,1017.9,1014.0,28.5,0.0,0
2021-06-27,2021,6,178,22.4,16.3,28.5,0.0,3.9,11.4,13.5,1015.0,1012.3,27.7,0.0,0
2021-06-28,2021,6,179,22.2,16.6,27.7,0.0,3.6,11.4,12.3,1014.4,1011.8,29.4,0.0,0
2021-06-29,2021,6,180,25.1,20.8,29.4,0.0,6.1,10.3,11.2,1016.7,1013.8,28.5,0.0,0
2021-06-30,2021,6,181,23.8,19.0,28.5,0.0,5.8,10.8,13.1,1018.1,1016.0,29.2,0.0,0
2021-07-01,2021,7,182,23.4,17.5,29.2,0.0,4.4,10.8,13.6,1017.6,1015.4,29.0,0.0,0
2021-07-02,2021,7,183,22.8,16.6,29.0,0.0,4.2,10.3,13.5,1017.2,1014.5,28.3,0.0,0
2021-07-03,2021,7,184,24.0,19.7,28.3,0.0,5.0,10.3,11.6,1015.2,1012.6,33.7,0.0,0
2021-07-04,2021,7,185,27.8,21.8,33.7,0.0,5.3,11.4,11.1,1015.0,1011.2,31.0,0.0,0
2021-07-05,2021,7,186,26.2,21.3,31.0,0.0,4.2,10.3,11.3,1015.2,1011.0,29.5,0.0,0
2021-07-06,2021,7,187,24.6,19.8,29.5,0.0,4.4,11.4,12.5,1011.8,1008.7,31.4,0.0,0
2021-07-07,2021,7,188,27.0,22.7,31.4,0.0,5.8,11.4,9.2,1016.8,1010.7,30.5,0.0,0
2021-07-08,2021,7,189,25.7,20.9,30.5,0.0,5.0,12.8,11.4,1022.8,1016.7,30.7,0.0,0
2021-07-09,2021,7,190,24.8,18.9,30.7,0.0,6.9,11.4,13.0,1022.8,1018.4,30.2,0.0,0
2021-07-10,2021,7,191,24.2,18.2,30.2,0.0,5.6,11.7,13.1,1019.2,1015.1,34.7,0.0,0
2021-07-11,2021,7,192,26.4,18.1,34.7,0.0,3.6,10.3,11.9,1016.8,1011.4,29.8,0.0,0
2021-07-12,2021,7,193,25.6,21.5,29.8,0.0,3.9,13.3,8.4,1012.3,1006.9,27.9,0.0,0
2021-07-13,2021,7,194,23.6,19.4,27.9,0.0,4.2,18.1,10.9,1017.2,1011.9,29.5,0.0,0
2021-07-14,2021,7,195,23.4,17.2,29.5,0.0,6.1,13.3,10.4,1019.0,1015.8,29.3,0.0,0
2021-07-15,2021,7,196,23.8,18.3,29.3,0.0,4.4,10.8,8.9,1018.8,1017.0,28.5,0.0,0
2021-07-16,2021,7,197,23.2,17.9,28.5,0.0,5.6,12.5,13.2,1018.7,1016.3,29.7,0.0,0
2021-07-17,2021,7,198,24.0,18.3,29.7,0.0,3.9,10.3,13.2,1018.1,1015.0,30.4,0.0,0
2021-07-18,2021,7,199,24.1,17.8,30.4,0.0,3.9,10.8,13.2,1015.8,1011.7,31.9,0.0,0
2021-07-19,2021,7,200,25.4,18.8,31.9,0.0,4.4,11.4,12.8,1013.9,1011.6,31.5,0.0,0
2021-07-20,2021,7,201,25.3,19.1,31.5,0.0,3.6,9.7,12.8,1016.7,1013.1,32.7,0.0,0
2021-07-21,2021,7,202,26.1,19.5,32.7,0.0,4.2,9.2,12.4,1017.9,1015.8,35.6,0.0,0
2021-07-22,2021,7,203,27.4,19.3,35.6,0.0,4.2,9.7,12.9,1017.9,1014.6,38.5,0.0,0
2021-07-23,2021,7,204,28.2,18.0,38.5,0.0,3.3,10.3,11.6,1015.3,1009.7,35.5,0.0,0
2021-07-24,2021,7,205,29.4,23.2,35.5,0.0,3.6,11.4,9.3,1009.8,1005.9,31.9,0.0,0
2021-07-25,2021,7,206,27.8,23.7,31.9,0.0,6.4,12.5,10.9,1010.8,1006.3,30.8,0.0,0
2021-07-26,2021,7,207,25.6,20.5,30.8,0.0,6.4,20.0,8.8,1014.8,1007.7,30.5,0.0,0
2021-07-27,2021,7,208,25.2,19.9,30.5,0.0,4.4,11.4,12.9,1015.3,1012.6,32.6,0.0,0
2021-07-28,2021,7,209,25.4,18.1,32.6,0.0,5.3,12.5,13.0,1014.8,1011.3,32.2,0.0,0
2021-07-29,2021,7,210,26.0,19.7,32.2,0.0,4.7,10.3,12.8,1015.1,1012.0,30.4,0.0,0
2021-07-30,2021,7,211,25.0,19.5,30.4,0.0,2.8,10.8,11.0,1012.5,1009.2,30.9,0.3,0
2021-07-31,2021,7,212,26.1,21.3,30.9,0.3,3.6,12.5,9.6,1010.3,1005.6,29.6,0.0,0
2021-08-01,2021,8,213,24.6,19.5,29.6,0.0,3.9,12.8,10.0,1014.9,1009.4,30.0,0.0,0
2021-08-02,2021,8,214,24.2,18.3,30.0,0.0,4.2,11.4,6.1,1017.0,1014.0,32.3,0.0,0
2021-08-03,2021,8,215,25.2,18.1,32.3,0.0,5.0,11.7,11.5,1016.5,1012.9,29.6,0.0,0
2021-08-04,2021,8,216,24.0,18.5,29.6,0.0,4.2,11.7,10.6,1015.5,1011.9,29.7,0.0,0
2021-08-05,2021,8,217,25.2,20.6,29.7,0.0,4.2,11.4,12.5,1015.1,1011.0,31.5,0.0,0
2021-08-06,2021,8,218,26.2,21.0,31.5,0.0,3.6,8.3,12.0,1011.0,1006.9,32.6,0.0,0
2021-08-07,2021,8,219,27.0,21.5,32.6,0.0,5.3,13.3,12.6,1011.2,1005.1,30.2,0.0,0
2021-08-08,2021,8,220,26.2,22.3,30.2,0.0,7.2,14.4,10.0,1016.2,1010.9,33.1,0.0,0
2021-08-09,2021,8,221,27.5,21.9,33.1,0.0,6.4,10.8,10.0,1017.2,1013.5,35.0,0.0,0
2021-08-10,2021,8,222,29.6,24.2,35.0,0.0,3.9,16.4,6.1,1016.6,1012.0,35.9,0.0,0
2021-08-11,2021,8,223,30.8,25.7,35.9,0.0,4.4,9.7,4.4,1015.9,1013.0,35.5,0.0,0
2021-08-12,2021,8,224,30.0,24.4,35.5,0.0,3.3,12.5,6.9,1018.2,1013.7,38.3,0.0,0
2021-08-13,2021,8,225,30.2,22.2,38.3,0.0,5.6,10.8,11.3,1019.8,1017.4,36.2,0.0,0
2021-08-14,2021,8,226,29.6,23.0,36.2,0.0,4.2,10.3,11.4,1019.1,1016.3,34.3,0.0,0
2021-08-15,2021,8,227,27.2,20.0,34.3,0.0,2.8,9.2,11.0,1016.5,1012.9,32.4,0.0,0
2021-08-16,2021,8,228,28.2,24.1,32.4,0.0,8.3,13.9,10.3,1017.6,1012.5,30.3,0.0,0
2021-08-17,2021,8,229,25.8,21.4,30.3,0.0,5.0,10.3,6.9,1018.9,1016.5,29.3,0.0,0
2021-08-18,2021,8,230,24.3,19.3,29.3,0.0,4.4,11.7,10.1,1018.2,1014.4,30.6,0.0,0
2021-08-19,2021,8,231,25.6,20.7,30.6,0.0,3.6,10.3,10.5,1015.3,1012.8,30.4,0.0,0
2021-08-20,2021,8,232,25.8,21.1,30.4,0.0,4.7,11.4,11.6,1016.7,1013.4,33.5,0.0,0
2021-08-21,2021,8,233,26.6,19.8,33.5,0.0,3.3,9.7,12.0,1018.1,1015.9,36.9,0.0,0
2021-08-22,2021,8,234,28.1,19.3,36.9,0.0,4.4,10.8,8.7,1018.7,1016.3,31.6,0.0,0
2021-08-23,2021,8,235,27.4,23.3,31.6,0.0,7.5,15.3,7.6,1017.7,1013.7,31.3,0.0,0
2021-08-24,2021,8,236,26.6,21.9,31.3,0.0,5.6,11.4,2.7,1016.3,1011.0,30.3,0.2,0
2021-08-25,2021,8,237,25.7,21.1,30.3,0.2,3.6,9.7,3.3,1014.3,1010.5,29.8,0.0,0
2021-08-26,2021,8,238,24.1,18.4,29.8,0.0,3.9,11.7,7.7,1014.6,1012.4,30.3,0.0,0
2021-08-27,2021,8,239,25.0,19.6,30.3,0.0,4.7,13.3,9.7,1013.4,1011.2,31.7,0.0,0
2021-08-28,2021,8,240,27.0,22.4,31.7,0.0,5.3,11.7,11.5,1014.4,1010.5,29.9,0.0,0
2021-08-29,2021,8,241,24.8,19.8,29.9,0.0,5.0,10.3,8.0,1014.3,1012.0,27.7,19.7,1
2021-08-30,2021,8,242,23.6,19.5,27.7,19.7,2.5,13.9,3.6,1015.8,1012.3,30.2,0.1,0
2021-08-31,2021,8,243,24.8,19.4,30.2,0.1,3.6,9.7,11.6,1017.2,1013.8,29.9,4.6,1
2021-09-01,2021,9,244,26.2,22.6,29.9,4.6,7.5,12.5,5.3,1017.5,1013.5,33.0,0.0,0
2021-09-02,2021,9,245,27.5,22.0,33.0,0.0,4.2,10.8,7.4,1015.3,1012.5,30.4,0.0,0
2021-09-03,2021,9,246,26.0,21.6,30.4,0.0,3.9,9.7,11.1,1015.2,1012.7,29.7,0.0,0
2021-09-04,2021,9,247,25.4,21.2,29.7,0.0,4.2,10.8,11.3,1016.3,1013.6,29.7,0.0,0
2021-09-05,2021,9,248,25.2,20.7,29.7,0.0,4.2,9.7,9.8,1018.8,1015.5,30.2,0.0,0
2021-09-06,2021,9,249,25.2,20.1,30.2,0.0,4.2,11.7,7.9,1020.8,1018.1,33.6,0.0,0
2021-09-07,2021,9,250,26.8,20.1,33.6,0.0,3.3,8.9,5.6,1020.1,1015.9,34.4,0.0,0
2021-09-08,2021,9,251,27.6,20.8,34.4,0.0,3.3,9.2,8.3,1015.9,1009.0,32.7,0.1,0
2021-09-09,2021,9,252,28.1,23.5,32.7,0.1,4.2,10.3,9.4,1011.9,1008.6,31.3,0.0,0
2021-09-10,2021,9,253,26.7,22.1,31.3,0.0,4.2,9.2,7.7,1017.9,1011.5,29.1,0.0,0
2021-09-11,2021,9,254,24.5,19.9,29.1,0.0,4.4,10.3,9.0,1018.9,1015.3,30.2,0.0,0
2021-09-12,2021,9,255,25.6,20.9,30.2,0.0,3.6,9.7,7.8,1016.9,1014.3,29.9,0.0,0
2021-09-13,2021,9,256,24.6,19.2,29.9,0.0,3.3,8.9,5.0,1017.4,1014.7,33.0,0.0,0
2021-09-14,2021,9,257,27.6,22.3,33.0,0.0,3.9,10.3,3.4,1015.5,1010.1,29.4,10.0,1
2021-09-15,2021,9,258,25.0,20.5,29.4,10.0,5.0,11.4,0.5,1019.9,1010.2,30.6,0.0,0
2021-09-16,2021,9,259,25.3,20.0,30.6,0.0,4.4,11.7,4.8,1017.5,1013.5,28.5,0.0,0
2021-09-17,2021,9,260,24.8,21.0,28.5,0.0,4.4,10.3,9.3,1016.4,1012.6,28.2,4.5,1
2021-09-18,2021,9,261,23.8,19.3,28.2,4.5,4.7,10.8,7.4,1014.5,1012.0,28.5,0.0,0
2021-09-19,2021,9,262,24.0,19.5,28.5,0.0,4.4,11.7,8.5,1018.7,1013.5,29.1,4.7,1
2021-09-20,2021,9,263,22.8,16.4,29.1,4.7,3.6,10.3,10.0,1019.0,1015.9,23.5,0.2,0
2021-09-21,2021,9,264,20.6,17.8,23.5,0.2,5.6,15.3,2.0,1020.1,1017.4,26.8,0.9,0
2021-09-22,2021,9,265,23.0,19.2,26.8,0.9,5.3,11.7,0.3,1019.3,1014.6,29.3,0.0,0
2021-09-23,2021,9,266,25.2,21.2,29.3,0.0,5.6,13.9,4.7,1017.4,1014.2,30.3,0.0,0
2021-09-24,2021,9,267,26.6,22.8,30.3,0.0,5.6,10.8,1.8,1015.5,1012.4,31.7,0.0,0
2021-09-25,2021,9,268,26.8,21.8,31.7,0.0,5.3,10.8,7.5,1017.7,1013.8,29.7,0.0,0
2021-09-26,2021,9,269,25.4,21.1,29.7,0.0,3.6,10.3,10.0,1019.5,1015.7,28.5,0.0,0
2021-09-27,2021,9,270,23.3,18.1,28.5,0.0,5.0,11.4,9.0,1021.5,1018.3,28.9,0.0,0
2021-09-28,2021,9,271,23.2,17.4,28.9,0.0,3.3,9.7,10.9,1021.5,1018.9,27.6,0.0,0
2021-09-29,2021,9,272,21.9,16.2,27.6,0.0,3.6,10.3,5.1,1025.2,1020.0,26.7,0.0,0
2021-09-30,2021,9,273,22.0,17.3,26.7,0.0,2.5,7.2,2.9,1025.2,1021.8,22.7,5.3,1
2021-10-01,2021,10,274,20.1,17.5,22.7,5.3,1.7,5.0,0.7,1022.1,1018.1,26.3,0.0,0
2021-10-02,2021,10,275,21.0,15.8,26.3,0.0,3.1,9.2,9.9,1018.4,1013.6,27.8,1.8,1
2021-10-03,2021,10,276,23.4,18.9,27.8,1.8,5.8,10.8,7.9,1013.6,1008.4,22.9,4.2,1
2021-10-04,2021,10,277,18.1,13.3,22.9,4.2,2.8,13.3,4.2,1019.9,1010.0,24.9,0.0,0
2021-10-05,2021,10,278,17.8,10.7,24.9,0.0,4.2,11.4,10.0,1019.9,1017.3,23.5,0.0,0
2021-10-06,2021,10,279,18.8,14.0,23.5,0.0,3.3,12.8,4.4,1022.6,1018.9,26.1,0.0,0
2021-10-07,2021,10,280,19.0,12.0,26.1,0.0,4.2,8.9,9.6,1022.2,1016.8,24.8,0.0,0
2021-10-08,2021,10,281,19.4,14.0,24.8,0.0,4.4,9.7,8.2,1019.6,1017.9,25.5,0.0,0
2021-10-09,2021,10,282,18.2,11.0,25.5,0.0,2.2,9.2,8.3,1020.5,1018.5,24.6,0.0,0
2021-10-10,2021,10,283,20.2,15.8,24.6,0.0,1.9,8.3,3.0,1021.5,1019.7,26.5,0.0,0
2021-10-11,2021,10,284,19.5,12.5,26.5,0.0,2.8,9.2,10.1,1021.7,1019.4,24.6,0.0,0
2021-10-12,2021,10,285,16.4,8.3,24.6,0.0,3.3,9.7,10.2,1020.2,1015.0,24.2,0.0,0
2021-10-13,2021,10,286,17.4,10.5,24.2,0.0,5.0,11.7,4.2,1021.2,1015.9,23.7,0.0,0
2021-10-14,2021,10,287,16.5,9.3,23.7,0.0,3.1,11.9,4.7,1022.8,1020.8,23.8,0.0,0
2021-10-15,2021,10,288,16.9,10.0,23.8,0.0,3.1,8.3,6.3,1021.7,1016.1,25.2,0.0,0
2021-10-16,2021,10,289,18.6,12.0,25.2,0.0,3.6,9.7,7.6,1017.8,1015.3,24.4,0.0,0
2021-10-17,2021,10,290,18.1,11.8,24.4,0.0,3.3,7.8,7.7,1021.0,1016.8,24.8,0.0,0
2021-10-18,2021,10,291,19.0,13.1,24.8,0.0,3.1,8.9,9.6,1026.0,1020.5,24.6,0.0,0
2021-10-19,2021,10,292,19.2,13.8,24.6,0.0,3.3,9.7,5.4,1027.7,1025.3,26.0,0.0,0
2021-10-20,2021,10,293,19.0,11.9,26.0,0.0,1.9,8.3,10.2,1025.9,1018.0,26.3,0.0,0
2021-10-21,2021,10,294,19.7,13.1,26.3,0.0,4.4,9.7,4.8,1018.0,1014.8,21.1,0.0,0
2021-10-22,2021,10,295,19.2,17.3,21.1,0.0,5.3,16.1,0.3,1026.4,1015.0,21.4,0.0,0
2021-10-23,2021,10,296,15.4,9.4,21.4,0.0,4.4,13.9,8.5,1021.7,1017.9,24.1,0.0,0
2021-10-24,2021,10,297,16.2,8.2,24.1,0.0,2.8,10.3,8.0,1021.1,1019.4,24.8,0.0,0
2021-10-25,2021,10,298,17.6,10.5,24.8,0.0,3.3,8.3,8.5,1020.9,1018.5,22.9,0.0,0
2021-10-26,2021,10,299,16.8,10.8,22.9,0.0,3.6,15.3,8.7,1022.8,1020.2,22.9,0.0,0
2021-10-27,2021,10,300,15.9,8.9,22.9,0.0,1.4,6.7,1.8,1022.7,1018.3,22.8,0.0,0
2021-10-28,2021,10,301,16.3,9.8,22.8,0.0,2.8,7.2,4.1,1018.5,1015.7,22.8,6.0,1
2021-10-29,2021,10,302,17.0,11.1,22.8,6.0,4.2,10.3,1.5,1015.7,1012.4,22.1,4.0,1
2021-10-30,2021,10,303,20.3,18.5,22.1,4.0,6.4,14.4,0.0,1012.5,1008.0,26.2,0.5,0
2021-10-31,2021,10,304,23.5,20.8,26.2,0.5,5.3,14.4,4.8,1010.1,1007.8,24.8,0.1,0
2021-11-01,2021,11,305,19.8,14.8,24.8,0.1,3.1,14.4,3.2,1011.0,1005.6,22.3,0.0,0
2021-11-02,2021,11,306,18.2,14.1,22.3,0.0,4.2,12.5,4.4,1012.4,1003.9,20.0,0.4,0
2021-11-03,2021,11,307,14.8,9.5,20.0,0.4,3.9,18.9,3.2,1008.1,1002.0,19.6,4.1,1
2021-11-04,2021,11,308,13.4,7.2,19.6,4.1,2.5,10.3,6.5,1015.7,1007.9,16.4,0.0,0
2021-11-05,2021,11,309,11.8,7.3,16.4,0.0,4.7,14.4,5.9,1018.9,1014.1,16.1,0.0,0
2021-11-06,2021,11,310,14.6,13.1,16.1,0.0,8.6,18.9,0.0,1018.4,1016.0,19.0,1.2,1
2021-11-07,2021,11,311,15.4,11.9,19.0,1.2,4.2,15.3,3.8,1017.5,1015.4,19.6,0.0,0
2021-11-08,2021,11,312,15.4,11.2,19.6,0.0,3.3,8.9,3.7,1015.5,1012.6,17.9,25.4,1
2021-11-09,2021,11,313,15.0,12.2,17.9,25.4,5.0,13.9,2.2,1015.1,1010.6,16.9,13.1,1
2021-11-10,2021,11,314,14.6,12.4,16.9,13.1,3.9,18.9,0.0,1012.7,1010.5,17.9,23.5,1
2021-11-11,2021,11,315,16.3,14.7,17.9,23.5,4.7,18.1,0.1,1012.4,1006.9,17.3,3.0,1
2021-11-12,2021,11,316,15.5,13.7,17.3,3.0,3.3,10.8,0.1,1014.5,1010.7,20.6,0.0,0
2021-11-13,2021,11,317,16.2,11.8,20.6,0.0,2.8,9.7,5.0,1016.6,1013.1,16.6,17.7,1
2021-11-14,2021,11,318,13.5,10.4,16.6,17.7,1.7,5.8,0.4,1016.1,1013.0,15.3,1.0,1
2021-11-15,2021,11,319,13.0,10.6,15.3,1.0,2.8,8.3,0.0,1014.7,1011.8,15.4,4.6,1
2021-11-16,2021,11,320,13.7,12.0,15.4,4.6,1.9,6.1,0.0,1016.0,1013.4,16.6,0.0,0
2021-11-17,2021,11,321,13.8,11.0,16.6,0.0,5.3,14.4,7.3,1022.9,1015.8,15.0,0.0,0
2021-11-18,2021,11,322,12.2,9.4,15.0,0.0,4.2,12.5,1.0,1027.8,1022.7,18.4,0.0,0
2021-11-19,2021,11,323,13.6,8.8,18.4,0.0,4.2,8.3,8.1,1028.7,1026.4,18.4,2.2,1
2021-11-20,2021,11,324,14.4,10.3,18.4,2.2,2.5,5.8,0.9,1026.4,1016.9,17.7,0.0,0
2021-11-21,2021,11,325,13.5,9.3,17.7,0.0,0.8,4.2,0.1,1016.9,1009.3,18.9,8.2,1
2021-11-22,2021,11,326,13.6,8.2,18.9,8.2,2.5,6.7,5.3,1012.4,1008.9,14.3,40.4,1
2021-11-23,2021,11,327,12.0,9.8,14.3,40.4,4.2,8.9,0.0,1013.5,1011.5,16.1,8.4,1
2021-11-24,2021,11,328,13.0,10.0,16.1,8.4,6.1,12.8,4.2,1013.2,1006.2,14.6,9.6,1
2021-11-25,2021,11,329,11.2,7.7,14.6,9.6,3.6,13.3,2.5,1006.4,1001.6,15.9,0.0,0
2021-11-26,2021,11,330,10.8,5.8,15.9,0.0,2.2,8.9,3.9,1006.6,1003.9,17.0,7.1,1
2021-11-27,2021,11,331,11.0,5.1,17.0,7.1,4.2,13.9,3.2,1003.9,998.8,13.8,1.9,1
2021-11-28,2021,11,332,11.4,9.1,13.8,1.9,5.6,18.9,4.7,1007.5,1002.9,16.1,0.0,0
2021-11-29,2021,11,333,11.2,6.2,16.1,0.0,2.8,16.4,8.3,1019.0,1005.7,15.1,0.0,0
2021-11-30,2021,11,334,10.6,6.2,15.1,0.0,1.1,7.2,0.9,1026.7,1019.0,17.5,0.3,0
2021-12-01,2021,12,335,11.4,5.3,17.5,0.3,5.3,11.7,4.7,1024.4,1007.1,14.1,3.7,1
2021-12-02,2021,12,336,9.6,5.1,14.1,3.7,2.5,17.5,0.4,1012.2,1004.7,15.5,0.0,0
2021-12-03,2021,12,337,9.7,3.9,15.5,0.0,1.4,8.9,8.6,1021.0,1011.8,17.2,0.4,0
2021-12-04,2021,12,338,11.2,5.1,17.2,0.4,5.3,14.4,7.6,1020.7,1014.2,15.8,0.5,0
2021-12-05,2021,12,339,13.0,10.3,15.8,0.5,6.4,19.7,4.4,1014.8,1009.2,14.6,0.0,0
2021-12-06,2021,12,340,10.5,6.4,14.6,0.0,3.9,13.9,7.7,1020.1,1014.3,18.4,0.2,0
2021-12-07,2021,12,341,12.0,5.6,18.4,0.2,5.3,16.1,8.3,1019.5,1009.2,17.2,2.8,1
2021-12-08,2021,12,342,13.8,10.4,17.2,2.8,6.4,16.4,1.5,1011.2,1006.7,16.3,0.0,0
2021-12-09,2021,12,343,12.4,8.5,16.3,0.0,5.3,16.9,1.1,1016.0,1011.1,19.0,0.0,0
2021-12-10,2021,12,344,17.0,14.9,19.0,0.0,7.8,22.2,0.0,1013.2,1006.9,15.4,0.0,0
2021-12-11,2021,12,345,11.0,6.6,15.4,0.0,2.2,10.8,4.9,1023.4,1012.6,16.8,0.0,0
2021-12-12,2021,12,346,10.3,3.8,16.8,0.0,2.5,6.1,8.3,1027.0,1023.3,16.7,0.0,0
2021-12-13,2021,12,347,10.6,4.6,16.7,0.0,2.5,6.7,8.0,1027.5,1025.1,16.1,0.0,0
2021-12-14,2021,12,348,9.5,2.9,16.1,0.0,1.7,6.1,8.4,1027.2,1024.4,16.4,0.0,0
2021-12-15,2021,12,349,9.8,3.1,16.4,0.0,2.2,6.7,5.7,1027.4,1024.1,15.7,0.0,0
2021-12-16,2021,12,350,9.4,3.2,15.7,0.0,2.2,6.7,8.1,1029.0,1027.0,13.8,0.0,0
2021-12-17,2021,12,351,9.0,4.1,13.8,0.0,1.9,5.8,0.0,1029.7,1026.9,16.0,0.0,0
2021-12-18,2021,12,352,10.4,4.9,16.0,0.0,2.8,8.3,6.0,1029.5,1026.7,15.8,0.0,0
2021-12-19,2021,12,353,10.3,4.8,15.8,0.0,1.4,3.6,1.3,1029.2,1023.0,16.2,0.0,0
2021-12-20,2021,12,354,9.0,1.9,16.2,0.0,3.3,10.3,7.3,1023.0,1019.9,17.3,0.0,0
2021-12-21,2021,12,355,12.4,7.4,17.3,0.0,2.5,6.7,2.9,1020.3,1018.2,14.4,0.0,0
2021-12-22,2021,12,356,10.8,7.3,14.4,0.0,2.2,4.2,0.0,1021.8,1018.9,15.3,0.0,0
2021-12-23,2021,12,357,13.5,11.7,15.3,0.0,2.2,5.0,0.0,1022.1,1018.7,17.0,0.0,0
2021-12-24,2021,12,358,14.4,11.8,17.0,0.0,2.8,6.1,0.4,1018.7,1009.0,17.3,1.1,1
2021-12-25,2021,12,359,15.2,13.2,17.3,1.1,5.0,9.2,3.7,1009.0,1006.6,19.1,0.1,0
2021-12-26,2021,12,360,14.6,10.2,19.1,0.1,1.9,7.2,5.7,1011.6,1006.9,21.7,0.0,0
2021-12-27,2021,12,361,16.0,10.3,21.7,0.0,3.3,12.8,5.7,1014.5,1007.7,20.5,0.0,0
2021-12-28,2021,12,362,15.6,10.6,20.5,0.0,3.9,11.7,6.4,1018.3,1013.0,19.5,0.0,0
2021-12-29,2021,12,363,13.4,7.3,19.5,0.0,4.2,10.3,6.7,1022.7,1017.7,19.1,0.0,0
2021-12-30,2021,12,364,13.1,7.1,19.1,0.0,0.8,6.1,7.5,1024.0,1021.3,13.0,0.0,0
2021-12-31,2021,12,365,9.0,5.1,13.0,0.0,1.7,5.8,1.0,1028.7,1023.8,14.7,0.0,0
2022-01-01,2022,1,1,12.6,10.6,14.7,0.0,3.6,7.2,0.2,1029.2,1027.0,14.2,0.0,0
2022-01-02,2022,1,2,12.5,10.8,14.2,0.0,2.8,7.8,1.1,1029.6,1027.2,14.6,0.0,0
2022-01-03,2022,1,3,12.8,10.9,14.6,0.0,2.5,8.3,2.4,1028.1,1019.8,17.6,0.2,0
2022-01-04,2022,1,4,14.8,12.1,17.6,0.2,3.1,9.7,3.9,1019.8,1006.4,14.5,4.5,1
2022-01-05,2022,1,5,9.8,5.2,14.5,4.5,1.9,9.7,0.0,1013.2,1004.9,13.7,0.3,0
2022-01-06,2022,1,6,8.0,2.4,13.7,0.3,2.5,8.3,7.6,1020.4,1012.9,13.3,0.0,0
2022-01-07,2022,1,7,6.6,-0.2,13.3,0.0,2.8,10.3,7.6,1025.0,1020.3,14.8,0.0,0
2022-01-08,2022,1,8,8.2,1.5,14.8,0.0,4.2,12.5,7.0,1024.5,1017.4,16.5,0.0,0
2022-01-09,2022,1,9,14.1,11.7,16.5,0.0,3.6,10.3,0.9,1017.4,1011.2,16.8,0.0,0
2022-01-10,2022,1,10,13.4,9.9,16.8,0.0,3.6,12.5,0.0,1019.8,1008.3,14.6,0.0,0
2022-01-11,2022,1,11,9.2,3.7,14.6,0.0,2.5,9.7,7.8,1026.2,1019.6,14.0,0.0,0
2022-01-12,2022,1,12,8.4,2.7,14.0,0.0,3.1,10.3,7.5,1031.2,1026.1,14.4,0.0,0
2022-01-13,2022,1,13,7.1,-0.2,14.4,0.0,2.5,8.9,7.6,1033.0,1031.1,15.7,0.0,0
2022-01-14,2022,1,14,9.2,2.6,15.7,0.0,1.4,6.1,7.3,1033.1,1030.0,14.7,0.0,0
2022-01-15,2022,1,15,7.0,-0.6,14.7,0.0,2.2,7.8,7.9,1030.0,1025.9,15.3,0.0,0
2022-01-16,2022,1,16,7.6,-0.2,15.3,0.0,2.2,7.8,7.1,1031.6,1026.5,15.6,0.0,0
2022-01-17,2022,1,17,6.8,-2.0,15.6,0.0,0.8,5.8,9.1,1033.7,1030.5,14.6,0.0,0
2022-01-18,2022,1,18,6.2,-2.2,14.6,0.0,1.9,7.8,9.1,1032.6,1030.0,14.1,0.0,0
2022-01-19,2022,1,19,6.6,-0.9,14.1,0.0,2.2,5.8,8.1,1032.2,1028.6,15.2,0.0,0
2022-01-20,2022,1,20,9.0,2.7,15.2,0.0,2.2,5.8,6.0,1028.7,1024.5,12.5,0.0,0
2022-01-21,2022,1,21,6.2,-0.2,12.5,0.0,3.9,11.4,4.4,1028.5,1023.2,14.3,0.0,0
2022-01-22,2022,1,22,7.3,0.3,14.3,0.0,1.9,7.2,7.0,1030.8,1028.4,14.1,0.0,0
2022-01-23,2022,1,23,7.6,1.0,14.1,0.0,1.9,7.2,4.2,1029.4,1026.7,14.3,1.1,1
2022-01-24,2022,1,24,8.4,2.6,14.3,1.1,2.8,7.8,0.5,1031.1,1026.7,14.8,0.0,0
2022-01-25,2022,1,25,8.6,2.5,14.8,0.0,3.3,9.2,9.0,1032.8,1030.6,17.1,0.0,0
2022-01-26,2022,1,26,8.6,0.1,17.1,0.0,0.8,6.1,9.2,1031.8,1028.6,15.0,0.0,0
2022-01-27,2022,1,27,7.2,-0.6,15.0,0.0,1.9,6.7,9.4,1029.9,1027.8,19.1,0.0,0
2022-01-28,2022,1,28,10.0,0.9,19.1,0.0,1.9,7.2,9.4,1030.8,1028.3,17.5,0.0,0
2022-01-29,2022,1,29,8.1,-1.3,17.5,0.0,1.1,8.9,9.4,1032.5,1030.1,16.0,0.0,0
2022-01-30,2022,1,30,7.2,-1.7,16.0,0.0,4.7,10.3,9.5,1030.9,1023.4,20.0,0.0,0
2022-01-31,2022,1,31,10.5,1.0,20.0,0.0,2.5,10.8,8.8,1023.4,1018.1,15.7,0.0,0
2022-02-01,2022,2,32,10.4,5.0,15.7,0.0,2.5,8.9,6.5,1026.0,1019.8,21.3,0.0,0
2022-02-02,2022,2,33,12.8,4.4,21.3,0.0,3.6,10.8,9.5,1025.6,1021.2,16.8,0.0,0
2022-02-03,2022,2,34,9.8,2.9,16.8,0.0,2.8,7.8,9.5,1022.8,1019.2,20.1,0.0,0
2022-02-04,2022,2,35,11.8,3.5,20.1,0.0,1.7,6.7,8.0,1022.3,1018.2,16.1,0.1,0
2022-02-05,2022,2,36,12.2,8.2,16.1,0.1,2.2,5.8,0.0,1026.7,1021.9,16.1,0.0,0
2022-02-06,2022,2,37,9.8,3.5,16.1,0.0,3.1,7.2,4.2,1028.4,1026.0,17.3,0.0,0
2022-02-07,2022,2,38,8.8,0.3,17.3,0.0,2.2,7.2,9.5,1030.0,1024.5,17.2,0.0,0
2022-02-08,2022,2,39,10.2,3.2,17.2,0.0,3.9,10.8,9.5,1032.5,1029.7,18.1,0.0,0
2022-02-09,2022,2,40,11.4,4.8,18.1,0.0,2.5,7.2,7.2,1032.6,1029.7,17.2,0.0,0
2022-02-10,2022,2,41,10.2,3.2,17.2,0.0,2.2,7.2,9.5,1029.7,1025.2,17.2,0.0,0
2022-02-11,2022,2,42,9.6,2.1,17.2,0.0,1.7,8.9,9.0,1026.6,1024.0,17.1,0.0,0
2022-02-12,2022,2,43,9.7,2.3,17.1,0.0,3.1,7.2,6.1,1026.6,1024.4,16.0,0.0,0
2022-02-13,2022,2,44,9.3,2.6,16.0,0.0,2.8,8.3,8.4,1025.6,1018.0,18.0,0.2,0
2022-02-14,2022,2,45,11.3,4.6,18.0,0.2,6.4,15.0,5.1,1018.6,1012.9,15.4,0.0,0
2022-02-15,2022,2,46,9.6,3.7,15.4,0.0,3.1,10.8,7.1,1025.0,1018.6,18.5,0.0,0
2022-02-16,2022,2,47,10.6,2.7,18.5,0.0,4.7,11.7,8.5,1024.5,1021.3,21.6,0.0,0
2022-02-17,2022,2,48,13.7,5.8,21.6,0.0,2.8,8.9,10.0,1023.7,1020.2,17.6,0.0,0
2022-02-18,2022,2,49,10.6,3.5,17.6,0.0,2.2,6.1,9.6,1022.5,1015.7,15.5,0.0,0
2022-02-19,2022,2,50,10.6,5.8,15.5,0.0,9.2,18.1,0.4,1024.9,1015.3,17.5,0.0,0
2022-02-20,2022,2,51,11.2,4.9,17.5,0.0,3.9,10.3,9.7,1028.7,1024.8,18.9,0.0,0
2022-02-21,2022,2,52,11.0,3.1,18.9,0.0,3.6,11.4,9.8,1026.9,1020.5,16.7,0.0,0
2022-02-22,2022,2,53,10.2,3.7,16.7,0.0,5.0,11.7,9.6,1027.4,1024.3,17.0,0.0,0
2022-02-23,2022,2,54,9.3,1.6,17.0,0.0,2.5,7.8,6.5,1028.0,1023.4,20.1,0.0,0
2022-02-24,2022,2,55,12.7,5.3,20.1,0.0,2.8,6.7,10.0,1023.4,1019.6,15.5,0.0,0
2022-02-25,2022,2,56,10.0,4.4,15.5,0.0,4.2,12.5,0.0,1025.5,1022.0,15.2,0.0,0
2022-02-26,2022,2,57,9.4,3.5,15.2,0.0,6.1,14.4,8.5,1025.4,1022.3,15.6,0.0,0
2022-02-27,2022,2,58,9.6,3.6,15.6,0.0,1.9,6.7,3.3,1025.0,1022.0,16.1,0.0,0
2022-02-28,2022,2,59,9.7,3.3,16.1,0.0,3.3,8.9,6.5,1027.6,1024.7,17.3,0.0,0
2022-03-01,2022,3,60,9.2,1.2,17.3,0.0,4.2,9.7,9.2,1026.9,1024.9,16.3,4.6,1
2022-03-02,2022,3,61,9.6,2.9,16.3,4.6,3.6,9.2,8.2,1025.7,1018.4,18.6,0.0,0
2022-03-03,2022,3,62,12.5,6.4,18.6,0.0,4.2,8.9,9.9,1018.7,1012.8,18.0,0.1,0
2022-03-04,2022,3,63,12.1,6.2,18.0,0.1,2.8,11.4,5.3,1015.7,1011.7,14.7,0.1,0
2022-03-05,2022,3,64,12.6,10.6,14.7,0.1,3.1,7.2,0.2,1016.6,1014.4,13.4,0.1,0
2022-03-06,2022,3,65,11.0,8.5,13.4,0.1,3.6,8.9,0.0,1015.8,1013.2,16.1,0.0,0
2022-03-07,2022,3,66,10.4,4.6,16.1,0.0,3.3,9.7,3.5,1017.7,1014.4,16.3,0.1,0
2022-03-08,2022,3,67,9.2,2.2,16.3,0.1,3.9,8.9,8.2,1020.8,1017.0,16.6,0.0,0
2022-03-09,2022,3,68,10.8,5.1,16.6,0.0,3.3,9.2,10.5,1024.4,1020.5,17.9,0.0,0
2022-03-10,2022,3,69,11.4,4.8,17.9,0.0,3.1,9.2,7.1,1024.0,1019.5,16.9,5.2,1
2022-03-11,2022,3,70,11.5,6.1,16.9,5.2,2.2,8.9,3.5,1019.5,1014.6,15.7,4.0,1
2022-03-12,2022,3,71,12.5,9.3,15.7,4.0,3.1,11.7,0.8,1014.6,1009.5,16.9,0.0,0
2022-03-13,2022,3,72,11.3,5.7,16.9,0.0,2.8,8.3,1.7,1018.5,1012.8,19.9,0.0,0
2022-03-14,2022,3,73,15.0,10.1,19.9,0.0,8.3,15.3,2.2,1018.4,1015.8,19.4,0.0,0
2022-03-15,2022,3,74,17.1,14.8,19.4,0.0,8.1,12.8,1.2,1020.7,1016.8,18.8,1.8,1
2022-03-16,2022,3,75,16.6,14.5,18.8,1.8,8.1,14.4,0.1,1016.9,1011.2,14.9,3.6,1
2022-03-17,2022,3,76,13.6,12.2,14.9,3.6,9.2,16.4,0.0,1019.5,1011.9,15.7,3.3,1
2022-03-18,2022,3,77,13.8,11.9,15.7,3.3,8.1,16.4,0.0,1022.5,1018.0,17.2,1.5,1
2022-03-19,2022,3,78,14.4,11.6,17.2,1.5,5.0,12.8,3.7,1023.9,1021.2,17.8,0.5,0
2022-03-20,2022,3,79,14.4,11.0,17.8,0.5,5.3,12.8,2.2,1025.2,1022.5,16.1,0.0,0
2022-03-21,2022,3,80,13.8,11.4,16.1,0.0,7.2,15.0,0.3,1025.8,1023.6,14.8,0.0,0
2022-03-22,2022,3,81,12.7,10.6,14.8,0.0,6.1,13.9,1.1,1026.2,1024.7,13.0,2.8,1
2022-03-23,2022,3,82,10.5,8.0,13.0,2.8,5.6,11.4,0.0,1025.7,1021.8,16.1,1.7,1
2022-03-24,2022,3,83,14.1,12.1,16.1,1.7,5.6,11.1,0.0,1022.6,1020.9,16.8,0.0,0
2022-03-25,2022,3,84,14.7,12.6,16.8,0.0,8.3,17.5,0.6,1020.9,1015.6,17.0,9.6,1
2022-03-26,2022,3,85,14.6,12.3,17.0,9.6,8.3,15.0,0.1,1018.8,1015.0,18.4,0.0,0
2022-03-27,2022,3,86,14.2,9.9,18.4,0.0,5.6,10.8,2.6,1025.2,1017.6,19.8,0.0,0
2022-03-28,2022,3,87,13.6,7.3,19.8,0.0,3.6,8.3,5.8,1024.8,1016.6,18.3,0.7,0
2022-03-29,2022,3,88,14.0,9.7,18.3,0.7,5.6,12.8,0.1,1016.6,999.2,16.9,0.6,0
2022-03-30,2022,3,89,13.8,10.8,16.9,0.6,4.2,13.9,0.5,1001.2,997.0,16.5,2.5,1
2022-03-31,2022,3,90,12.6,8.7,16.5,2.5,3.9,9.7,1.3,1002.1,999.4,13.9,0.0,0
2022-04-01,2022,4,91,11.2,8.5,13.9,0.0,6.7,17.5,7.3,1011.9,1001.5,13.6,0.0,0
2022-04-02,2022,4,92,7.8,2.0,13.6,0.0,5.8,16.1,10.0,1015.4,1010.8,11.3,0.0,0
2022-04-03,2022,4,93,6.0,0.8,11.3,0.0,3.6,12.5,1.1,1017.3,1014.5,12.7,0.0,0
2022-04-04,2022,4,94,10.6,8.4,12.7,0.0,7.8,16.9,0.3,1016.9,1013.0,16.2,10.4,1
2022-04-05,2022,4,95,12.8,9.4,16.2,10.4,7.8,16.4,3.7,1014.6,1010.7,15.4,1.1,1
2022-04-06,2022,4,96,10.6,5.8,15.4,1.1,5.3,11.4,2.1,1016.3,1008.7,20.4,0.0,0
2022-04-07,2022,4,97,12.6,4.8,20.4,0.0,5.3,14.4,11.6,1017.8,1015.4,21.2,0.0,0
2022-04-08,2022,4,98,14.4,7.7,21.2,0.0,5.3,13.9,10.3,1017.1,1012.6,20.9,0.0,0
2022-04-09,2022,4,99,15.9,10.9,20.9,0.0,3.6,13.9,6.3,1020.1,1012.0,20.1,0.0,0
2022-04-10,2022,4,100,14.4,8.8,20.1,0.0,3.6,10.3,11.0,1020.7,1017.2,21.3,0.0,0
2022-04-11,2022,4,101,14.8,8.4,21.3,0.0,6.4,11.7,10.9,1017.2,1010.6,23.2,1.5,1
2022-04-12,2022,4,102,18.2,13.3,23.2,1.5,5.3,9.2,5.7,1011.1,1008.2,16.5,4.2,1
2022-04-13,2022,4,103,15.2,13.9,16.5,4.2,3.3,13.9,0.0,1012.3,1008.6,19.0,0.0,0
2022-04-14,2022,4,104,16.2,13.5,19.0,0.0,6.9,14.4,5.0,1017.0,1010.8,24.2,0.0,0
2022-04-15,2022,4,105,16.9,9.6,24.2,0.0,3.6,11.7,6.2,1018.8,1015.7,26.2,0.0,0
2022-04-16,2022,4,106,16.8,7.4,26.2,0.0,2.8,7.2,11.4,1018.8,1014.5,26.3,0.0,0
2022-04-17,2022,4,107,17.8,9.2,26.3,0.0,2.8,9.7,12.2,1017.4,1014.6,20.2,0.0,0
2022-04-18,2022,4,108,14.2,8.2,20.2,0.0,2.2,7.2,9.5,1017.3,1013.6,25.4,0.0,0
2022-04-19,2022,4,109,16.4,7.5,25.4,0.0,2.8,7.8,8.9,1013.6,1005.9,19.9,0.2,0
2022-04-20,2022,4,110,14.8,9.8,19.9,0.2,5.8,13.3,4.4,1006.0,1000.9,19.8,0.5,0
2022-04-21,2022,4,111,14.4,9.1,19.8,0.5,5.3,16.1,3.1,1004.1,1000.4,19.2,0.0,0
2022-04-22,2022,4,112,14.2,9.2,19.2,0.0,5.3,11.7,6.7,1004.1,1001.1,18.2,2.4,1
2022-04-23,2022,4,113,15.6,13.0,18.2,2.4,11.9,20.0,6.0,1006.4,999.9,20.8,0.0,0
2022-04-24,2022,4,114,15.2,9.7,20.8,0.0,7.5,13.3,12.7,1013.0,1006.0,21.1,0.0,0
2022-04-25,2022,4,115,13.7,6.3,21.1,0.0,2.5,7.8,12.5,1014.5,1012.1,24.3,0.0,0
2022-04-26,2022,4,116,15.6,6.8,24.3,0.0,4.2,10.3,11.2,1015.2,1012.8,22.5,0.0,0
2022-04-27,2022,4,117,16.2,10.0,22.5,0.0,4.2,8.3,3.7,1017.9,1013.8,21.8,0.0,0
2022-04-28,2022,4,118,16.7,11.6,21.8,0.0,5.8,10.8,2.9,1021.3,1015.7,25.2,0.0,0
2022-04-29,2022,4,119,17.8,10.5,25.2,0.0,5.8,12.8,12.7,1022.7,1019.9,23.8,0.0,0
2022-04-30,2022,4,120,16.2,8.6,23.8,0.0,4.2,10.3,9.7,1021.7,1018.3,21.6,0.0,0
2022-05-01,2022,5,121,16.1,10.6,21.6,0.0,3.1,8.9,10.2,1019.4,1014.8,23.3,0.0,0
2022-05-02,2022,5,122,17.5,11.7,23.3,0.0,5.3,11.4,7.3,1014.9,1010.8,21.5,1.3,1
2022-05-03,2022,5,123,16.8,12.1,21.5,1.3,4.4,10.3,3.0,1015.2,1010.1,20.8,0.0,0
2022-05-04,2022,5,124,16.4,12.0,20.8,0.0,9.2,16.9,1.5,1015.1,1012.3,22.5,0.0,0
2022-05-05,2022,5,125,16.7,10.9,22.5,0.0,8.3,16.9,4.2,1020.2,1012.6,24.6,0.0,0
2022-05-06,2022,5,126,16.4,8.3,24.6,0.0,4.7,12.5,10.9,1020.3,1017.5,26.2,0.0,0
2022-05-07,2022,5,127,19.2,12.1,26.2,0.0,4.4,10.8,10.4,1019.9,1017.3,23.4,0.0,0
2022-05-08,2022,5,128,16.9,10.4,23.4,0.0,3.1,8.3,7.5,1021.1,1018.1,24.4,0.0,0
2022-05-09,2022,5,129,16.8,9.2,24.4,0.0,3.6,8.9,8.0,1023.1,1020.3,23.5,0.0,0
2022-05-10,2022,5,130,16.5,9.5,23.5,0.0,3.9,10.3,12.4,1023.6,1021.6,23.7,0.0,0
2022-05-11,2022,5,131,16.7,9.7,23.7,0.0,3.6,10.8,13.0,1022.4,1020.7,29.2,0.0,0
2022-05-12,2022,5,132,19.6,10.1,29.2,0.0,3.3,9.7,13.0,1022.0,1018.9,28.8,0.0,0
2022-05-13,2022,5,133,20.6,12.3,28.8,0.0,3.6,9.2,12.7,1020.7,1019.2,26.2,0.0,0
2022-05-14,2022,5,134,18.8,11.4,26.2,0.0,3.3,10.3,12.4,1019.8,1016.7,31.8,0.0,0
2022-05-15,2022,5,135,22.0,12.1,31.8,0.0,2.2,10.3,11.5,1018.1,1015.4,24.4,0.0,0
2022-05-16,2022,5,136,19.2,14.1,24.4,0.0,2.8,8.3,11.0,1019.3,1016.5,24.1,0.0,0
2022-05-17,2022,5,137,19.4,14.8,24.1,0.0,3.6,9.2,10.6,1018.9,1017.1,25.6,0.0,0
2022-05-18,2022,5,138,19.8,14.0,25.6,0.0,2.8,9.2,12.3,1019.1,1017.5,33.0,0.0,0
2022-05-19,2022,5,139,24.0,15.0,33.0,0.0,3.9,9.2,12.6,1023.1,1019.0,33.8,0.0,0
2022-05-20,2022,5,140,26.0,18.3,33.8,0.0,4.7,10.3,12.7,1024.3,1021.8,31.1,0.0,0
2022-05-21,2022,5,141,23.1,15.1,31.1,0.0,3.3,9.7,11.7,1022.7,1016.8,33.9,0.0,0
2022-05-22,2022,5,142,23.6,13.3,33.9,0.0,2.5,7.8,12.5,1016.8,999.0,32.3,0.0,0
2022-05-23,2022,5,143,24.3,16.3,32.3,0.0,5.6,10.8,10.8,1009.4,1005.7,29.6,52.4,1
2022-05-24,2022,5,144,23.6,17.6,29.6,52.4,6.7,17.5,10.8,1009.5,1005.4,22.1,0.0,0
2022-05-25,2022,5,145,18.4,14.6,22.1,0.0,7.2,23.6,4.7,1020.1,1005.4,25.0,0.0,0
2022-05-26,2022,5,146,21.2,17.5,25.0,0.0,3.9,13.3,2.4,1021.2,1018.7,27.5,0.0,0
2022-05-27,2022,5,147,21.4,15.4,27.5,0.0,2.5,9.2,5.0,1018.8,1015.6,29.5,0.0,0
2022-05-28,2022,5,148,22.2,14.8,29.5,0.0,6.1,12.8,12.7,1015.9,1008.6,27.7,0.0,0
2022-05-29,2022,5,149,21.0,14.3,27.7,0.0,3.1,10.3,12.1,1008.8,1004.6,25.8,0.0,0
2022-05-30,2022,5,150,21.0,16.1,25.8,0.0,5.8,11.7,8.6,1010.7,1004.7,25.6,0.0,0
2022-05-31,2022,5,151,21.0,16.5,25.6,0.0,3.6,7.8,11.8,1014.9,1010.5,28.3,0.0,0
2022-06-01,2022,6,152,21.4,14.6,28.3,0.0,3.6,9.7,13.2,1015.5,1012.9,31.0,0.0,0
2022-06-02,2022,6,153,23.6,16.2,31.0,0.0,3.9,8.9,8.9,1013.4,1009.8,29.4,0.0,0
2022-06-03,2022,6,154,25.2,21.1,29.4,0.0,1.9,13.3,3.2,1014.5,1010.3,27.4,0.0,0
2022-06-04,2022,6,155,23.2,19.1,27.4,0.0,3.1,10.3,8.2,1015.9,1012.1,28.5,0.0,0
2022-06-05,2022,6,156,24.2,20.0,28.5,0.0,4.4,8.9,11.2,1019.3,1014.3,30.3,0.0,0
2022-06-06,2022,6,157,24.7,19.1,30.3,0.0,5.3,10.3,12.9,1019.3,1016.0,28.5,0.0,0
2022-06-07,2022,6,158,22.8,17.2,28.5,0.0,5.0,9.2,12.5,1017.7,1014.6,26.0,0.0,0
2022-06-08,2022,6,159,21.7,17.4,26.0,0.0,3.6,12.5,6.4,1015.3,1011.5,26.7,0.0,0
2022-06-09,2022,6,160,22.8,18.8,26.7,0.0,4.7,10.8,12.7,1019.3,1014.9,28.0,0.0,0
2022-06-10,2022,6,161,22.2,16.3,28.0,0.0,5.0,11.4,12.9,1019.8,1018.2,27.9,0.0,0
2022-06-11,2022,6,162,22.3,16.7,27.9,0.0,4.2,11.4,13.7,1020.8,1018.6,29.1,0.0,0
2022-06-12,2022,6,163,22.9,16.7,29.1,0.0,3.6,9.7,13.1,1021.0,1018.0,33.1,0.0,0
2022-06-13,2022,6,164,25.2,17.3,33.1,0.0,3.9,10.8,12.4,1018.5,1015.7,32.4,0.0,0
2022-06-14,2022,6,165,24.3,16.2,32.4,0.0,3.3,9.7,9.0,1017.1,1014.0,33.9,0.0,0
2022-06-15,2022,6,166,26.4,18.9,33.9,0.0,3.3,8.9,12.1,1017.4,1015.2,33.7,0.0,0
2022-06-16,2022,6,167,25.8,18.0,33.7,0.0,3.1,9.2,12.3,1018.2,1016.7,33.6,0.0,0
2022-06-17,2022,6,168,26.2,18.8,33.6,0.0,2.2,9.2,11.7,1018.7,1016.1,35.5,0.0,0
2022-06-18,2022,6,169,27.5,19.5,35.5,0.0,3.9,9.7,12.0,1016.9,1012.3,35.0,0.0,0
2022-06-19,2022,6,170,27.4,19.8,35.0,0.0,5.8,12.5,11.6,1013.1,1010.3,29.6,0.0,0
2022-06-20,2022,6,171,25.4,21.3,29.6,0.0,4.4,9.7,10.5,1012.4,1009.5,31.9,0.8,0
2022-06-21,2022,6,172,26.6,21.4,31.9,0.8,4.7,10.8,2.5,1012.8,1006.5,28.7,2.7,1
2022-06-22,2022,6,173,26.1,23.5,28.7,2.7,5.6,11.7,9.3,1013.1,1007.7,28.1,0.0,0
2022-06-23,2022,6,174,23.8,19.4,28.1,0.0,7.8,14.4,10.1,1013.7,1010.6,30.0,0.2,0
2022-06-24,2022,6,175,25.2,20.5,30.0,0.2,5.8,11.7,8.9,1013.7,1011.6,28.2,0.0,0
2022-06-25,2022,6,176,23.4,18.6,28.2,0.0,3.9,10.3,12.6,1013.2,1009.0,30.8,0.0,0
2022-06-26,2022,6,177,25.4,20.0,30.8,0.0,5.0,11.7,12.3,1010.4,1007.5,30.3,0.0,0
2022-06-27,2022,6,178,24.2,18.1,30.3,0.0,3.3,9.2,4.8,1016.6,1009.4,31.4,0.0,0
2022-06-28,2022,6,179,25.4,19.4,31.4,0.0,6.4,13.3,13.2,1016.9,1014.6,29.7,0.0,0
2022-06-29,2022,6,180,23.6,17.5,29.7,0.0,4.4,10.3,12.6,1016.0,1010.9,28.5,0.0,0
2022-06-30,2022,6,181,22.8,17.0,28.5,0.0,4.2,10.3,12.6,1013.6,1009.7,30.2,0.0,0
2022-07-01,2022,7,182,25.2,20.2,30.2,0.0,6.7,12.8,13.1,1019.1,1012.6,33.7,0.0,0
2022-07-02,2022,7,183,26.8,19.9,33.7,0.0,6.1,12.5,9.9,1018.5,1015.7,32.4,0.0,0
2022-07-03,2022,7,184,27.1,21.8,32.4,0.0,3.9,9.7,5.3,1017.5,1014.2,31.5,0.0,0
2022-07-04,2022,7,185,26.8,22.0,31.5,0.0,3.6,8.9,10.5,1017.3,1012.9,33.8,0.5,0
2022-07-05,2022,7,186,28.4,22.9,33.8,0.5,6.1,14.4,10.0,1018.3,1015.3,33.1,0.0,0
2022-07-06,2022,7,187,28.2,23.3,33.1,0.0,7.5,16.9,6.5,1019.4,1015.2,31.9,0.0,0
2022-07-07,2022,7,188,25.6,19.3,31.9,0.0,5.3,13.3,12.0,1021.2,1018.3,33.6,0.0,0
2022-07-08,2022,7,189,26.3,19.0,33.6,0.0,3.6,9.2,11.6,1021.7,1019.2,33.7,0.0,0
2022-07-09,2022,7,190,26.2,18.8,33.7,0.0,4.7,11.4,13.7,1021.4,1018.5,34.0,0.0,0
2022-07-10,2022,7,191,25.4,16.9,34.0,0.0,4.4,10.8,13.7,1018.6,1014.9,31.7,0.0,0
2022-07-11,2022,7,192,24.8,17.9,31.7,0.0,3.9,9.4,13.6,1017.0,1014.4,35.7,0.0,0
2022-07-12,2022,7,193,27.0,18.3,35.7,0.0,5.0,11.7,13.7,1019.5,1016.9,32.9,0.0,0
2022-07-13,2022,7,194,25.9,18.9,32.9,0.0,4.7,9.7,13.3,1020.5,1018.7,31.3,0.0,0
2022-07-14,2022,7,195,24.7,18.1,31.3,0.0,4.2,9.2,13.3,1020.1,1016.8,31.8,0.0,0
2022-07-15,2022,7,196,25.4,19.0,31.8,0.0,3.9,10.3,13.1,1016.8,1014.2,33.2,0.0,0
2022-07-16,2022,7,197,26.3,19.4,33.2,0.0,3.9,9.2,12.9,1016.5,1014.6,34.4,0.0,0
2022-07-17,2022,7,198,27.2,19.9,34.4,0.0,3.6,10.8,12.9,1018.0,1015.9,33.6,0.0,0
2022-07-18,2022,7,199,26.7,19.8,33.6,0.0,3.6,10.8,12.9,1017.6,1015.6,34.2,0.0,0
2022-07-19,2022,7,200,27.8,21.4,34.2,0.0,5.0,10.3,12.5,1016.4,1014.6,35.0,0.0,0
2022-07-20,2022,7,201,28.0,21.0,35.0,0.0,4.4,10.8,12.6,1018.3,1015.2,34.6,0.0,0
2022-07-21,2022,7,202,28.9,23.2,34.6,0.0,6.9,11.7,12.8,1018.6,1016.1,34.0,0.0,0
2022-07-22,2022,7,203,27.0,19.9,34.0,0.0,4.2,9.7,13.0,1016.7,1014.9,35.2,0.0,0
2022-07-23,2022,7,204,27.2,19.3,35.2,0.0,4.2,10.3,12.5,1017.6,1016.0,34.5,0.0,0
2022-07-24,2022,7,205,27.2,19.8,34.5,0.0,4.2,10.8,12.5,1017.6,1014.9,33.5,0.0,0
2022-07-25,2022,7,206,26.6,19.7,33.5,0.0,3.6,10.3,12.4,1015.6,1012.4,33.6,0.0,0
2022-07-26,2022,7,207,29.0,24.5,33.6,0.0,6.7,14.4,11.9,1015.2,1012.2,31.0,0.0,0
2022-07-27,2022,7,208,26.6,22.2,31.0,0.0,5.3,10.8,12.1,1014.3,1011.2,31.2,0.0,0
2022-07-28,2022,7,209,26.4,21.5,31.2,0.0,4.7,11.7,12.1,1013.6,1011.5,33.4,0.0,0
2022-07-29,2022,7,210,27.6,21.9,33.4,0.0,4.4,10.8,12.3,1016.3,1012.6,33.7,0.0,0
2022-07-30,2022,7,211,28.2,22.6,33.7,0.0,5.6,9.7,11.9,1019.2,1015.8,33.5,0.6,0
2022-07-31,2022,7,212,28.0,22.5,33.5,0.6,3.3,10.8,10.1,1018.5,1014.6,34.2,0.0,0
2022-08-01,2022,8,213,27.7,21.2,34.2,0.0,4.4,10.3,12.8,1016.0,1014.3,33.9,0.0,0
2022-08-02,2022,8,214,27.4,20.9,33.9,0.0,4.2,10.8,12.9,1015.5,1013.5,33.2,0.0,0
2022-08-03,2022,8,215,27.3,21.4,33.2,0.0,3.9,10.3,12.9,1014.4,1012.7,34.2,0.0,0
2022-08-04,2022,8,216,27.2,20.3,34.2,0.0,5.0,11.4,12.8,1014.8,1012.7,35.6,0.0,0
2022-08-05,2022,8,217,28.3,21.0,35.6,0.0,4.7,12.5,12.4,1015.3,1013.8,36.0,0.0,0
2022-08-06,2022,8,218,28.5,21.0,36.0,0.0,5.0,10.8,12.5,1015.9,1014.3,34.7,0.0,0
2022-08-07,2022,8,219,28.2,21.6,34.7,0.0,4.2,10.3,12.4,1014.9,1012.8,34.2,0.0,0
2022-08-08,2022,8,220,27.8,21.3,34.2,0.0,3.9,9.7,12.5,1016.0,1013.5,35.7,0.0,0
2022-08-09,2022,8,221,28.8,21.9,35.7,0.0,5.0,11.7,12.4,1016.8,1015.2,35.0,0.0,0
2022-08-10,2022,8,222,27.8,20.5,35.0,0.0,5.3,12.8,12.6,1016.5,1014.0,35.8,0.0,0
2022-08-11,2022,8,223,28.0,20.2,35.8,0.0,5.0,11.7,12.3,1015.2,1013.3,32.3,0.0,0
2022-08-12,2022,8,224,26.8,21.3,32.3,0.0,3.9,10.3,12.0,1015.0,1011.3,39.4,0.0,0
2022-08-13,2022,8,225,31.2,22.9,39.4,0.0,4.4,12.8,8.6,1012.0,1008.1,37.1,0.0,0
2022-08-14,2022,8,226,30.9,24.7,37.1,0.0,5.8,10.8,10.3,1010.6,1005.1,36.9,0.0,0
2022-08-15,2022,8,227,30.1,23.3,36.9,0.0,5.6,10.8,10.9,1008.5,1003.9,31.6,0.2,0
2022-08-16,2022,8,228,27.2,22.8,31.6,0.2,4.2,10.8,10.6,1008.5,1005.8,31.1,0.3,0
2022-08-17,2022,8,229,26.2,21.2,31.1,0.3,3.3,12.8,0.9,1008.3,1004.3,30.5,0.0,0
2022-08-18,2022,8,230,25.4,20.3,30.5,0.0,3.1,15.0,11.8,1016.2,1007.3,30.9,0.0,0
2022-08-19,2022,8,231,24.6,18.4,30.9,0.0,4.2,11.4,12.6,1018.4,1015.4,30.8,0.0,0
2022-08-20,2022,8,232,24.5,18.2,30.8,0.0,3.9,10.8,12.6,1018.7,1016.1,30.5,0.0,0
2022-08-21,2022,8,233,24.3,18.1,30.5,0.0,3.9,11.4,11.2,1016.4,1012.1,31.4,3.0,1
2022-08-22,2022,8,234,27.0,22.7,31.4,3.0,4.2,10.8,7.9,1013.3,1011.6,30.7,0.0,0
2022-08-23,2022,8,235,26.0,21.4,30.7,0.0,4.7,11.4,8.3,1014.5,1012.3,31.6,0.0,0
2022-08-24,2022,8,236,26.2,20.8,31.6,0.0,4.4,11.4,12.3,1014.9,1013.0,33.0,0.0,0
2022-08-25,2022,8,237,27.4,21.9,33.0,0.0,2.8,13.9,10.3,1014.8,1011.8,32.9,0.0,0
2022-08-26,2022,8,238,28.0,23.2,32.9,0.0,4.4,13.9,5.6,1014.2,1010.9,30.8,2.2,1
2022-08-27,2022,8,239,26.2,21.6,30.8,2.2,2.5,16.9,7.1,1013.3,1010.0,33.2,0.0,0
2022-08-28,2022,8,240,26.1,19.0,33.2,0.0,3.6,12.5,12.0,1015.2,1012.0,35.0,0.0,0
2022-08-29,2022,8,241,27.0,19.0,35.0,0.0,3.6,10.8,11.7,1016.5,1013.9,32.5,1.2,1
2022-08-30,2022,8,242,26.4,20.2,32.5,1.2,3.3,9.2,9.9,1017.1,1013.5,31.6,0.0,0
2022-08-31,2022,8,243,27.0,22.3,31.6,0.0,4.7,11.4,6.1,1016.2,1013.6,31.5,0.0,0
2022-09-01,2022,9,244,26.3,21.1,31.5,0.0,4.2,10.8,10.3,1014.4,1011.3,31.7,0.0,0
2022-09-02,2022,9,245,26.7,21.7,31.7,0.0,3.9,11.4,9.5,1012.6,1009.1,32.0,0.0,0
2022-09-03,2022,9,246,26.4,20.8,32.0,0.0,3.1,11.4,5.6,1013.3,1009.2,33.5,0.0,0
2022-09-04,2022,9,247,27.5,21.5,33.5,0.0,3.3,10.8,11.3,1017.1,1013.3,32.4,0.1,0
2022-09-05,2022,9,248,28.0,23.7,32.4,0.1,3.9,9.2,8.9,1018.3,1015.5,30.8,0.0,0
2022-09-06,2022,9,249,26.0,21.2,30.8,0.0,4.4,11.4,5.0,1017.1,1013.8,31.4,0.0,0
2022-09-07,2022,9,250,25.8,20.1,31.4,0.0,2.8,9.2,9.8,1014.5,1011.1,32.8,0.0,0
2022-09-08,2022,9,251,26.4,19.9,32.8,0.0,4.2,10.3,11.5,1015.1,1011.5,31.5,0.0,0
2022-09-09,2022,9,252,26.4,21.3,31.5,0.0,3.9,11.4,9.9,1017.4,1014.4,32.0,0.0,0
2022-09-10,2022,9,253,27.4,22.7,32.0,0.0,5.6,12.8,11.6,1018.8,1016.1,31.5,0.0,0
2022-09-11,2022,9,254,26.6,21.6,31.5,0.0,4.4,10.8,10.8,1017.1,1013.4,36.1,0.0,0
2022-09-12,2022,9,255,28.2,20.4,36.1,0.0,3.6,9.2,8.8,1013.3,1010.0,35.1,0.0,0
2022-09-13,2022,9,256,28.8,22.6,35.1,0.0,4.4,16.9,3.5,1011.2,1007.7,31.4,0.0,0
2022-09-14,2022,9,257,28.2,25.1,31.4,0.0,3.9,9.7,0.1,1010.3,1005.9,30.6,0.0,0
2022-09-15,2022,9,258,25.3,20.0,30.6,0.0,4.2,9.7,6.5,1011.6,1009.3,30.8,0.0,0
2022-09-16,2022,9,259,24.6,18.3,30.8,0.0,3.9,11.7,9.1,1012.0,1010.0,26.8,0.0,0
2022-09-17,2022,9,260,22.9,19.0,26.8,0.0,6.1,13.3,6.7,1015.4,1010.2,28.1,0.0,0
2022-09-18,2022,9,261,22.6,17.1,28.1,0.0,4.4,11.7,10.5,1016.4,1014.1,29.5,0.0,0
2022-09-19,2022,9,262,22.2,15.0,29.5,0.0,3.3,10.8,10.8,1016.4,1013.3,29.2,0.0,0
2022-09-20,2022,9,263,21.0,12.9,29.2,0.0,4.2,10.3,10.9,1017.5,1015.7,28.8,0.3,0
2022-09-21,2022,9,264,23.6,18.5,28.8,0.3,2.8,10.3,6.8,1017.6,1014.9,28.3,0.0,0
2022-09-22,2022,9,265,23.2,18.2,28.3,0.0,3.3,8.3,3.2,1018.0,1015.1,28.6,0.0,0
2022-09-23,2022,9,266,21.8,15.1,28.6,0.0,4.2,10.8,9.8,1018.4,1014.2,28.3,5.0,1
2022-09-24,2022,9,267,24.2,20.1,28.3,5.0,4.7,11.7,6.0,1014.2,1008.7,23.0,16.3,1
2022-09-25,2022,9,268,20.4,17.9,23.0,16.3,6.4,13.3,0.8,1011.4,1008.2,24.8,0.0,0
2022-09-26,2022,9,269,20.2,15.6,24.8,0.0,4.4,13.9,6.2,1012.9,1009.3,25.5,0.0,0
2022-09-27,2022,9,270,19.7,13.9,25.5,0.0,3.3,11.7,7.1,1012.4,1010.0,26.3,0.0,0
2022-09-28,2022,9,271,21.8,17.2,26.3,0.0,5.0,13.3,7.7,1011.7,1005.8,26.6,4.1,1
2022-09-29,2022,9,272,21.2,15.8,26.6,4.1,2.8,11.4,5.4,1005.8,1002.0,22.0,0.4,0
2022-09-30,2022,9,273,17.2,12.3,22.0,0.4,5.6,12.5,4.5,1019.5,1003.7,25.4,0.0,0
2022-10-01,2022,10,274,18.2,11.0,25.4,0.0,4.4,11.4,10.2,1027.0,1019.4,25.8,0.0,0
2022-10-02,2022,10,275,19.2,12.6,25.8,0.0,3.3,9.2,11.1,1027.2,1022.8,26.8,0.0,0
2022-10-03,2022,10,276,20.1,13.4,26.8,0.0,3.1,7.2,4.3,1023.3,1017.8,27.9,0.0,0
2022-10-04,2022,10,277,23.1,18.3,27.9,0.0,2.8,9.7,9.0,1022.4,1017.9,27.5,0.0,0
2022-10-05,2022,10,278,21.8,16.0,27.5,0.0,3.1,10.3,8.8,1024.5,1021.2,24.5,0.4,0
2022-10-06,2022,10,279,20.7,16.9,24.5,0.4,2.2,9.7,1.7,1024.9,1022.8,25.6,2.2,1
2022-10-07,2022,10,280,21.1,16.6,25.6,2.2,2.5,8.9,2.2,1023.0,1017.8,27.6,0.0,0
2022-10-08,2022,10,281,21.4,15.3,27.6,0.0,5.3,10.8,8.3,1017.9,1016.0,26.6,0.0,0
2022-10-09,2022,10,282,20.8,15.1,26.6,0.0,3.1,8.9,9.7,1017.4,1014.9,27.5,0.0,0
2022-10-10,2022,10,283,20.8,14.2,27.5,0.0,3.1,8.9,9.3,1018.3,1015.9,24.3,3.6,1
2022-10-11,2022,10,284,20.7,17.1,24.3,3.6,2.8,8.9,0.9,1017.7,1015.8,24.5,0.0,0
2022-10-12,2022,10,285,19.8,15.1,24.5,0.0,5.0,13.3,4.1,1021.3,1015.7,25.6,0.0,0
2022-10-13,2022,10,286,19.1,12.6,25.6,0.0,3.6,9.7,10.2,1022.7,1020.6,25.8,0.0,0
2022-10-14,2022,10,287,19.6,13.5,25.8,0.0,4.4,11.4,10.1,1022.1,1018.4,26.1,0.2,0
2022-10-15,2022,10,288,20.4,14.8,26.1,0.2,2.5,7.8,10.0,1018.4,1014.9,28.8,0.0,0
2022-10-16,2022,10,289,22.4,16.1,28.8,0.0,3.6,9.2,8.8,1020.7,1015.6,28.8,0.0,0
2022-10-17,2022,10,290,23.2,17.6,28.8,0.0,1.9,7.2,6.5,1025.3,1019.8,28.9,0.0,0
2022-10-18,2022,10,291,23.2,17.6,28.9,0.0,3.1,9.2,8.8,1026.0,1023.1,27.3,0.0,0
2022-10-19,2022,10,292,22.6,18.0,27.3,0.0,2.2,7.8,7.0,1023.2,1017.0,29.8,0.0,0
2022-10-20,2022,10,293,23.2,16.6,29.8,0.0,4.2,7.2,6.1,1017.2,1014.2,26.4,0.0,0
2022-10-21,2022,10,294,22.5,18.6,26.4,0.0,3.9,9.2,5.8,1016.9,1013.8,27.9,0.0,0
2022-10-22,2022,10,295,22.5,17.1,27.9,0.0,2.8,7.2,2.2,1017.9,1015.5,28.2,0.0,0
2022-10-23,2022,10,296,22.0,15.9,28.2,0.0,3.6,9.2,8.7,1017.8,1015.7,27.5,0.0,0
2022-10-24,2022,10,297,21.1,14.7,27.5,0.0,2.8,8.9,8.3,1018.9,1016.2,29.3,0.0,0
2022-10-25,2022,10,298,21.3,13.3,29.3,0.0,2.2,7.8,9.0,1018.8,1016.8,31.0,0.0,0
2022-10-26,2022,10,299,23.0,14.9,31.0,0.0,2.2,5.8,6.1,1022.3,1017.7,29.8,0.0,0
2022-10-27,2022,10,300,21.2,12.6,29.8,0.0,2.5,7.8,9.0,1024.5,1020.0,28.0,0.0,0
2022-10-28,2022,10,301,20.8,13.5,28.0,0.0,3.3,7.2,8.8,1025.3,1023.2,27.4,0.0,0
2022-10-29,2022,10,302,20.0,12.6,27.4,0.0,1.4,8.3,7.6,1023.8,1020.0,25.9,0.0,0
2022-10-30,2022,10,303,19.8,13.6,25.9,0.0,2.8,8.3,6.9,1020.7,1018.7,27.0,0.0,0
2022-10-31,2022,10,304,20.6,14.3,27.0,0.0,3.1,8.9,7.5,1020.8,1018.3,26.0,0.0,0
2022-11-01,2022,11,305,21.2,16.5,26.0,0.0,2.2,7.8,7.9,1022.7,1019.9,26.9,0.0,0
2022-11-02,2022,11,306,20.6,14.4,26.9,0.0,3.3,9.2,6.4,1023.9,1020.5,24.7,0.7,0
2022-11-03,2022,11,307,19.4,14.0,24.7,0.7,5.0,10.8,1.5,1020.5,1013.7,21.6,0.4,0
2022-11-04,2022,11,308,19.2,16.8,21.6,0.4,7.8,20.0,7.8,1017.0,1012.6,22.3,0.0,0
2022-11-05,2022,11,309,15.4,8.5,22.3,0.0,3.1,10.8,9.5,1020.0,1015.9,23.5,0.0,0
2022-11-06,2022,11,310,15.4,7.2,23.5,0.0,4.7,10.3,7.6,1019.4,1015.9,23.1,0.0,0
2022-11-07,2022,11,311,16.7,10.3,23.1,0.0,3.1,7.2,9.1,1020.4,1017.8,23.4,0.0,0
2022-11-08,2022,11,312,17.8,12.2,23.4,0.0,3.1,8.3,7.1,1018.0,1015.3,24.4,0.4,0
2022-11-09,2022,11,313,19.0,13.7,24.4,0.4,4.2,10.3,7.7,1018.8,1015.3,18.4,15.7,1
2022-11-10,2022,11,314,16.1,13.8,18.4,15.7,5.6,12.8,0.0,1025.1,1018.7,23.5,0.0,0
2022-11-11,2022,11,315,19.1,14.7,23.5,0.0,3.9,11.4,4.8,1026.5,1023.6,23.6,0.1,0
2022-11-12,2022,11,316,19.0,14.5,23.6,0.1,3.6,8.9,6.7,1026.4,1022.1,22.9,0.0,0
2022-11-13,2022,11,317,17.5,12.1,22.9,0.0,2.5,5.8,8.2,1022.1,1017.8,22.1,1.6,1
2022-11-14,2022,11,318,16.2,10.2,22.1,1.6,4.2,9.2,6.7,1019.2,1016.1,23.1,0.0,0
2022-11-15,2022,11,319,21.4,19.8,23.1,0.0,8.6,13.3,3.1,1016.1,1008.9,24.1,0.0,0
2022-11-16,2022,11,320,19.6,15.2,24.1,0.0,4.4,15.0,3.6,1009.0,1005.7,24.1,0.0,0
2022-11-17,2022,11,321,20.2,16.2,24.1,0.0,5.6,14.4,4.9,1007.2,1004.7,21.4,6.9,1
2022-11-18,2022,11,322,17.2,12.9,21.4,6.9,2.2,11.4,3.0,1009.9,1006.7,16.0,11.1,1
2022-11-19,2022,11,323,12.4,8.9,16.0,11.1,3.1,9.7,3.3,1015.0,1007.7,17.2,0.0,0
2022-11-20,2022,11,324,12.1,7.0,17.2,0.0,3.3,9.2,6.1,1019.3,1014.9,20.7,9.9,1
2022-11-21,2022,11,325,15.1,9.5,20.7,9.9,7.8,22.2,0.6,1018.9,1002.6,17.6,0.0,0
2022-11-22,2022,11,326,15.4,13.2,17.6,0.0,6.4,21.1,7.0,1012.4,1004.8,24.0,0.0,0
2022-11-23,2022,11,327,18.5,13.0,24.0,0.0,6.7,15.0,7.2,1015.9,1006.3,21.4,0.0,0
2022-11-24,2022,11,328,16.2,11.0,21.4,0.0,2.5,6.7,7.9,1020.0,1015.7,20.9,0.0,0
2022-11-25,2022,11,329,14.8,8.7,20.9,0.0,3.9,12.8,2.7,1025.2,1017.1,18.7,0.0,0
2022-11-26,2022,11,330,11.9,5.1,18.7,0.0,2.5,7.8,7.4,1028.0,1024.9,18.4,0.0,0
2022-11-27,2022,11,331,10.8,3.1,18.4,0.0,2.2,6.7,7.4,1027.3,1018.2,15.1,8.0,1
2022-11-28,2022,11,332,11.8,8.6,15.1,8.0,1.9,12.8,0.2,1018.4,1010.9,16.8,0.0,0
2022-11-29,2022,11,333,11.1,5.4,16.8,0.0,2.8,9.2,7.6,1017.3,1015.2,16.8,0.0,0
2022-11-30,2022,11,334,10.8,4.7,16.8,0.0,1.7,5.0,2.7,1017.1,1015.1,14.3,0.5,0
2022-12-01,2022,12,335,11.6,9.0,14.3,0.5,3.6,8.9,0.0,1015.8,1013.7,14.5,0.7,0
2022-12-02,2022,12,336,11.5,8.5,14.5,0.7,3.3,9.2,0.0,1014.0,1007.7,16.9,2.4,1
2022-12-03,2022,12,337,12.2,7.4,16.9,2.4,1.9,6.1,6.4,1009.4,1006.0,18.4,0.0,0
2022-12-04,2022,12,338,13.1,7.8,18.4,0.0,4.2,11.7,1.0,1014.8,1008.6,19.0,0.0,0
2022-12-05,2022,12,339,13.6,8.3,19.0,0.0,3.9,9.2,7.1,1016.4,1013.4,20.9,0.0,0
2022-12-06,2022,12,340,15.2,9.6,20.9,0.0,1.9,6.7,4.7,1014.9,1012.2,17.4,5.7,1
2022-12-07,2022,12,341,13.2,8.9,17.4,5.7,0.6,3.6,0.4,1014.8,1011.3,18.1,0.0,0
2022-12-08,2022,12,342,13.4,8.8,18.1,0.0,2.2,7.8,1.0,1011.3,1002.5,19.2,0.1,0
2022-12-09,2022,12,343,17.6,15.9,19.2,0.1,4.4,12.8,2.2,1002.5,998.7,17.0,0.0,0
2022-12-10,2022,12,344,11.8,6.6,17.0,0.0,2.2,11.4,1.7,1009.6,998.3,12.3,6.2,1
2022-12-11,2022,12,345,9.4,6.5,12.3,6.2,1.1,3.6,0.0,1009.3,1003.7,19.9,2.2,1
2022-12-12,2022,12,346,14.0,8.2,19.9,2.2,3.1,11.4,3.5,1011.5,1003.3,21.4,6.9,1
2022-12-13,2022,12,347,19.2,16.9,21.4,6.9,5.3,14.4,0.3,1005.6,1001.1,20.6,2.0,1
2022-12-14,2022,12,348,17.9,15.2,20.6,2.0,3.6,15.0,3.0,1006.4,1001.1,18.8,0.0,0
2022-12-15,2022,12,349,17.1,15.4,18.8,0.0,9.7,16.1,3.7,1002.2,997.5,18.4,0.0,0
2022-12-16,2022,12,350,13.0,7.6,18.4,0.0,3.3,9.7,6.5,1013.1,1001.7,19.0,0.0,0
2022-12-17,2022,12,351,12.6,6.2,19.0,0.0,1.9,6.1,8.3,1022.9,1013.0,18.8,0.0,0
2022-12-18,2022,12,352,12.4,6.1,18.8,0.0,1.9,5.0,7.6,1029.5,1022.8,19.0,0.0,0
2022-12-19,2022,12,353,14.1,9.2,19.0,0.0,1.9,5.8,5.0,1029.8,1026.6,19.1,0.0,0
2022-12-20,2022,12,354,13.4,7.7,19.1,0.0,3.3,9.2,7.6,1026.6,1021.5,20.1,0.0,0
2022-12-21,2022,12,355,14.2,8.4,20.1,0.0,3.6,8.3,5.4,1022.8,1020.1,20.0,0.0,0
2022-12-22,2022,12,356,13.9,7.8,20.0,0.0,2.5,10.3,7.3,1025.0,1022.4,19.4,0.1,0
2022-12-23,2022,12,357,13.6,7.8,19.4,0.1,4.7,10.3,7.3,1023.9,1021.0,19.0,0.0,0
2022-12-24,2022,12,358,14.4,9.8,19.0,0.0,4.2,10.3,8.1,1021.6,1019.7,18.1,0.2,0
2022-12-25,2022,12,359,14.8,11.6,18.1,0.2,2.2,7.8,3.2,1023.5,1020.1,22.0,0.0,0
2022-12-26,2022,12,360,14.9,7.8,22.0,0.0,1.7,5.0,7.7,1028.0,1023.1,20.6,0.3,0
2022-12-27,2022,12,361,13.3,6.0,20.6,0.3,1.9,4.7,8.1,1030.3,1027.5,18.3,0.2,0
2022-12-28,2022,12,362,12.3,6.3,18.3,0.2,0.8,5.8,4.9,1028.6,1022.7,18.7,0.0,0
2022-12-29,2022,12,363,12.3,5.9,18.7,0.0,4.2,12.5,7.1,1023.0,1020.2,19.2,0.0,0
2022-12-30,2022,12,364,14.2,9.2,19.2,0.0,4.4,13.9,5.4,1025.5,1020.7,18.3,0.1,0
2022-12-31,2022,12,365,12.8,7.4,18.3,0.1,1.9,7.8,5.7,1027.9,1025.1,21.9,0.0,0
2023-01-01,2023,1,1,13.8,5.7,21.9,0.0,0.8,4.2,7.9,1027.7,1023.7,18.9,0.1,0
2023-01-02,2023,1,2,12.2,5.4,18.9,0.1,1.9,6.1,5.9,1025.4,1022.7,17.4,0.0,0
2023-01-03,2023,1,3,11.3,5.2,17.4,0.0,1.1,7.2,1.5,1031.8,1025.2,16.7,0.0,0
2023-01-04,2023,1,4,9.9,3.1,16.7,0.0,1.4,6.1,8.5,1033.6,1031.0,16.9,0.0,0
2023-01-05,2023,1,5,9.6,2.2,16.9,0.0,1.7,5.8,8.7,1031.5,1026.2,17.3,0.0,0
2023-01-06,2023,1,6,9.8,2.3,17.3,0.0,3.9,8.9,6.3,1026.4,1024.3,17.4,0.0,0
2023-01-07,2023,1,7,12.4,7.4,17.4,0.0,5.0,11.4,5.3,1024.6,1019.8,18.2,0.4,0
2023-01-08,2023,1,8,14.2,10.3,18.2,0.4,9.2,16.1,1.6,1019.8,1012.6,19.2,0.0,0
2023-01-09,2023,1,9,16.2,13.1,19.2,0.0,4.7,17.5,7.2,1025.2,1012.4,17.6,0.0,0
2023-01-10,2023,1,10,11.4,5.3,17.6,0.0,3.3,9.2,8.7,1028.9,1024.8,19.7,0.0,0
2023-01-11,2023,1,11,11.6,3.4,19.7,0.0,3.1,8.9,7.4,1027.5,1022.4,18.2,0.0,0
2023-01-12,2023,1,12,11.2,4.2,18.2,0.0,1.4,8.9,8.5,1029.2,1025.5,17.6,0.0,0
2023-01-13,2023,1,13,12.0,6.4,17.6,0.0,2.2,6.1,5.4,1027.5,1023.7,17.0,0.0,0
2023-01-14,2023,1,14,10.8,4.6,17.0,0.0,4.4,10.8,7.7,1027.4,1021.3,19.4,0.1,0
2023-01-15,2023,1,15,13.3,7.2,19.4,0.1,3.3,9.7,5.7,1021.3,1015.5,16.1,0.0,0
2023-01-16,2023,1,16,11.0,5.9,16.1,0.0,9.2,21.1,6.6,1017.3,999.8,19.7,9.2,1
2023-01-17,2023,1,17,14.6,9.6,19.7,9.2,9.4,25.8,5.8,1000.0,994.2,13.1,0.8,0
2023-01-18,2023,1,18,10.2,7.3,13.1,0.8,3.1,14.4,3.6,1010.0,996.9,13.0,1.3,1
2023-01-19,2023,1,19,10.0,6.9,13.0,1.3,5.0,18.9,3.8,1016.1,1005.3,14.9,0.0,0
2023-01-20,2023,1,20,8.4,2.0,14.9,0.0,3.1,20.6,2.3,1018.4,1004.6,12.0,0.1,0
2023-01-21,2023,1,21,6.0,0.1,12.0,0.1,2.8,13.9,5.2,1017.8,1015.7,11.3,0.2,0
2023-01-22,2023,1,22,6.0,0.8,11.3,0.2,3.3,9.2,3.9,1021.8,1016.9,10.8,0.2,0
2023-01-23,2023,1,23,6.8,2.9,10.8,0.2,4.7,13.3,4.1,1021.7,1018.4,11.2,4.6,1
2023-01-24,2023,1,24,6.4,1.6,11.2,4.6,2.8,11.7,5.0,1023.3,1021.0,12.3,1.9,1
2023-01-25,2023,1,25,8.2,4.1,12.3,1.9,4.2,13.3,0.4,1022.4,1018.5,13.0,0.9,0
2023-01-26,2023,1,26,6.4,-0.1,13.0,0.9,1.7,8.3,3.8,1018.5,1013.3,8.9,1.2,1
2023-01-27,2023,1,27,4.7,0.5,8.9,1.2,2.2,8.9,1.3,1015.9,1011.9,9.4,1.9,1
2023-01-28,2023,1,28,7.4,5.3,9.4,1.9,4.2,9.7,0.2,1020.7,1015.5,11.3,0.0,0
2023-01-29,2023,1,29,7.2,3.1,11.3,0.0,5.0,14.4,5.8,1025.9,1020.1,13.5,0.0,0
2023-01-30,2023,1,30,6.8,0.1,13.5,0.0,1.9,9.7,9.2,1028.3,1025.6,16.4,0.0,0
2023-01-31,2023,1,31,7.9,-0.6,16.4,0.0,1.1,8.3,9.3,1028.0,1025.1,14.4,0.0,0
2023-02-01,2023,2,32,6.9,-0.6,14.4,0.0,2.5,8.9,8.8,1029.1,1026.5,17.6,0.0,0
2023-02-02,2023,2,33,8.2,-1.2,17.6,0.0,1.7,7.8,9.5,1029.5,1026.3,16.3,0.0,0
2023-02-03,2023,2,34,7.9,-0.5,16.3,0.0,2.5,8.3,9.2,1031.2,1028.8,19.2,0.0,0
2023-02-04,2023,2,35,8.9,-1.4,19.2,0.0,2.8,9.2,9.5,1030.1,1024.9,16.8,0.0,0
2023-02-05,2023,2,36,9.3,1.8,16.8,0.0,5.0,12.8,9.4,1030.8,1027.9,11.8,4.8,1
2023-02-06,2023,2,37,7.7,3.6,11.8,4.8,2.5,12.8,0.3,1028.1,1020.2,14.4,10.6,1
2023-02-07,2023,2,38,11.2,7.9,14.4,10.6,2.2,11.4,2.4,1023.2,1018.3,13.5,0.0,0
2023-02-08,2023,2,39,8.9,4.3,13.5,0.0,5.6,12.5,2.7,1027.3,1022.6,13.3,0.5,0
2023-02-09,2023,2,40,7.6,1.9,13.3,0.5,2.2,14.4,6.8,1035.5,1026.8,12.9,0.1,0
2023-02-10,2023,2,41,7.0,1.1,12.9,0.1,2.2,10.8,3.4,1037.2,1034.8,14.1,0.0,0
2023-02-11,2023,2,42,6.4,-1.4,14.1,0.0,1.4,7.2,9.5,1037.0,1033.3,14.9,0.0,0
2023-02-12,2023,2,43,8.2,1.4,14.9,0.0,1.9,6.7,9.4,1034.8,1032.5,15.3,0.0,0
2023-02-13,2023,2,44,7.9,0.5,15.3,0.0,2.2,6.7,9.7,1036.3,1034.1,16.2,0.0,0
2023-02-14,2023,2,45,9.2,2.3,16.2,0.0,1.9,6.1,6.4,1035.6,1030.7,16.5,0.0,0
2023-02-15,2023,2,46,10.4,4.2,16.5,0.0,1.9,6.7,6.2,1030.7,1027.3,18.1,0.2,0
2023-02-16,2023,2,47,12.2,6.3,18.1,0.2,2.5,7.8,4.6,1031.3,1028.2,17.7,0.0,0
2023-02-17,2023,2,48,11.2,4.6,17.7,0.0,2.8,7.8,9.7,1032.8,1030.4,17.0,0.0,0
2023-02-18,2023,2,49,9.5,2.0,17.0,0.0,2.5,7.2,9.7,1032.2,1028.8,18.4,0.0,0
2023-02-19,2023,2,50,10.2,2.1,18.4,0.0,2.2,7.2,9.5,1028.8,1025.5,20.5,0.0,0
2023-02-20,2023,2,51,11.7,2.9,20.5,0.0,1.9,6.7,9.6,1027.1,1023.5,21.4,0.0,0
2023-02-21,2023,2,52,12.6,3.9,21.4,0.0,3.3,9.2,5.9,1023.5,1016.5,17.5,0.0,0
2023-02-22,2023,2,53,12.6,7.8,17.5,0.0,2.5,8.3,5.2,1017.7,1014.9,15.3,0.0,0
2023-02-23,2023,2,54,12.7,10.1,15.3,0.0,2.8,7.2,0.0,1014.9,1009.1,19.0,16.2,1
2023-02-24,2023,2,55,13.8,8.6,19.0,16.2,1.9,6.7,3.3,1009.7,1005.1,14.9,0.1,0
2023-02-25,2023,2,56,8.8,2.7,14.9,0.1,3.1,8.9,6.4,1005.3,1001.9,15.1,2.8,1
2023-02-26,2023,2,57,8.2,1.3,15.1,2.8,2.2,13.9,5.8,1005.8,1000.5,6.9,46.5,1
2023-02-27,2023,2,58,4.6,2.4,6.9,46.5,4.4,15.0,0.0,1009.7,1005.2,9.6,3.6,1
2023-02-28,2023,2,59,7.1,4.6,9.6,3.6,4.4,12.8,0.1,1016.5,1008.2,13.9,0.0,0
2023-03-01,2023,3,60,7.8,1.8,13.9,0.0,3.6,10.8,9.9,1016.8,1014.1,11.3,0.0,0
2023-03-02,2023,3,61,6.3,1.3,11.3,0.0,4.4,12.8,0.3,1017.7,1013.0,14.3,0.0,0
2023-03-03,2023,3,62,8.0,1.8,14.3,0.0,1.4,7.8,5.6,1020.0,1016.1,15.2,0.0,0
2023-03-04,2023,3,63,7.6,0.1,15.2,0.0,2.8,8.3,8.4,1021.0,1018.2,15.4,1.6,1
2023-03-05,2023,3,64,7.8,0.1,15.4,1.6,3.9,9.7,8.0,1019.8,1011.4,17.6,0.0,0
2023-03-06,2023,3,65,12.3,7.0,17.6,0.0,4.4,10.8,8.0,1011.6,1009.5,18.0,0.0,0
2023-03-07,2023,3,66,11.4,4.9,18.0,0.0,4.2,12.5,8.7,1010.9,1006.9,18.5,0.0,0
2023-03-08,2023,3,67,12.1,5.7,18.5,0.0,4.2,12.5,9.2,1012.4,1009.9,20.2,0.0,0
2023-03-09,2023,3,68,15.2,10.2,20.2,0.0,4.7,13.9,2.6,1012.9,1010.2,23.1,0.0,0
2023-03-10,2023,3,69,16.1,9.1,23.1,0.0,5.6,16.1,10.5,1016.4,1011.5,22.8,0.0,0
2023-03-11,2023,3,70,17.6,12.4,22.8,0.0,5.6,14.4,10.7,1015.7,1012.1,23.9,0.0,0
2023-03-12,2023,3,71,17.2,10.4,23.9,0.0,3.3,12.8,9.9,1020.1,1014.7,19.9,0.0,0
2023-03-13,2023,3,72,14.0,8.0,19.9,0.0,2.5,7.8,9.5,1019.4,1009.9,20.0,0.0,0
2023-03-14,2023,3,73,16.0,12.0,20.0,0.0,4.2,16.9,10.7,1018.4,1009.9,20.2,0.0,0
2023-03-15,2023,3,74,14.0,7.7,20.2,0.0,2.8,10.3,10.9,1019.3,1016.8,21.1,0.0,0
2023-03-16,2023,3,75,12.8,4.5,21.1,0.0,2.8,9.2,10.4,1017.8,1014.8,20.7,0.0,0
2023-03-17,2023,3,76,14.2,7.8,20.7,0.0,3.6,9.2,10.0,1015.8,1012.1,17.5,0.0,0
2023-03-18,2023,3,77,12.6,7.6,17.5,0.0,3.1,7.8,3.8,1016.3,1013.1,20.9,0.0,0
2023-03-19,2023,3,78,14.2,7.5,20.9,0.0,3.6,6.7,8.2,1022.8,1015.9,18.7,0.0,0
2023-03-20,2023,3,79,11.4,4.2,18.7,0.0,3.1,9.7,10.8,1022.5,1018.7,17.6,0.0,0
2023-03-21,2023,3,80,11.4,5.3,17.6,0.0,3.3,8.9,8.4,1020.0,1017.4,18.0,0.0,0
2023-03-22,2023,3,81,12.6,7.1,18.0,0.0,3.6,9.2,11.2,1018.2,1016.3,18.8,0.0,0
2023-03-23,2023,3,82,12.6,6.4,18.8,0.0,3.3,8.3,9.9,1017.5,1015.7,19.8,0.0,0
2023-03-24,2023,3,83,12.8,5.8,19.8,0.0,4.2,10.3,6.8,1019.1,1015.4,23.4,0.0,0
2023-03-25,2023,3,84,16.7,10.0,23.4,0.0,3.3,8.9,10.6,1022.7,1018.6,24.2,0.0,0
2023-03-26,2023,3,85,17.4,10.6,24.2,0.0,4.7,12.5,10.6,1018.7,1013.1,19.8,0.0,0
2023-03-27,2023,3,86,14.6,9.5,19.8,0.0,,19.7,11.4,1024.2,1014.4,18.4,0.0,0
2023-03-28,2023,3,87,12.8,7.3,18.4,0.0,3.6,9.7,11.4,1027.4,1023.7,19.2,0.0,0
2023-03-29,2023,3,88,12.3,5.4,19.2,0.0,3.1,8.3,8.4,1027.0,1022.5,19.0,0.0,0
2023-03-30,2023,3,89,11.8,4.6,19.0,0.0,3.9,9.7,9.2,1022.7,1019.0,25.5,0.0,0
2023-03-31,2023,3,90,18.6,11.8,25.5,0.0,4.7,11.4,7.2,1019.0,1014.2,20.6,4.5,1
2023-04-01,2023,4,91,16.2,11.7,20.6,4.5,5.8,17.5,10.1,1019.4,1013.7,18.8,0.0,0
2023-04-02,2023,4,92,13.3,7.8,18.8,0.0,4.4,12.5,10.4,1018.4,1013.7,18.1,0.3,0
2023-04-03,2023,4,93,12.0,6.0,18.1,0.3,3.3,8.9,8.4,1017.9,1013.6,19.2,0.2,0
2023-04-04,2023,4,94,11.6,4.1,19.2,0.2,3.3,12.8,8.7,1018.3,1012.6,18.3,0.0,0
2023-04-05,2023,4,95,10.4,2.4,18.3,0.0,5.6,11.4,11.8,1019.7,1017.0,18.8,0.0,0
2023-04-06,2023,4,96,11.1,3.4,18.8,0.0,3.6,8.3,11.8,1020.4,1018.5,19.1,0.0,0
2023-04-07,2023,4,97,11.4,3.6,19.1,0.0,4.2,9.2,8.0,1019.3,1015.7,19.2,0.0,0
2023-04-08,2023,4,98,11.8,4.4,19.2,0.0,4.4,9.2,11.9,1019.2,1015.9,19.1,0.0,0
2023-04-09,2023,4,99,12.0,4.8,19.1,0.0,4.4,9.2,11.8,1021.8,1019.0,20.1,0.0,0
2023-04-10,2023,4,100,13.5,6.9,20.1,0.0,3.6,8.3,8.1,1023.2,1020.0,20.4,0.0,0
2023-04-11,2023,4,101,13.8,7.3,20.4,0.0,3.3,9.2,11.0,1023.0,1015.5,22.0,0.3,0
2023-04-12,2023,4,102,14.2,6.5,22.0,0.3,3.6,15.3,10.4,1015.5,1007.6,18.4,0.0,0
2023-04-13,2023,4,103,15.2,11.9,18.4,0.0,3.3,14.4,9.9,1015.9,1009.7,22.5,0.0,0
2023-04-14,2023,4,104,16.9,11.3,22.5,0.0,6.4,12.8,11.6,1015.5,1011.4,22.3,0.0,0
2023-04-15,2023,4,105,16.7,11.1,22.3,0.0,5.3,17.5,12.0,1017.6,1010.9,21.5,0.0,0
2023-04-16,2023,4,106,15.2,9.0,21.5,0.0,4.4,10.8,10.9,1018.4,1015.7,20.8,0.0,0
2023-04-17,2023,4,107,13.0,5.2,20.8,0.0,4.4,10.8,9.3,1016.8,1014.5,21.5,0.0,0
2023-04-18,2023,4,108,13.3,5.1,21.5,0.0,3.3,9.7,10.5,1016.1,1013.6,22.8,0.0,0
2023-04-19,2023,4,109,15.0,7.1,22.8,0.0,3.6,10.3,12.2,1015.9,1012.3,19.9,0.0,0
2023-04-20,2023,4,110,13.4,6.8,19.9,0.0,3.6,9.7,12.3,1013.1,1008.5,22.5,0.0,0
2023-04-21,2023,4,111,15.8,9.2,22.5,0.0,3.6,9.7,11.4,1011.7,1008.8,23.4,0.0,0
2023-04-22,2023,4,112,16.8,10.2,23.4,0.0,4.4,10.3,7.4,1012.2,1010.3,21.1,0.0,0
2023-04-23,2023,4,113,16.3,11.5,21.1,0.0,4.4,11.4,11.5,1014.4,1011.9,24.0,0.0,0
2023-04-24,2023,4,114,18.0,12.1,24.0,0.0,3.1,9.2,10.9,1016.1,1014.1,21.7,0.0,0
2023-04-25,2023,4,115,17.3,12.9,21.7,0.0,4.4,9.7,10.2,1015.4,1012.3,27.1,0.0,0
2023-04-26,2023,4,116,21.0,15.0,27.1,0.0,4.4,8.1,11.9,1017.4,1014.2,24.6,0.0,0
2023-04-27,2023,4,117,18.2,11.7,24.6,0.0,3.1,9.7,11.3,1017.4,1015.1,30.7,0.0,0
2023-04-28,2023,4,118,21.5,12.3,30.7,0.0,2.8,8.9,10.8,1017.5,1013.5,28.5,1.8,1
2023-04-29,2023,4,119,22.2,15.9,28.5,1.8,3.1,11.7,5.6,1014.1,1010.0,24.1,0.0,0
2023-04-30,2023,4,120,19.0,14.0,24.1,0.0,2.8,7.8,3.1,1016.6,1011.9,24.8,0.0,0
2023-05-01,2023,5,121,18.4,11.9,24.8,0.0,4.7,10.8,6.8,1018.9,1015.0,23.8,0.0,0
2023-05-02,2023,5,122,17.0,10.2,23.8,0.0,3.1,8.9,10.6,1018.7,1016.6,24.4,0.0,0
2023-05-03,2023,5,123,16.0,7.7,24.4,0.0,4.2,9.7,11.8,1019.2,1017.2,25.4,0.0,0
2023-05-04,2023,5,124,17.6,9.7,25.4,0.0,3.6,10.3,11.1,1020.2,1018.3,24.9,0.0,0
2023-05-05,2023,5,125,17.5,10.1,24.9,0.0,3.6,9.2,12.6,1019.7,1016.1,28.0,0.0,0
2023-05-06,2023,5,126,19.6,11.3,28.0,0.0,4.2,8.9,9.0,1016.6,1012.3,26.2,0.0,0
2023-05-07,2023,5,127,21.3,16.4,26.2,0.0,5.6,11.4,4.0,1020.3,1013.2,25.1,0.0,0
2023-05-08,2023,5,128,19.0,12.9,25.1,0.0,4.7,12.5,11.6,1020.6,1018.6,25.9,0.7,0
2023-05-09,2023,5,129,18.8,11.8,25.9,0.7,4.2,10.8,11.0,1020.2,1015.7,23.6,0.0,0
2023-05-10,2023,5,130,19.1,14.6,23.6,0.0,3.1,10.3,9.7,1018.9,1016.4,21.6,0.0,0
2023-05-11,2023,5,131,16.4,11.2,21.6,0.0,2.8,7.2,2.4,1018.4,1013.6,22.7,0.0,0
2023-05-12,2023,5,132,16.6,10.4,22.7,0.0,5.0,10.8,6.7,1015.3,1011.2,20.6,2.8,1
2023-05-13,2023,5,133,15.6,10.7,20.6,2.8,4.2,13.3,3.1,1017.6,1013.1,22.0,0.0,0
2023-05-14,2023,5,134,16.4,10.7,22.0,0.0,5.6,10.8,7.1,1016.9,1014.6,24.7,2.1,1
2023-05-15,2023,5,135,19.0,13.2,24.7,2.1,4.4,11.7,10.1,1015.4,1011.1,23.0,0.0,0
2023-05-16,2023,5,136,19.0,14.9,23.0,0.0,3.9,11.4,7.5,1014.6,1010.3,23.0,0.0,0
2023-05-17,2023,5,137,17.2,11.5,23.0,0.0,5.0,11.4,5.6,1015.8,1013.4,21.9,0.0,0
2023-05-18,2023,5,138,17.2,12.6,21.9,0.0,6.7,15.0,4.5,1017.6,1014.6,21.4,0.1,0
2023-05-19,2023,5,139,16.8,12.3,21.4,0.1,7.5,15.3,6.5,1016.5,1012.1,23.0,0.0,0
2023-05-20,2023,5,140,17.6,12.2,23.0,0.0,3.6,10.3,6.4,1012.8,1010.7,25.2,0.0,0
2023-05-21,2023,5,141,17.5,9.8,25.2,0.0,4.4,10.8,12.0,1012.1,1010.0,22.7,0.0,0
2023-05-22,2023,5,142,19.0,15.3,22.7,0.0,5.0,11.4,0.3,1012.4,1009.6,23.8,0.0,0
2023-05-23,2023,5,143,20.2,16.5,23.8,0.0,4.7,12.5,3.7,1013.3,1009.9,25.9,0.0,0
2023-05-24,2023,5,144,20.6,15.4,25.9,0.0,4.7,11.7,8.4,1013.9,1011.3,24.3,11.3,1
2023-05-25,2023,5,145,19.3,14.3,24.3,11.3,3.9,11.7,5.7,1017.6,1012.9,25.5,0.0,0
2023-05-26,2023,5,146,20.8,16.2,25.5,0.0,4.4,9.2,9.6,1019.0,1016.7,28.8,0.0,0
2023-05-27,2023,5,147,21.2,13.6,28.8,0.0,5.0,11.4,11.9,1018.4,1013.5,22.0,0.1,0
2023-05-28,2023,5,148,18.6,15.2,22.0,0.1,2.5,7.8,0.0,1015.0,1011.8,22.4,52.1,1
2023-05-29,2023,5,149,19.2,16.1,22.4,52.1,1.7,12.5,0.7,1014.5,1011.5,23.8,0.0,0
2023-05-30,2023,5,150,19.4,15.0,23.8,0.0,2.5,7.8,0.4,1015.2,1012.6,26.1,0.8,0
2023-05-31,2023,5,151,19.6,13.2,26.1,0.8,3.1,10.8,9.0,1014.2,1012.4,25.4,2.2,1
2023-06-01,2023,6,152,20.2,15.1,25.4,2.2,3.3,9.7,6.9,1014.5,1012.0,25.1,0.0,0
2023-06-02,2023,6,153,19.7,14.3,25.1,0.0,3.6,8.9,10.3,1013.9,1011.5,24.8,0.0,0
2023-06-03,2023,6,154,19.6,14.4,24.8,0.0,3.3,12.5,8.2,1015.0,1012.4,25.6,0.8,0
2023-06-04,2023,6,155,20.2,14.9,25.6,0.8,3.1,9.2,10.3,1015.7,1013.0,26.4,0.0,0
2023-06-05,2023,6,156,20.4,14.5,26.4,0.0,4.2,10.3,10.5,1015.7,1013.2,25.7,0.0,0
2023-06-06,2023,6,157,20.4,15.1,25.7,0.0,4.4,11.4,12.5,1016.0,1014.0,26.4,0.0,0
2023-06-07,2023,6,158,21.6,16.7,26.4,0.0,3.1,7.8,2.0,1015.0,1013.5,27.5,0.0,0
2023-06-08,2023,6,159,22.8,18.0,27.5,0.0,3.9,9.2,8.2,1013.6,1009.0,26.0,0.0,0
2023-06-09,2023,6,160,22.6,19.3,26.0,0.0,4.7,11.4,6.9,1012.4,1009.5,29.0,0.0,0
2023-06-10,2023,6,161,23.3,17.6,29.0,0.0,3.3,9.2,9.1,1013.2,1011.0,26.9,0.0,0
2023-06-11,2023,6,162,23.0,19.1,26.9,0.0,4.2,9.7,9.3,1013.9,1011.6,28.9,0.0,0
2023-06-12,2023,6,163,23.0,17.0,28.9,0.0,3.6,8.9,11.1,1012.8,1008.4,27.2,0.0,0
2023-06-13,2023,6,164,22.4,17.6,27.2,0.0,3.9,10.3,6.4,1010.0,1006.0,28.2,0.0,0
2023-06-14,2023,6,165,24.0,19.7,28.2,0.0,3.3,9.7,7.0,1015.4,1007.1,29.6,0.0,0
2023-06-15,2023,6,166,23.6,17.6,29.6,0.0,4.2,9.7,7.5,1017.7,1014.8,29.2,0.0,0
2023-06-16,2023,6,167,22.8,16.3,29.2,0.0,3.9,9.2,12.9,1017.7,1015.3,30.5,0.0,0
2023-06-17,2023,6,168,23.0,15.5,30.5,0.0,3.9,9.2,13.5,1015.7,1013.0,32.2,0.0,0
2023-06-18,2023,6,169,24.2,16.2,32.2,0.0,4.7,11.4,5.9,1013.7,1010.7,35.5,0.0,0
2023-06-19,2023,6,170,28.6,21.6,35.5,0.0,5.3,11.4,9.1,1011.7,1006.6,32.1,0.0,0
2023-06-20,2023,6,171,27.5,22.9,32.1,0.0,3.9,12.5,9.7,1011.1,1007.2,29.9,0.0,0
2023-06-21,2023,6,172,26.4,23.0,29.9,0.0,3.3,9.2,9.3,1012.5,1009.1,32.7,0.0,0
2023-06-22,2023,6,173,27.2,21.7,32.7,0.0,3.9,8.9,8.9,1021.4,1011.9,32.4,0.0,0
2023-06-23,2023,6,174,26.2,20.1,32.4,0.0,8.3,13.3,12.6,1022.2,1020.4,30.3,0.0,0
2023-06-24,2023,6,175,24.2,18.2,30.3,0.0,4.2,10.8,13.2,1020.5,1016.2,30.3,0.0,0
2023-06-25,2023,6,176,24.4,18.4,30.3,0.0,3.9,10.8,13.2,1018.2,1016.2,31.2,0.0,0
2023-06-26,2023,6,177,25.3,19.4,31.2,0.0,3.6,11.4,12.2,1018.7,1016.8,31.8,0.0,0
2023-06-27,2023,6,178,25.5,19.2,31.8,0.0,4.7,10.3,12.4,1017.9,1014.9,33.9,0.0,0
2023-06-28,2023,6,179,27.0,20.2,33.9,0.0,3.3,10.8,9.4,1015.2,1012.6,32.6,0.8,0
2023-06-29,2023,6,180,26.4,20.3,32.6,0.8,4.7,11.7,11.2,1015.2,1012.7,30.9,0.0,0
2023-06-30,2023,6,181,25.8,20.8,30.9,0.0,4.2,10.3,5.6,1016.5,1013.3,27.4,0.0,0
2023-07-01,2023,7,182,23.7,20.0,27.4,0.0,5.0,10.8,6.0,1016.7,1014.1,29.2,0.0,0
2023-07-02,2023,7,183,23.4,17.6,29.2,0.0,5.0,11.4,13.1,1017.0,1014.7,29.2,0.0,0
2023-07-03,2023,7,184,24.3,19.4,29.2,0.0,4.2,10.8,8.8,1017.3,1015.3,31.0,0.0,0
2023-07-04,2023,7,185,25.6,20.1,31.0,0.0,4.2,10.3,9.5,1016.2,1014.2,33.2,0.0,0
2023-07-05,2023,7,186,26.6,19.9,33.2,0.0,4.7,11.4,13.0,1016.8,1014.2,33.8,0.0,0
2023-07-06,2023,7,187,27.4,20.9,33.8,0.0,3.3,9.7,11.0,1015.5,1011.4,36.2,0.0,0
2023-07-07,2023,7,188,29.8,23.5,36.2,0.0,4.2,12.8,8.2,1014.2,1010.7,35.4,0.0,0
2023-07-08,2023,7,189,29.2,23.0,35.4,0.0,3.3,8.3,11.2,1017.0,1011.7,34.4,0.0,0
2023-07-09,2023,7,190,29.2,23.9,34.4,0.0,3.6,10.8,10.4,1019.3,1015.6,34.0,0.0,0
2023-07-10,2023,7,191,29.0,24.0,34.0,0.0,5.8,11.4,11.0,1019.2,1016.5,38.3,0.0,0
2023-07-11,2023,7,192,31.0,23.7,38.3,0.0,3.9,8.9,11.5,1017.3,1011.9,35.7,0.0,0
2023-07-12,2023,7,193,29.1,22.5,35.7,0.0,4.7,10.3,11.1,1014.2,1010.8,32.7,0.0,0
2023-07-13,2023,7,194,27.5,22.3,32.7,0.0,8.3,15.0,13.1,1017.8,1014.1,31.6,0.0,0
2023-07-14,2023,7,195,25.8,20.1,31.6,0.0,4.4,10.3,13.2,1017.4,1013.3,32.0,0.0,0
2023-07-15,2023,7,196,25.4,18.9,32.0,0.0,3.9,10.3,12.3,1013.6,1010.9,33.2,0.0,0
2023-07-16,2023,7,197,28.8,24.4,33.2,0.0,6.1,10.8,9.8,1016.2,1012.4,34.6,0.0,0
2023-07-17,2023,7,198,29.2,23.8,34.6,0.0,5.6,9.7,12.0,1017.9,1014.6,37.4,0.0,0
2023-07-18,2023,7,199,29.1,20.8,37.4,0.0,4.7,10.8,12.2,1017.7,1014.4,40.0,0.0,0
2023-07-19,2023,7,200,30.2,20.3,40.0,0.0,5.6,12.8,11.6,1015.1,1011.7,33.8,0.0,0
2023-07-20,2023,7,201,29.8,25.9,33.8,0.0,4.2,13.9,7.4,1014.1,1008.7,34.5,0.0,0
2023-07-21,2023,7,202,29.4,24.4,34.5,0.0,2.5,11.4,9.7,1014.9,1008.3,34.3,0.0,0
2023-07-22,2023,7,203,29.8,25.4,34.3,0.0,3.9,10.3,7.1,1017.1,1012.8,35.4,0.0,0
2023-07-23,2023,7,204,29.4,23.5,35.4,0.0,4.4,12.5,9.9,1016.2,1009.1,32.6,0.0,0
2023-07-24,2023,7,205,27.9,23.2,32.6,0.0,3.6,11.7,4.0,1009.3,1003.7,31.7,5.5,1
2023-07-25,2023,7,206,27.2,22.7,31.7,5.5,5.6,12.5,10.3,1014.8,1007.6,30.3,0.0,0
2023-07-26,2023,7,207,26.1,21.9,30.3,0.0,4.7,9.7,6.8,1016.9,1014.7,32.8,0.0,0
2023-07-27,2023,7,208,26.5,20.2,32.8,0.0,3.1,11.4,11.4,1016.5,1011.5,31.3,0.0,0
2023-07-28,2023,7,209,25.4,19.5,31.3,0.0,4.2,9.7,12.9,1014.7,1011.9,31.6,0.0,0
2023-07-29,2023,7,210,25.8,20.0,31.6,0.0,4.7,11.4,12.6,1014.5,1012.3,32.5,0.0,0
2023-07-30,2023,7,211,27.2,21.8,32.5,0.0,3.9,10.3,12.5,1016.9,1013.9,32.1,0.0,0
2023-07-31,2023,7,212,28.8,25.5,32.1,0.0,5.0,10.8,10.1,1016.7,1013.3,32.1,0.0,0
2023-08-01,2023,8,213,28.4,24.7,32.1,0.0,4.7,10.3,12.2,1013.5,1010.0,32.1,0.0,0
2023-08-02,2023,8,214,28.0,24.0,32.1,0.0,4.2,11.4,10.7,1011.6,1007.6,31.1,8.1,1
2023-08-03,2023,8,215,27.7,24.3,31.1,8.1,7.2,15.3,9.5,1012.9,1007.0,28.9,0.7,0
2023-08-04,2023,8,216,24.4,19.8,28.9,0.7,2.8,11.7,7.6,1017.9,1012.1,31.1,0.0,0
2023-08-05,2023,8,217,24.4,17.7,31.1,0.0,3.6,20.0,11.5,1017.5,1014.0,31.6,0.0,0
2023-08-06,2023,8,218,24.0,16.5,31.6,0.0,5.6,10.8,12.7,1018.0,1014.5,29.8,0.0,0
2023-08-07,2023,8,219,24.8,19.7,29.8,0.0,6.7,11.4,12.4,1019.6,1017.7,29.8,0.0,0
2023-08-08,2023,8,220,23.8,17.8,29.8,0.0,4.4,11.4,12.3,1018.4,1015.9,30.9,0.0,0
2023-08-09,2023,8,221,25.1,19.3,30.9,0.0,5.0,10.8,12.1,1018.4,1013.2,31.4,0.0,0
2023-08-10,2023,8,222,27.0,22.5,31.4,0.0,4.4,10.8,10.9,1019.2,1015.9,33.8,0.0,0
2023-08-11,2023,8,223,28.2,22.6,33.8,0.0,5.8,12.8,12.4,1020.1,1018.0,32.3,0.0,0
2023-08-12,2023,8,224,26.4,20.4,32.3,0.0,4.2,10.8,12.3,1019.3,1016.9,32.1,0.0,0
2023-08-13,2023,8,225,27.0,21.8,32.1,0.0,4.7,12.8,12.2,1017.8,1014.4,36.3,0.0,0
2023-08-14,2023,8,226,28.2,20.2,36.3,0.0,4.2,9.7,12.5,1015.2,1013.4,36.5,0.0,0
2023-08-15,2023,8,227,28.3,20.1,36.5,0.0,3.6,10.3,12.2,1015.2,1013.7,38.2,0.0,0
2023-08-16,2023,8,228,29.8,21.4,38.2,0.0,5.0,9.2,10.5,1014.5,1011.5,33.7,0.0,0
2023-08-17,2023,8,229,28.3,22.9,33.7,0.0,4.7,9.7,11.7,1012.7,1009.9,31.7,0.0,0
2023-08-18,2023,8,230,26.9,22.1,31.7,0.0,4.4,11.4,11.9,1013.6,1011.3,31.8,0.0,0
2023-08-19,2023,8,231,27.4,22.9,31.8,0.0,3.3,9.2,11.1,1017.2,1013.5,32.3,0.0,0
2023-08-20,2023,8,232,27.5,22.7,32.3,0.0,3.9,9.7,12.0,1018.8,1016.9,34.7,0.0,0
2023-08-21,2023,8,233,28.4,22.0,34.7,0.0,3.9,9.7,12.0,1018.8,1011.0,33.7,0.0,0
2023-08-22,2023,8,234,28.3,22.9,33.7,0.0,3.6,10.8,12.0,1017.3,1015.4,33.0,0.0,0
2023-08-23,2023,8,235,27.6,22.3,33.0,0.0,3.3,9.7,12.1,1015.6,1013.7,34.3,0.0,0
2023-08-24,2023,8,236,27.9,21.5,34.3,0.0,4.2,10.8,12.3,1014.8,1013.3,32.0,0.0,0
2023-08-25,2023,8,237,25.8,19.5,32.0,0.0,3.3,10.3,12.1,1014.0,1012.0,32.7,0.6,0
2023-08-26,2023,8,238,26.2,19.7,32.7,0.6,4.4,9.7,10.6,1012.7,1008.4,27.6,33.9,1
2023-08-27,2023,8,239,21.6,15.7,27.6,33.9,6.9,30.0,1.5,1013.3,1004.3,27.7,0.0,0
2023-08-28,2023,8,240,22.0,16.3,27.7,0.0,5.0,10.8,10.9,1013.7,1011.2,29.2,0.0,0
2023-08-29,2023,8,241,24.1,19.0,29.2,0.0,2.8,10.3,9.7,1011.9,1009.2,28.3,0.0,0
2023-08-30,2023,8,242,22.9,17.5,28.3,0.0,4.2,10.3,9.6,1014.0,1009.7,28.8,0.0,0
2023-08-31,2023,8,243,22.9,17.0,28.8,0.0,4.4,10.3,11.7,1018.1,1013.9,31.2,0.0,0
2023-09-01,2023,9,244,25.0,18.9,31.2,0.0,3.3,11.4,10.4,1018.0,1014.9,27.9,2.9,1
2023-09-02,2023,9,245,23.6,19.2,27.9,2.9,2.5,9.7,2.2,1016.1,1012.6,29.7,1.7,1
2023-09-03,2023,9,246,26.6,23.5,29.7,1.7,9.2,18.9,5.3,1018.2,1012.6,33.5,0.0,0
2023-09-04,2023,9,247,28.3,23.1,33.5,0.0,6.4,12.5,8.3,1015.0,1012.5,32.6,0.0,0
2023-09-05,2023,9,248,27.1,21.6,32.6,0.0,5.0,9.7,10.4,1016.5,1013.6,30.7,0.0,0
2023-09-06,2023,9,249,25.1,19.5,30.7,0.0,3.6,8.1,10.4,1017.4,1015.8,29.4,0.0,0
2023-09-07,2023,9,250,23.2,17.0,29.4,0.0,3.3,9.7,11.4,1017.9,1016.4,29.1,0.0,0
2023-09-08,2023,9,251,23.0,16.9,29.1,0.0,4.2,9.7,10.8,1017.6,1015.8,28.4,0.0,0
2023-09-09,2023,9,252,22.8,17.2,28.4,0.0,3.3,9.7,11.7,1017.5,1015.9,30.5,0.0,0
2023-09-10,2023,9,253,24.2,18.0,30.5,0.0,3.6,9.2,11.4,1017.8,1015.5,30.0,4.8,1
2023-09-11,2023,9,254,24.0,18.1,30.0,4.8,1.4,7.8,3.0,1015.8,1012.5,28.9,0.0,0
2023-09-12,2023,9,255,23.8,18.8,28.9,0.0,3.3,9.2,6.6,1015.0,1012.0,31.4,0.0,0
2023-09-13,2023,9,256,26.4,21.3,31.4,0.0,3.1,10.8,6.4,1018.0,1013.9,30.3,3.3,1
2023-09-14,2023,9,257,25.4,20.6,30.3,3.3,4.2,11.4,6.2,1017.7,1014.8,28.6,0.4,0
2023-09-15,2023,9,258,24.4,20.1,28.6,0.4,3.6,10.3,2.2,1016.7,1010.5,30.0,0.0,0
2023-09-16,2023,9,259,24.8,19.6,30.0,0.0,2.2,7.8,7.8,1012.6,1009.4,34.0,1.9,1
2023-09-17,2023,9,260,28.5,23.0,34.0,1.9,2.5,12.8,5.2,1014.8,1008.9,28.5,0.0,0
2023-09-18,2023,9,261,24.0,19.4,28.5,0.0,4.2,11.4,2.3,1017.0,1012.6,27.1,26.5,1
2023-09-19,2023,9,262,22.5,17.9,27.1,26.5,2.8,10.8,0.7,1018.7,1014.7,26.8,0.0,0
2023-09-20,2023,9,263,23.0,19.2,26.8,0.0,4.4,11.4,9.4,1014.7,1010.2,27.4,0.0,0
2023-09-21,2023,9,264,23.4,19.4,27.4,0.0,8.9,12.8,2.7,1010.8,1005.6,26.2,2.7,1
2023-09-22,2023,9,265,20.6,14.9,26.2,2.7,2.2,9.7,7.4,1014.6,1006.3,26.8,0.0,0
2023-09-23,2023,9,266,20.6,14.4,26.8,0.0,2.2,7.8,11.2,1021.7,1014.5,27.1,0.0,0
2023-09-24,2023,9,267,20.0,12.8,27.1,0.0,2.8,8.3,11.3,1022.0,1019.5,28.0,0.0,0
2023-09-25,2023,9,268,21.2,14.3,28.0,0.0,3.1,7.8,11.2,1021.0,1018.6,26.8,0.0,0
2023-09-26,2023,9,269,20.6,14.3,26.8,0.0,2.5,9.2,11.1,1020.6,1018.6,26.6,0.0,0
2023-09-27,2023,9,270,20.1,13.6,26.6,0.0,3.3,8.9,11.1,1020.6,1018.0,26.6,0.0,0
2023-09-28,2023,9,271,20.5,14.4,26.6,0.0,2.5,8.9,10.9,1020.5,1018.5,28.5,0.0,0
2023-09-29,2023,9,272,21.8,15.0,28.5,0.0,2.8,8.3,11.0,1022.9,1020.3,31.1,0.0,0
2023-09-30,2023,9,273,23.6,16.0,31.1,0.0,2.2,8.3,11.1,1024.0,1021.6,29.4,0.0,0
2023-10-01,2023,10,274,22.4,15.4,29.4,0.0,3.9,10.3,11.0,1022.9,1020.5,30.1,0.0,0
2023-10-02,2023,10,275,24.1,18.1,30.1,0.0,3.6,9.7,9.3,1022.9,1021.4,29.5,0.0,0
2023-10-03,2023,10,276,23.3,17.1,29.5,0.0,3.1,8.3,10.5,1025.2,1021.7,29.2,0.0,0
2023-10-04,2023,10,277,23.3,17.4,29.2,0.0,4.2,10.3,10.0,1026.0,1023.9,27.3,0.0,0
2023-10-05,2023,10,278,22.0,16.6,27.3,0.0,3.3,8.3,10.2,1025.3,1023.0,27.4,0.0,0
2023-10-06,2023,10,279,21.8,16.3,27.4,0.0,2.8,8.3,10.1,1025.0,1023.0,27.7,0.0,0
2023-10-07,2023,10,280,22.1,16.5,27.7,0.0,3.3,8.9,10.3,1024.5,1022.5,28.8,0.0,0
2023-10-08,2023,10,281,22.0,15.3,28.8,0.0,3.3,10.3,10.5,1025.1,1022.8,27.9,0.0,0
2023-10-09,2023,10,282,21.4,14.9,27.9,0.0,3.3,8.9,10.1,1025.2,1022.7,27.5,0.0,0
2023-10-10,2023,10,283,21.0,14.5,27.5,0.0,3.1,8.9,10.4,1023.5,1020.9,29.2,0.0,0
2023-10-11,2023,10,284,22.8,16.3,29.2,0.0,3.3,9.7,10.2,1022.0,1020.0,28.9,0.0,0
2023-10-12,2023,10,285,22.0,15.0,28.9,0.0,3.1,8.3,10.0,1021.6,1019.5,27.3,0.0,0
2023-10-13,2023,10,286,21.7,16.1,27.3,0.0,3.6,9.2,10.1,1020.6,1018.2,30.6,15.7,1
2023-10-14,2023,10,287,23.4,16.3,30.6,15.7,2.8,8.3,8.0,1018.7,1015.7,23.7,4.9,1
2023-10-15,2023,10,288,20.8,17.8,23.7,4.9,3.3,9.7,0.8,1016.9,1014.2,25.5,0.1,0
2023-10-16,2023,10,289,21.2,17.0,25.5,0.1,4.4,10.8,0.2,1014.3,1010.7,26.8,0.0,0
2023-10-17,2023,10,290,21.8,16.8,26.8,0.0,2.5,7.8,8.3,1011.9,1008.2,27.7,0.0,0
2023-10-18,2023,10,291,22.2,16.7,27.7,0.0,7.2,13.9,9.4,1008.2,1004.7,27.0,1.0,1
2023-10-19,2023,10,292,25.0,22.9,27.0,1.0,10.6,22.2,6.7,1004.7,990.8,23.3,0.0,0
2023-10-20,2023,10,293,21.6,19.9,23.3,0.0,10.6,21.7,4.7,1000.5,991.0,23.7,0.0,0
2023-10-21,2023,10,294,17.4,11.2,23.7,0.0,1.9,8.9,6.2,1010.9,1000.4,24.3,0.0,0
2023-10-22,2023,10,295,17.2,10.1,24.3,0.0,3.6,9.2,5.6,1011.7,1005.3,25.4,5.1,1
2023-10-23,2023,10,296,22.2,18.9,25.4,5.1,5.3,15.3,6.6,1011.6,1003.8,23.3,0.0,0
2023-10-24,2023,10,297,20.8,18.3,23.3,0.0,8.3,21.1,8.2,1012.8,1009.1,25.5,0.0,0
2023-10-25,2023,10,298,22.2,18.8,25.5,0.0,5.8,13.9,3.4,1011.3,1009.5,24.8,0.0,0
2023-10-26,2023,10,299,22.2,19.7,24.8,0.0,6.9,16.1,4.8,1010.3,1003.5,23.2,0.0,0
2023-10-27,2023,10,300,18.8,14.4,23.2,0.0,3.6,12.5,1.7,1010.6,1004.8,23.5,0.0,0
2023-10-28,2023,10,301,17.8,12.0,23.5,0.0,5.3,13.3,9.1,1011.3,1009.3,23.8,0.0,0
2023-10-29,2023,10,302,18.2,12.5,23.8,0.0,3.1,11.4,5.2,1010.7,1006.8,22.7,0.8,0
2023-10-30,2023,10,303,19.1,15.5,22.7,0.8,6.4,15.3,3.9,1011.7,1004.1,22.5,0.0,0
2023-10-31,2023,10,304,16.4,10.4,22.5,0.0,1.9,6.7,4.2,1016.6,1011.7,23.0,0.0,0
2023-11-01,2023,11,305,18.6,14.3,23.0,0.0,5.8,16.9,7.7,1014.9,1010.3,23.4,4.0,1
2023-11-02,2023,11,306,20.0,16.7,23.4,4.0,11.1,20.0,3.7,1010.3,996.1,19.9,0.0,0
2023-11-03,2023,11,307,17.4,14.8,19.9,0.0,7.8,18.6,7.5,1006.7,1002.0,22.0,0.0,0
2023-11-04,2023,11,308,19.2,16.3,22.0,0.0,9.2,20.6,7.4,1006.4,998.7,21.8,0.0,0
2023-11-05,2023,11,309,16.4,11.0,21.8,0.0,4.2,18.1,9.4,1012.4,999.2,20.0,0.0,0
2023-11-06,2023,11,310,13.8,7.7,20.0,0.0,3.1,9.7,4.9,1019.1,1012.0,21.1,0.0,0
2023-11-07,2023,11,311,13.5,5.9,21.1,0.0,3.1,10.8,9.3,1023.5,1018.9,19.3,0.0,0
2023-11-08,2023,11,312,12.4,5.5,19.3,0.0,3.1,7.8,2.8,1024.3,1019.3,20.1,1.7,1
2023-11-09,2023,11,313,15.0,9.9,20.1,1.7,6.4,13.9,2.7,1019.3,1014.2,21.4,0.0,0
2023-11-10,2023,11,314,15.5,9.6,21.4,0.0,3.6,9.7,7.8,1016.6,1012.8,24.0,0.0,0
2023-11-11,2023,11,315,16.8,9.5,24.0,0.0,3.1,12.5,6.0,1015.4,1011.8,25.3,0.0,0
2023-11-12,2023,11,316,18.8,12.4,25.3,0.0,2.5,11.4,7.0,1021.8,1012.0,22.2,0.2,0
2023-11-13,2023,11,317,16.0,9.9,22.2,0.2,3.3,9.2,8.0,1023.1,1020.6,22.3,0.0,0
2023-11-14,2023,11,318,16.7,11.1,22.3,0.0,3.3,8.9,6.4,1022.4,1019.2,23.6,0.0,0
2023-11-15,2023,11,319,16.6,9.5,23.6,0.0,2.8,7.8,8.7,1024.5,1020.1,21.3,0.1,0
2023-11-16,2023,11,320,16.5,11.7,21.3,0.1,4.2,10.3,2.4,1023.7,1019.9,23.2,0.0,0
2023-11-17,2023,11,321,17.0,10.7,23.2,0.0,1.1,6.1,2.1,1026.2,1021.2,20.2,0.1,0
2023-11-18,2023,11,322,14.2,8.3,20.2,0.1,3.1,8.9,8.9,1027.4,1025.0,21.0,0.0,0
2023-11-19,2023,11,323,14.4,7.7,21.0,0.0,1.4,6.1,8.9,1025.0,1020.9,22.8,0.0,0
2023-11-20,2023,11,324,14.8,6.7,22.8,0.0,2.2,7.2,9.0,1021.0,1015.0,18.8,0.2,0
2023-11-21,2023,11,325,14.1,9.4,18.8,0.2,2.5,9.2,5.1,1015.5,1012.6,17.6,9.4,1
2023-11-22,2023,11,326,12.8,7.9,17.6,9.4,3.9,15.3,4.6,1018.5,1012.9,17.8,0.0,0
2023-11-23,2023,11,327,10.9,4.0,17.8,0.0,2.8,12.5,8.8,1021.2,1017.8,19.1,0.0,0
2023-11-24,2023,11,328,11.0,3.0,19.1,0.0,3.1,11.7,8.3,1017.8,1010.3,17.0,0.0,0
2023-11-25,2023,11,329,12.4,7.9,17.0,0.0,3.9,11.7,3.5,1017.5,1009.9,18.7,0.0,0
2023-11-26,2023,11,330,14.6,10.5,18.7,0.0,3.1,8.3,1.4,1018.7,1015.8,19.1,0.0,0
2023-11-27,2023,11,331,15.2,11.3,19.1,0.0,4.2,10.3,5.5,1016.1,1008.5,20.8,0.0,0
2023-11-28,2023,11,332,16.3,11.8,20.8,0.0,4.2,15.0,5.7,1009.1,1006.6,20.2,0.0,0
2023-11-29,2023,11,333,14.4,8.6,20.2,0.0,4.7,12.5,7.2,1009.4,1006.1,19.8,0.0,0
2023-11-30,2023,11,334,17.8,15.9,19.8,0.0,7.5,12.8,0.8,1006.2,1002.5,20.8,0.3,0
2023-12-01,2023,12,335,16.8,12.9,20.8,0.3,8.3,18.9,3.7,1011.1,997.6,18.0,0.0,0
2023-12-02,2023,12,336,12.8,7.6,18.0,0.0,3.6,12.5,7.6,1018.8,1005.0,16.8,0.0,0
2023-12-03,2023,12,337,10.2,3.6,16.8,0.0,1.9,7.2,7.9,1022.4,1018.6,16.4,0.0,0
2023-12-04,2023,12,338,11.2,5.9,16.4,0.0,7.2,15.0,1.8,1019.9,1013.9,16.4,0.0,0
2023-12-05,2023,12,339,10.8,5.3,16.4,0.0,2.8,9.2,7.8,1018.3,1014.4,17.2,0.0,0
2023-12-06,2023,12,340,11.0,4.7,17.2,0.0,2.5,8.9,5.7,1020.6,1014.1,18.2,1.9,1
2023-12-07,2023,12,341,10.1,2.0,18.2,1.9,5.6,11.7,4.3,1020.8,1014.5,18.7,0.0,0
2023-12-08,2023,12,342,16.1,13.5,18.7,0.0,4.2,15.3,3.1,1019.3,1012.0,18.3,0.0,0
2023-12-09,2023,12,343,12.6,7.0,18.3,0.0,5.0,9.7,7.7,1022.2,1018.9,23.1,0.1,0
2023-12-10,2023,12,344,16.4,9.8,23.1,0.1,3.6,7.2,7.8,1023.7,1020.3,20.5,0.0,0
2023-12-11,2023,12,345,14.8,9.2,20.5,0.0,3.9,9.7,7.9,1021.1,1017.7,20.1,0.0,0
2023-12-12,2023,12,346,16.0,12.0,20.1,0.0,3.6,11.4,5.8,1018.4,1011.1,20.2,0.0,0
2023-12-13,2023,12,347,17.5,14.8,20.2,0.0,4.4,16.1,0.6,1013.5,1008.8,16.7,0.0,0
2023-12-14,2023,12,348,12.4,8.2,16.7,0.0,3.9,16.4,6.1,1026.8,1013.0,18.8,0.0,0
2023-12-15,2023,12,349,11.3,3.8,18.8,0.0,2.5,14.4,7.2,1034.1,1026.8,16.2,0.0,0
2023-12-16,2023,12,350,12.0,7.8,16.2,0.0,4.2,11.4,7.3,1035.7,1033.1,16.8,0.0,0
2023-12-17,2023,12,351,10.2,3.5,16.8,0.0,3.9,11.4,7.7,1036.1,1033.8,16.4,0.0,0
2023-12-18,2023,12,352,9.9,3.4,16.4,0.0,2.2,7.8,6.4,1035.3,1031.6,17.7,0.0,0
2023-12-19,2023,12,353,9.1,0.5,17.7,0.0,1.4,5.0,8.6,1031.7,1022.8,17.0,0.0,0
2023-12-20,2023,12,354,8.8,0.5,17.0,0.0,2.8,7.2,5.0,1022.8,1019.1,17.5,0.0,0
2023-12-21,2023,12,355,10.4,3.4,17.5,0.0,5.0,12.5,8.4,1023.9,1020.9,19.1,0.0,0
2023-12-22,2023,12,356,13.6,8.2,19.1,0.0,3.6,13.9,8.3,1022.4,1019.6,18.4,0.0,0
2023-12-23,2023,12,357,11.2,4.0,18.4,0.0,2.5,5.0,8.5,1024.7,1021.7,17.2,0.0,0
2023-12-24,2023,12,358,9.4,1.6,17.2,0.0,2.8,9.2,8.1,1025.1,1022.5,17.0,0.0,0
2023-12-25,2023,12,359,11.8,6.7,17.0,0.0,1.9,8.3,5.9,1023.1,1020.7,16.7,0.0,0
2023-12-26,2023,12,360,10.2,3.7,16.7,0.0,2.2,6.1,7.7,1023.6,1020.3,16.1,0.0,0
2023-12-27,2023,12,361,9.0,1.8,16.1,0.0,1.9,5.8,8.0,1026.0,1022.7,17.8,0.0,0
2023-12-28,2023,12,362,11.8,5.8,17.8,0.0,2.8,8.3,2.2,1026.9,1024.2,17.2,0.0,0
2023-12-29,2023,12,363,13.4,9.7,17.2,0.0,1.4,5.0,0.4,1024.6,1020.0,17.8,0.0,0
2023-12-30,2023,12,364,11.6,5.5,17.8,0.0,1.7,6.1,2.9,1020.3,1017.3,17.6,0.0,0
2023-12-31,2023,12,365,10.6,3.7,17.6,0.0,4.7,12.5,1.1,1018.5,1014.1,16.0,0.0,0
2024-01-01,2024,1,1,9.5,3.0,16.0,0.0,1.1,5.8,1.3,1021.6,1016.9,17.9,0.0,0
2024-01-02,2024,1,2,9.6,1.2,17.9,0.0,5.3,12.8,5.1,1021.7,1016.9,19.8,0.0,0
2024-01-03,2024,1,3,14.3,8.8,19.8,0.0,6.1,14.4,7.1,1017.4,1014.1,18.3,0.7,0
2024-01-04,2024,1,4,12.4,6.6,18.3,0.7,2.2,6.1,1.1,1017.3,1008.6,17.8,20.9,1
2024-01-05,2024,1,5,13.3,8.8,17.8,20.9,4.2,12.8,2.6,1008.6,1001.0,13.8,0.0,0
2024-01-06,2024,1,6,11.2,8.5,13.8,0.0,5.8,16.1,6.6,1011.3,1003.4,13.2,0.0,0
2024-01-07,2024,1,7,11.5,9.8,13.2,0.0,6.9,16.9,8.3,1013.2,1011.1,12.8,0.0,0
2024-01-08,2024,1,8,7.2,1.7,12.8,0.0,3.1,11.4,8.2,1019.3,1012.8,14.2,0.9,0
2024-01-09,2024,1,9,7.8,1.5,14.2,0.9,1.9,6.1,4.5,1021.4,1018.6,14.2,17.2,1
2024-01-10,2024,1,10,11.6,9.1,14.2,17.2,3.1,6.1,1.8,1019.9,1016.5,12.1,1.5,1
2024-01-11,2024,1,11,9.4,6.6,12.1,1.5,1.7,5.0,0.8,1022.0,1015.9,14.6,0.0,0
2024-01-12,2024,1,12,8.5,2.4,14.6,0.0,1.7,7.8,8.0,1026.4,1021.9,15.2,0.0,0
2024-01-13,2024,1,13,7.8,0.5,15.2,0.0,3.6,9.2,5.6,1026.4,1020.2,18.3,0.0,0
2024-01-14,2024,1,14,13.5,8.7,18.3,0.0,5.8,12.5,4.9,1020.2,1011.4,18.6,0.0,0
2024-01-15,2024,1,15,13.4,8.3,18.6,0.0,2.2,8.3,1.4,1011.7,1008.3,19.8,0.0,0
2024-01-16,2024,1,16,13.8,7.7,19.8,0.0,2.8,9.7,6.2,1012.4,1009.8,18.1,0.0,0
2024-01-17,2024,1,17,16.2,14.2,18.1,0.0,5.0,18.9,3.1,1010.6,1001.7,20.1,0.0,0
2024-01-18,2024,1,18,17.5,14.9,20.1,0.0,4.4,15.3,5.9,1010.6,1005.9,15.6,22.5,1
2024-01-19,2024,1,19,12.0,8.5,15.6,22.5,5.3,18.9,0.0,1011.5,1007.9,14.7,0.0,0
2024-01-20,2024,1,20,8.9,3.1,14.7,0.0,5.6,19.7,5.3,1030.9,1010.5,14.1,0.0,0
2024-01-21,2024,1,21,7.3,0.5,14.1,0.0,1.9,6.1,4.0,1035.1,1030.8,15.8,0.0,0
2024-01-22,2024,1,22,8.4,1.0,15.8,0.0,4.4,9.2,7.0,1035.1,1032.1,19.4,0.2,0
2024-01-23,2024,1,23,13.6,7.7,19.4,0.2,3.1,7.8,7.7,1036.7,1033.2,18.9,0.3,0
2024-01-24,2024,1,24,13.1,7.3,18.9,0.3,1.7,6.1,8.6,1036.6,1034.0,20.0,0.1,0
2024-01-25,2024,1,25,13.3,6.6,20.0,0.1,1.4,6.7,7.2,1034.4,1029.1,22.4,0.0,0
2024-01-26,2024,1,26,13.8,5.3,22.4,0.0,2.2,5.8,8.2,1031.3,1028.8,20.8,0.0,0
2024-01-27,2024,1,27,12.9,5.0,20.8,0.0,2.2,6.1,8.2,1031.2,1028.8,19.8,0.0,0
2024-01-28,2024,1,28,12.8,5.8,19.8,0.0,2.8,7.2,8.5,1030.9,1028.4,17.9,0.0,0
2024-01-29,2024,1,29,13.5,9.1,17.9,0.0,2.5,8.3,4.2,1031.9,1029.5,18.4,0.0,0
2024-01-30,2024,1,30,13.0,7.5,18.4,0.0,1.7,6.7,4.1,1034.2,1031.2,16.9,0.0,0
2024-01-31,2024,1,31,12.4,7.8,16.9,0.0,1.9,6.1,4.4,1035.5,1033.1,17.2,0.0,0
2024-02-01,2024,2,32,10.0,2.9,17.2,0.0,2.2,7.2,9.1,1034.2,1030.4,17.7,0.0,0
2024-02-02,2024,2,33,11.3,4.9,17.7,0.0,4.7,15.3,8.6,1032.6,1029.8,17.0,0.0,0
2024-02-03,2024,2,34,10.4,3.7,17.0,0.0,3.3,10.3,8.7,1033.2,1030.9,16.7,0.1,0
2024-02-04,2024,2,35,10.0,3.2,16.7,0.1,3.3,9.2,8.8,1031.8,1029.5,17.0,0.2,0
2024-02-05,2024,2,36,10.7,4.4,17.0,0.2,2.5,8.9,7.8,1030.6,1026.2,17.0,0.2,0
2024-02-06,2024,2,37,11.0,4.9,17.0,0.2,2.8,8.3,2.9,1026.2,1020.8,19.6,0.0,0
2024-02-07,2024,2,38,11.9,4.2,19.6,0.0,2.8,10.8,9.4,1021.0,1016.8,18.0,0.0,0
2024-02-08,2024,2,39,11.9,5.8,18.0,0.0,5.3,10.3,7.3,1016.8,1006.1,16.6,5.4,1
2024-02-09,2024,2,40,13.5,10.4,16.6,5.4,5.0,16.9,0.1,1006.1,989.1,18.0,0.1,0
2024-02-10,2024,2,41,12.8,7.5,18.0,0.1,7.5,16.4,5.8,1001.3,987.1,16.8,0.0,0
2024-02-11,2024,2,42,11.2,5.5,16.8,0.0,4.7,12.5,6.7,1010.0,1001.3,21.4,0.0,0
2024-02-12,2024,2,43,14.1,6.8,21.4,0.0,5.3,12.8,9.3,1016.8,1006.6,17.8,0.0,0
2024-02-13,2024,2,44,12.6,7.4,17.8,0.0,2.5,7.2,9.6,1024.6,1016.8,18.8,0.0,0
2024-02-14,2024,2,45,12.0,5.1,18.8,0.0,2.2,6.1,8.2,1026.2,1023.1,22.2,0.0,0
2024-02-15,2024,2,46,14.8,7.5,22.2,0.0,3.3,8.3,5.0,1023.2,1015.7,18.1,0.1,0
2024-02-16,2024,2,47,13.5,8.9,18.1,0.1,3.9,11.7,1.5,1022.2,1014.5,18.5,0.0,0
2024-02-17,2024,2,48,14.4,10.2,18.5,0.0,7.2,17.5,5.0,1031.4,1022.2,19.1,0.0,0
2024-02-18,2024,2,49,13.1,7.1,19.1,0.0,3.3,8.3,9.5,1034.0,1031.3,17.0,0.1,0
2024-02-19,2024,2,50,11.8,6.6,17.0,0.1,2.2,6.7,2.0,1031.5,1028.5,19.0,0.0,0
2024-02-20,2024,2,51,12.1,5.2,19.0,0.0,3.3,10.8,7.7,1029.1,1025.5,16.8,0.0,0
2024-02-21,2024,2,52,9.4,2.1,16.8,0.0,2.8,8.3,8.6,1027.7,1021.2,18.1,0.0,0
2024-02-22,2024,2,53,15.8,13.6,18.1,0.0,4.7,15.0,0.9,1021.2,1003.7,17.7,0.0,0
2024-02-23,2024,2,54,15.2,12.8,17.7,0.0,4.2,15.3,9.5,1008.3,1003.3,14.7,0.3,0
2024-02-24,2024,2,55,11.1,7.5,14.7,0.3,2.5,14.4,4.1,1014.8,1005.7,16.8,0.0,0
2024-02-25,2024,2,56,10.0,3.3,16.8,0.0,4.7,16.4,1.2,1015.2,1002.8,17.5,3.6,1
2024-02-26,2024,2,57,12.8,8.2,17.5,3.6,3.3,14.4,1.4,1002.9,998.4,15.3,8.6,1
2024-02-27,2024,2,58,12.0,8.6,15.3,8.6,3.1,9.7,1.5,1011.0,1002.4,13.3,1.2,1
2024-02-28,2024,2,59,10.8,8.2,13.3,1.2,2.8,9.7,0.0,1015.9,1010.7,18.9,23.4,1
2024-02-29,2024,2,60,13.0,7.0,18.9,23.4,3.1,8.3,8.8,1020.5,1008.4,16.1,0.0,0
2024-03-01,2024,3,61,11.0,5.8,16.1,0.0,4.2,13.9,8.2,1014.0,1007.0,17.0,3.2,1
2024-03-02,2024,3,62,11.0,4.9,17.0,3.2,7.8,15.3,8.2,1012.4,1000.6,15.1,0.0,0
2024-03-03,2024,3,63,12.2,9.4,15.1,0.0,5.6,18.6,4.3,1011.4,997.2,17.2,0.0,0
2024-03-04,2024,3,64,13.8,10.5,17.2,0.0,5.6,12.8,8.0,1015.7,1011.4,17.7,0.0,0
2024-03-05,2024,3,65,10.7,3.7,17.7,0.0,3.1,8.9,10.7,1023.1,1015.6,17.4,0.0,0
2024-03-06,2024,3,66,9.6,1.8,17.4,0.0,2.8,8.3,10.7,1023.3,1019.5,18.0,2.1,1
2024-03-07,2024,3,67,11.0,3.9,18.0,2.1,3.3,8.9,8.7,1019.6,1008.5,16.8,0.8,0
2024-03-08,2024,3,68,13.8,10.7,16.8,0.8,7.8,15.0,8.2,1009.0,1005.5,15.7,15.2,1
2024-03-09,2024,3,69,13.2,10.7,15.7,15.2,6.1,16.4,0.0,1007.1,995.9,16.9,0.0,0
2024-03-10,2024,3,70,12.0,7.0,16.9,0.0,8.6,18.1,8.5,1006.0,997.6,18.1,0.0,0
2024-03-11,2024,3,71,13.3,8.5,18.1,0.0,3.3,18.6,10.7,1018.7,1006.0,17.7,0.0,0
2024-03-12,2024,3,72,11.4,5.2,17.7,0.0,4.2,11.4,11.0,1022.4,1017.5,17.3,0.0,0
2024-03-13,2024,3,73,10.4,3.5,17.3,0.0,2.8,6.1,10.6,1021.4,1016.6,17.4,0.0,0
2024-03-14,2024,3,74,10.8,4.1,17.4,0.0,3.3,8.3,10.7,1019.5,1017.4,20.1,0.0,0
2024-03-15,2024,3,75,14.8,9.6,20.1,0.0,1.4,6.7,8.5,1022.5,1017.8,20.0,0.0,0
2024-03-16,2024,3,76,14.2,8.4,20.0,0.0,2.5,7.8,8.4,1025.1,1021.9,18.4,0.0,0
2024-03-17,2024,3,77,13.5,8.6,18.4,0.0,2.8,7.2,5.8,1024.5,1019.5,25.2,0.0,0
2024-03-18,2024,3,78,15.8,6.4,25.2,0.0,2.5,6.7,10.0,1019.5,1015.4,21.7,0.0,0
2024-03-19,2024,3,79,14.9,8.1,21.7,0.0,2.8,8.3,8.6,1017.9,1015.3,22.6,0.0,0
2024-03-20,2024,3,80,16.3,10.0,22.6,0.0,3.9,8.3,4.9,1019.8,1015.5,23.1,0.0,0
2024-03-21,2024,3,81,17.3,11.5,23.1,0.0,4.7,10.8,8.0,1022.9,1019.8,25.0,0.0,0
2024-03-22,2024,3,82,16.8,8.6,25.0,0.0,2.8,9.7,9.9,1021.0,1017.3,23.6,0.0,0
2024-03-23,2024,3,83,16.0,8.4,23.6,0.0,3.6,11.7,9.7,1019.7,1016.5,17.5,0.2,0
2024-03-24,2024,3,84,14.1,10.7,17.5,0.2,5.3,10.8,2.8,1017.4,1011.6,17.5,5.6,1
2024-03-25,2024,3,85,14.2,10.8,17.5,5.6,4.2,10.3,2.4,1012.8,994.9,17.7,2.7,1
2024-03-26,2024,3,86,13.5,9.3,17.7,2.7,5.3,16.4,0.7,996.1,991.3,17.9,0.0,0
2024-03-27,2024,3,87,12.8,7.8,17.9,0.0,6.9,18.6,7.9,1000.9,994.4,20.2,0.0,0
2024-03-28,2024,3,88,16.4,12.7,20.2,0.0,8.3,16.4,9.1,1006.7,1000.1,23.9,0.0,0
2024-03-29,2024,3,89,18.4,13.0,23.9,0.0,3.9,13.3,8.0,1005.8,996.5,18.5,2.6,1
2024-03-30,2024,3,90,16.0,13.5,18.5,2.6,7.2,15.0,2.6,1000.8,997.7,20.5,0.5,0
2024-03-31,2024,3,91,17.1,13.7,20.5,0.5,8.3,17.5,2.6,1005.4,998.3,18.7,0.0,0
2024-04-01,2024,4,92,15.7,12.7,18.7,0.0,6.9,18.1,10.8,1017.7,1004.9,19.8,0.0,0
2024-04-02,2024,4,93,13.6,7.5,19.8,0.0,4.2,9.2,8.5,1020.8,1017.5,21.5,0.0,0
2024-04-03,2024,4,94,14.2,6.9,21.5,0.0,4.2,8.9,11.6,1021.1,1016.5,19.8,0.0,0
2024-04-04,2024,4,95,13.7,7.6,19.8,0.0,3.1,8.3,9.9,1021.2,1019.4,26.6,0.0,0
2024-04-05,2024,4,96,17.4,8.1,26.6,0.0,1.4,7.2,10.0,1021.0,1017.9,29.6,0.0,0
2024-04-06,2024,4,97,19.8,9.9,29.6,0.0,3.1,8.9,9.8,1019.4,1016.7,28.6,0.0,0
2024-04-07,2024,4,98,21.6,14.5,28.6,0.0,1.7,6.1,3.8,1018.1,1012.4,23.3,0.0,0
2024-04-08,2024,4,99,19.2,15.1,23.3,0.0,3.9,9.7,5.8,1013.0,1009.1,19.5,0.0,0
2024-04-09,2024,4,100,14.4,9.2,19.5,0.0,4.2,12.8,10.9,1027.8,1011.7,20.6,0.0,0
2024-04-10,2024,4,101,14.6,8.5,20.6,0.0,3.1,9.7,12.2,1027.6,1022.8,19.3,0.0,0
2024-04-11,2024,4,102,13.0,6.6,19.3,0.0,5.6,13.9,6.2,1030.3,1025.9,23.8,0.0,0
2024-04-12,2024,4,103,14.6,5.4,23.8,0.0,3.6,9.7,9.4,1030.2,1027.5,24.2,0.0,0
2024-04-13,2024,4,104,15.5,6.8,24.2,0.0,2.5,9.7,12.0,1028.5,1024.6,29.6,0.0,0
2024-04-14,2024,4,105,18.9,8.2,29.6,0.0,3.1,11.4,11.5,1025.7,1020.9,23.9,0.0,0
2024-04-15,2024,4,106,17.2,10.6,23.9,0.0,3.1,8.3,8.1,1020.9,1016.3,21.6,0.0,0
2024-04-16,2024,4,107,15.6,9.5,21.6,0.0,4.7,10.8,10.4,1017.6,1012.0,19.7,0.3,0
2024-04-17,2024,4,108,14.9,10.1,19.7,0.3,5.0,11.4,9.7,1017.9,1014.0,18.5,5.0,1
2024-04-18,2024,4,109,15.3,12.1,18.5,5.0,4.2,13.9,2.8,1021.6,1013.8,19.7,0.0,0
2024-04-19,2024,4,110,13.6,7.6,19.7,0.0,4.7,12.5,11.0,1023.3,1018.3,19.8,0.0,0
2024-04-20,2024,4,111,12.1,4.4,19.8,0.0,3.9,9.2,11.9,1018.3,1013.9,20.4,0.0,0
2024-04-21,2024,4,112,14.8,9.2,20.4,0.0,6.1,11.4,12.2,1016.7,1013.6,14.3,5.3,1
2024-04-22,2024,4,113,10.6,6.9,14.3,5.3,5.6,15.0,0.0,1018.1,1013.5,14.7,3.6,1
2024-04-23,2024,4,114,11.0,7.4,14.7,3.6,3.3,8.3,5.1,1017.3,1013.0,18.1,0.0,0
2024-04-24,2024,4,115,11.6,5.0,18.1,0.0,3.6,10.8,11.1,1016.8,1013.8,19.2,0.0,0
2024-04-25,2024,4,116,13.2,7.1,19.2,0.0,3.6,9.2,7.3,1013.9,1007.5,20.2,0.0,0
2024-04-26,2024,4,117,15.6,10.9,20.2,0.0,4.4,9.7,8.5,1008.8,1006.0,22.6,3.6,1
2024-04-27,2024,4,118,17.8,13.0,22.6,3.6,3.3,10.3,2.7,1009.9,1004.3,20.0,6.7,1
2024-04-28,2024,4,119,17.0,14.0,20.0,6.7,1.4,6.7,0.1,1014.1,1008.3,18.6,3.4,1
2024-04-29,2024,4,120,16.1,13.6,18.6,3.4,1.7,9.7,0.8,1014.2,1011.4,20.4,0.0,0
2024-04-30,2024,4,121,15.8,11.2,20.4,0.0,3.3,10.3,2.3,1013.8,1009.0,20.5,0.1,0
2024-05-01,2024,5,122,14.8,9.1,20.5,0.1,7.5,18.6,8.4,1010.1,1004.9,20.6,0.0,0
2024-05-02,2024,5,123,14.8,9.1,20.6,0.0,5.8,15.3,12.7,1018.4,1009.7,22.1,0.0,0
2024-05-03,2024,5,124,14.6,7.0,22.1,0.0,4.2,10.3,11.3,1019.0,1017.4,20.9,0.0,0
2024-05-04,2024,5,125,14.6,8.4,20.9,0.0,3.9,11.4,10.7,1018.2,1016.0,22.5,0.0,0
2024-05-05,2024,5,126,15.6,8.8,22.5,0.0,2.2,8.9,10.0,1016.8,1011.6,25.7,0.0,0
2024-05-06,2024,5,127,18.3,10.9,25.7,0.0,2.2,9.7,4.7,1015.6,1009.4,22.1,0.1,0
2024-05-07,2024,5,128,17.8,13.4,22.1,0.1,6.1,12.5,11.3,1020.4,1014.7,23.4,0.0,0
2024-05-08,2024,5,129,17.8,12.3,23.4,0.0,3.9,12.5,8.5,1020.5,1018.6,26.2,0.0,0
2024-05-09,2024,5,130,18.1,10.0,26.2,0.0,3.9,9.2,10.8,1019.9,1017.1,25.6,0.0,0
2024-05-10,2024,5,131,17.6,9.6,25.6,0.0,4.7,11.7,13.2,1019.3,1016.9,25.1,0.0,0
2024-05-11,2024,5,132,17.6,10.2,25.1,0.0,4.4,11.7,13.1,1018.2,1016.4,26.7,0.0,0
2024-05-12,2024,5,133,19.6,12.4,26.7,0.0,3.3,10.3,9.9,1017.4,1014.2,27.1,0.0,0
2024-05-13,2024,5,134,20.2,13.4,27.1,0.0,3.9,10.8,10.3,1014.9,1007.8,23.1,0.6,0
2024-05-14,2024,5,135,19.0,14.8,23.1,0.6,5.3,11.4,5.3,1007.8,1003.3,24.4,0.0,0
2024-05-15,2024,5,136,18.8,13.1,24.4,0.0,4.7,11.4,7.0,1007.6,1004.7,23.1,0.0,0
2024-05-16,2024,5,137,16.9,10.7,23.1,0.0,5.3,11.7,11.4,1010.2,1006.1,23.0,0.0,0
2024-05-17,2024,5,138,17.2,11.4,23.0,0.0,3.3,11.4,12.1,1010.7,1008.6,24.3,0.0,0
2024-05-18,2024,5,139,18.6,12.9,24.3,0.0,4.2,10.3,11.6,1011.2,1009.2,23.8,0.0,0
2024-05-19,2024,5,140,18.4,13.1,23.8,0.0,4.4,10.3,6.4,1010.9,1007.9,24.3,7.9,1
2024-05-20,2024,5,141,19.4,14.5,24.3,7.9,3.3,8.3,4.9,1011.9,1008.3,23.9,0.0,0
2024-05-21,2024,5,142,18.6,13.2,23.9,0.0,5.0,11.4,10.8,1015.0,1011.0,24.6,0.0,0
2024-05-22,2024,5,143,19.5,14.4,24.6,0.0,4.4,9.7,11.5,1017.1,1013.7,25.4,0.0,0
2024-05-23,2024,5,144,19.8,14.2,25.4,0.0,3.6,10.8,9.9,1017.7,1015.5,28.1,0.0,0
2024-05-24,2024,5,145,21.4,14.8,28.1,0.0,6.7,11.4,11.5,1017.6,1014.1,27.4,0.0,0
2024-05-25,2024,5,146,20.8,14.2,27.4,0.0,5.0,11.4,12.1,1018.0,1015.6,26.0,0.0,0
2024-05-26,2024,5,147,20.2,14.4,26.0,0.0,3.6,9.7,12.5,1018.3,1015.4,28.7,0.0,0
2024-05-27,2024,5,148,23.2,17.7,28.7,0.0,4.7,13.9,8.7,1017.7,1014.0,26.8,0.0,0
2024-05-28,2024,5,149,21.6,16.3,26.8,0.0,6.9,15.3,12.7,1019.5,1017.2,25.9,0.0,0
2024-05-29,2024,5,150,20.0,14.0,25.9,0.0,3.6,10.3,11.6,1018.7,1014.5,27.0,2.2,1
2024-05-30,2024,5,151,20.4,13.8,27.0,2.2,4.2,10.3,13.3,1014.5,1008.6,24.1,0.0,0
2024-05-31,2024,5,152,19.7,15.3,24.1,0.0,6.7,15.0,7.8,1015.8,1011.0,25.3,0.0,0
2024-06-01,2024,6,153,19.2,13.0,25.3,0.0,4.2,11.4,6.2,1018.3,1014.4,25.9,0.0,0
2024-06-02,2024,6,154,19.3,12.7,25.9,0.0,4.2,12.5,11.8,1019.0,1016.9,25.1,0.0,0
2024-06-03,2024,6,155,19.2,13.3,25.1,0.0,4.4,11.7,13.5,1018.7,1015.6,25.3,0.0,0
2024-06-04,2024,6,156,19.2,13.1,25.3,0.0,4.2,10.3,10.7,1017.0,1014.8,26.0,0.0,0
2024-06-05,2024,6,157,20.0,14.0,26.0,0.0,4.2,11.7,13.2,1018.0,1016.2,32.9,0.0,0
2024-06-06,2024,6,158,24.1,15.3,32.9,0.0,3.6,10.3,12.7,1017.8,1015.9,34.0,0.0,0
2024-06-07,2024,6,159,25.0,15.9,34.0,0.0,6.9,12.8,8.5,1017.3,1010.3,27.3,0.0,0
2024-06-08,2024,6,160,24.5,21.7,27.3,0.0,5.0,10.3,3.1,1010.5,1005.0,28.1,0.0,0
2024-06-09,2024,6,161,23.9,19.7,28.1,0.0,7.2,15.0,13.1,1010.2,1004.7,26.5,0.0,0
2024-06-10,2024,6,162,21.8,17.2,26.5,0.0,4.2,10.8,10.2,1012.2,1008.9,24.7,80.2,1
2024-06-11,2024,6,163,21.2,17.6,24.7,80.2,4.7,11.7,1.2,1015.5,1011.0,23.5,25.9,1
2024-06-12,2024,6,164,20.1,16.7,23.5,25.9,5.0,10.3,2.2,1019.6,1014.1,23.7,0.0,0
2024-06-13,2024,6,165,19.4,15.0,23.7,0.0,4.7,10.3,12.6,1020.7,1018.7,29.4,0.0,0
2024-06-14,2024,6,166,22.8,16.1,29.4,0.0,3.1,9.7,11.0,1018.7,1011.9,29.1,0.0,0
2024-06-15,2024,6,167,23.0,16.9,29.1,0.0,4.7,10.3,10.0,1014.5,1009.9,27.8,0.0,0
2024-06-16,2024,6,168,23.8,19.7,27.8,0.0,4.7,9.2,9.8,1014.0,1011.8,30.0,0.0,0
2024-06-17,2024,6,169,24.2,18.4,30.0,0.0,3.3,9.2,12.7,1013.8,1010.6,31.8,0.0,0
2024-06-18,2024,6,170,26.0,20.1,31.8,0.0,2.8,10.8,12.3,1012.1,1008.4,27.1,0.9,0
2024-06-19,2024,6,171,24.8,22.5,27.1,0.9,4.4,9.7,3.6,1015.4,1009.2,26.1,0.0,0
2024-06-20,2024,6,172,23.8,21.5,26.1,0.0,5.6,10.8,6.5,1016.6,1012.1,30.3,0.0,0
2024-06-21,2024,6,173,23.4,16.5,30.3,0.0,3.3,9.2,13.7,1020.4,1016.1,28.4,0.0,0
2024-06-22,2024,6,174,22.2,15.9,28.4,0.0,4.7,12.8,12.3,1020.1,1015.8,24.1,0.2,0
2024-06-23,2024,6,175,20.6,17.2,24.1,0.2,4.7,10.3,0.4,1016.5,1014.3,27.0,0.0,0
2024-06-24,2024,6,176,21.6,16.3,27.0,0.0,3.3,9.2,4.4,1015.7,1012.7,26.6,0.0,0
2024-06-25,2024,6,177,21.2,15.7,26.6,0.0,4.2,11.4,13.1,1013.2,1011.1,32.4,0.0,0
2024-06-26,2024,6,178,24.2,16.1,32.4,0.0,3.6,13.3,10.9,1012.7,1009.4,33.7,0.0,0
2024-06-27,2024,6,179,27.6,21.6,33.7,0.0,7.5,12.8,10.8,1013.0,1009.9,31.4,0.0,0
2024-06-28,2024,6,180,26.5,21.6,31.4,0.0,5.8,10.3,10.6,1013.4,1010.5,28.6,0.0,0
2024-06-29,2024,6,181,25.1,21.6,28.6,0.0,7.2,13.3,10.5,1013.9,1011.5,28.7,0.0,0
2024-06-30,2024,6,182,24.3,19.9,28.7,0.0,5.0,10.8,12.3,1014.3,1012.1,28.5,0.0,0
2024-07-01,2024,7,183,23.9,19.3,28.5,0.0,6.4,16.1,7.1,1018.3,1011.7,28.9,0.0,0
2024-07-02,2024,7,184,23.2,17.4,28.9,0.0,3.6,12.5,12.8,1018.2,1013.6,29.7,0.0,0
2024-07-03,2024,7,185,24.3,18.9,29.7,0.0,4.4,11.7,11.7,1015.1,1011.3,28.3,0.0,0
2024-07-04,2024,7,186,22.6,16.8,28.3,0.0,5.6,11.7,13.7,1015.7,1013.2,31.3,0.0,0
2024-07-05,2024,7,187,25.0,18.7,31.3,0.0,4.4,10.8,13.0,1015.5,1010.1,29.6,0.0,0
2024-07-06,2024,7,188,24.9,20.2,29.6,0.0,3.9,10.3,4.7,1010.7,1006.4,29.1,0.0,0
2024-07-07,2024,7,189,25.0,21.0,29.1,0.0,5.6,9.7,12.0,1015.3,1010.2,29.4,0.0,0
2024-07-08,2024,7,190,23.6,17.9,29.4,0.0,4.7,10.8,13.3,1015.9,1014.2,29.1,0.0,0
2024-07-09,2024,7,191,23.6,18.1,29.1,0.0,4.4,8.9,11.9,1016.0,1013.6,28.6,0.0,0
2024-07-10,2024,7,192,24.0,19.3,28.6,0.0,3.3,10.3,13.0,1017.3,1014.5,30.1,0.0,0
2024-07-11,2024,7,193,25.2,20.3,30.1,0.0,4.4,10.8,12.9,1017.3,1013.3,29.5,0.0,0
2024-07-12,2024,7,194,25.8,22.0,29.5,0.0,5.6,12.5,11.9,1013.6,1010.8,30.8,0.0,0
2024-07-13,2024,7,195,26.0,21.3,30.8,0.0,6.9,11.4,12.1,1013.5,1010.7,28.7,0.0,0
2024-07-14,2024,7,196,23.6,18.6,28.7,0.0,4.7,10.3,13.2,1013.3,1011.6,29.3,0.0,0
2024-07-15,2024,7,197,26.0,22.6,29.3,0.0,3.9,11.7,11.8,1013.4,1011.6,29.8,0.0,0
2024-07-16,2024,7,198,25.2,20.7,29.8,0.0,4.4,10.3,12.6,1015.7,1012.3,32.7,0.0,0
2024-07-17,2024,7,199,27.2,21.6,32.7,0.0,5.3,13.9,12.6,1017.8,1015.6,32.2,0.0,0
2024-07-18,2024,7,200,25.5,18.8,32.2,0.0,4.2,10.3,11.6,1018.4,1016.5,32.9,0.0,0
2024-07-19,2024,7,201,26.9,20.9,32.9,0.0,4.4,9.2,9.7,1017.7,1014.1,30.6,0.0,0
2024-07-20,2024,7,202,25.0,19.4,30.6,0.0,3.3,9.2,12.0,1014.1,1006.4,31.1,0.0,0
2024-07-21,2024,7,203,26.0,20.9,31.1,0.0,7.8,16.9,10.6,1016.8,1004.8,29.8,0.0,0
2024-07-22,2024,7,204,23.6,17.5,29.8,0.0,5.8,12.8,12.9,1018.9,1016.5,30.3,0.0,0
2024-07-23,2024,7,205,24.6,18.9,30.3,0.0,6.1,12.8,13.1,1020.1,1017.7,32.3,0.0,0
2024-07-24,2024,7,206,25.6,19.0,32.3,0.0,5.0,10.8,13.0,1018.5,1014.3,33.2,0.0,0
2024-07-25,2024,7,207,26.4,19.6,33.2,0.0,4.4,10.3,12.5,1014.5,1009.7,33.0,0.0,0
2024-07-26,2024,7,208,26.4,19.9,33.0,0.0,3.6,10.8,12.2,1012.8,1010.3,33.0,0.0,0
2024-07-27,2024,7,209,27.0,21.0,33.0,0.0,5.6,12.5,11.3,1014.9,1011.6,38.3,0.0,0
2024-07-28,2024,7,210,31.3,24.3,38.3,0.0,6.1,11.4,11.3,1016.9,1013.9,36.9,0.0,0
2024-07-29,2024,7,211,29.2,21.4,36.9,0.0,3.9,12.5,12.0,1017.5,1014.7,36.8,0.0,0
2024-07-30,2024,7,212,28.8,20.7,36.8,0.0,4.4,9.7,11.4,1016.5,1013.3,38.3,0.0,0
2024-07-31,2024,7,213,29.2,20.2,38.3,0.0,3.3,8.9,12.4,1014.4,1010.6,33.5,0.0,0
2024-08-01,2024,8,214,27.0,20.4,33.5,0.0,3.3,8.9,12.4,1011.7,1008.9,31.7,0.0,0
2024-08-02,2024,8,215,27.0,22.4,31.7,0.0,5.6,10.8,11.5,1010.3,1006.6,33.3,0.0,0
2024-08-03,2024,8,216,28.5,23.7,33.3,0.0,4.7,11.4,12.5,1014.3,1010.1,31.9,0.0,0
2024-08-04,2024,8,217,26.8,21.6,31.9,0.0,4.7,9.7,12.5,1015.2,1012.6,31.0,0.0,0
2024-08-05,2024,8,218,26.3,21.6,31.0,0.0,3.9,9.2,12.2,1013.6,1011.1,32.2,0.0,0
2024-08-06,2024,8,219,26.6,21.0,32.2,0.0,4.2,10.3,11.9,1011.9,1009.8,37.4,0.0,0
2024-08-07,2024,8,220,28.5,19.6,37.4,0.0,4.7,10.8,12.4,1013.1,1010.3,37.1,0.0,0
2024-08-08,2024,8,221,29.4,21.6,37.1,0.0,5.0,10.3,12.4,1015.3,1012.6,35.9,0.0,0
2024-08-09,2024,8,222,28.0,20.2,35.9,0.0,3.9,9.7,12.4,1017.9,1015.1,36.7,0.0,0
2024-08-10,2024,8,223,28.6,20.5,36.7,0.0,2.8,12.5,12.4,1017.7,1015.1,35.1,0.0,0
2024-08-11,2024,8,224,28.6,22.0,35.1,0.0,5.0,10.3,12.4,1015.7,1012.1,33.9,0.0,0
2024-08-12,2024,8,225,28.8,23.6,33.9,0.0,4.2,10.8,12.2,1012.5,1009.6,32.0,0.0,0
2024-08-13,2024,8,226,27.0,21.9,32.0,0.0,4.2,10.8,11.5,1010.5,1007.5,30.2,8.5,1
2024-08-14,2024,8,227,25.2,20.2,30.2,8.5,4.2,23.6,3.8,1013.3,1007.8,27.7,36.9,1
2024-08-15,2024,8,228,24.4,21.0,27.7,36.9,2.8,12.5,0.7,1015.3,1011.9,29.4,4.6,1
2024-08-16,2024,8,229,24.6,19.8,29.4,4.6,1.7,8.3,5.6,1015.5,1013.5,32.7,0.0,0
2024-08-17,2024,8,230,26.6,20.6,32.7,0.0,2.2,8.9,12.3,1015.3,1012.1,29.8,0.0,0
2024-08-18,2024,8,231,25.6,21.3,29.8,0.0,3.1,8.3,6.1,1013.5,1010.1,29.6,0.0,0
2024-08-19,2024,8,232,26.2,22.8,29.6,0.0,5.0,9.7,9.1,1013.3,1011.2,29.9,0.0,0
2024-08-20,2024,8,233,24.7,19.5,29.9,0.0,5.0,11.4,11.1,1015.4,1012.1,31.7,0.0,0
2024-08-21,2024,8,234,25.7,19.7,31.7,0.0,4.2,11.7,11.4,1017.5,1015.0,29.8,0.0,0
2024-08-22,2024,8,235,25.1,20.4,29.8,0.0,4.2,10.3,10.2,1015.8,1012.3,31.3,0.0,0
2024-08-23,2024,8,236,26.0,20.6,31.3,0.0,3.3,10.3,11.2,1015.5,1013.4,35.3,0.0,0
2024-08-24,2024,8,237,27.9,20.5,35.3,0.0,3.6,8.3,11.5,1015.0,1012.1,31.0,0.0,0
2024-08-25,2024,8,238,26.4,21.9,31.0,0.0,8.1,15.3,10.5,1016.4,1013.4,30.4,0.0,0
2024-08-26,2024,8,239,26.2,22.0,30.4,0.0,6.4,14.4,11.5,1017.0,1014.5,29.6,0.0,0
2024-08-27,2024,8,240,24.8,20.1,29.6,0.0,3.6,9.7,11.0,1015.9,1013.2,30.5,0.0,0
2024-08-28,2024,8,241,24.6,18.8,30.5,0.0,3.9,10.3,11.9,1015.9,1014.1,31.9,0.0,0
2024-08-29,2024,8,242,25.8,19.6,31.9,0.0,4.2,10.3,10.5,1017.0,1014.0,32.3,0.0,0
2024-08-30,2024,8,243,26.4,20.5,32.3,0.0,2.5,12.5,8.1,1016.1,1013.6,33.8,0.0,0
2024-08-31,2024,8,244,27.4,21.1,33.8,0.0,3.6,9.2,10.2,1015.1,1012.5,32.1,0.0,0
2024-09-01,2024,9,245,27.0,22.0,32.1,0.0,3.3,8.3,4.3,1012.7,1010.3,32.1,1.3,1
2024-09-02,2024,9,246,26.9,21.7,32.1,1.3,2.8,8.9,8.5,1012.6,1010.5,30.8,19.4,1
2024-09-03,2024,9,247,24.9,19.0,30.8,19.4,5.0,19.7,7.3,1014.4,1009.9,29.2,0.1,0
2024-09-04,2024,9,248,23.9,18.6,29.2,0.1,3.1,8.9,7.2,1013.6,1009.1,27.6,0.0,0
2024-09-05,2024,9,249,23.4,19.1,27.6,0.0,1.9,9.7,11.0,1012.3,1009.0,31.9,0.0,0
2024-09-06,2024,9,250,25.4,19.0,31.9,0.0,3.3,9.2,8.2,1009.0,1004.7,29.5,0.7,0
2024-09-07,2024,9,251,25.0,20.6,29.5,0.7,4.4,11.7,8.5,1012.4,1006.6,27.5,1.5,1
2024-09-08,2024,9,252,24.0,20.4,27.5,1.5,4.2,9.7,4.4,1012.3,1008.7,28.8,0.0,0
2024-09-09,2024,9,253,23.2,17.6,28.8,0.0,3.1,11.7,11.3,1016.7,1012.3,29.6,0.0,0
2024-09-10,2024,9,254,23.0,16.3,29.6,0.0,4.2,16.4,9.2,1016.6,1013.8,27.9,0.0,0
2024-09-11,2024,9,255,21.6,15.4,27.9,0.0,3.3,9.7,11.7,1015.0,1012.5,28.7,0.5,0
2024-09-12,2024,9,256,23.3,17.9,28.7,0.5,4.7,12.5,6.4,1016.1,1011.7,22.0,0.0,0
2024-09-13,2024,9,257,17.6,13.2,22.0,0.0,4.7,10.3,0.6,1023.5,1015.4,26.3,0.0,0
2024-09-14,2024,9,258,19.0,11.7,26.3,0.0,3.6,10.3,8.1,1023.4,1019.4,26.8,0.0,0
2024-09-15,2024,9,259,19.2,11.6,26.8,0.0,5.0,12.5,11.5,1020.5,1016.0,30.0,0.0,0
2024-09-16,2024,9,260,21.4,12.7,30.0,0.0,2.8,9.7,9.6,1016.3,1011.5,25.6,0.0,0
2024-09-17,2024,9,261,20.0,14.5,25.6,0.0,5.0,11.4,6.0,1014.4,1011.9,25.1,0.0,0
2024-09-18,2024,9,262,20.2,15.2,25.1,0.0,4.2,10.8,3.0,1016.6,1013.2,26.7,0.0,0
2024-09-19,2024,9,263,19.7,12.7,26.7,0.0,3.1,9.2,9.0,1016.1,1013.7,26.9,0.0,0
2024-09-20,2024,9,264,21.5,16.1,26.9,0.0,3.9,9.7,3.9,1017.1,1014.9,25.5,3.1,1
2024-09-21,2024,9,265,20.7,15.9,25.5,3.1,2.5,9.2,2.8,1016.8,1013.0,26.6,0.0,0
2024-09-22,2024,9,266,21.8,17.0,26.6,0.0,3.3,10.8,10.9,1014.2,1011.9,25.1,20.2,1
2024-09-23,2024,9,267,20.4,15.7,25.1,20.2,2.2,10.8,7.2,1015.5,1012.4,26.3,0.0,0
2024-09-24,2024,9,268,20.8,15.2,26.3,0.0,4.4,10.3,2.8,1014.1,1011.3,26.7,0.0,0
2024-09-25,2024,9,269,20.7,14.7,26.7,0.0,5.0,11.7,9.9,1014.7,1012.3,27.3,0.0,0
2024-09-26,2024,9,270,23.0,18.6,27.3,0.0,8.3,13.9,7.6,1012.6,1009.3,28.6,0.0,0
2024-09-27,2024,9,271,23.4,18.1,28.6,0.0,4.2,12.8,9.8,1017.0,1009.4,24.6,1.4,1
2024-09-28,2024,9,272,19.6,14.7,24.6,1.4,3.3,8.3,5.0,1024.8,1016.8,24.6,0.0,0
2024-09-29,2024,9,273,18.8,12.9,24.6,0.0,3.1,9.7,10.4,1024.6,1021.8,25.7,0.0,0
2024-09-30,2024,9,274,19.7,13.7,25.7,0.0,3.1,9.2,11.1,1022.3,1018.8,25.1,0.0,0
2024-10-01,2024,10,275,19.3,13.5,25.1,0.0,3.3,8.9,10.6,1019.2,1012.4,26.5,0.0,0
2024-10-02,2024,10,276,21.1,15.7,26.5,0.0,4.2,10.8,7.4,1012.5,1003.3,24.8,1.8,1
2024-10-03,2024,10,277,20.6,16.3,24.8,1.8,6.4,17.5,5.3,1012.8,1000.6,24.5,0.0,0
2024-10-04,2024,10,278,18.6,12.8,24.5,0.0,3.3,10.8,10.3,1014.4,1011.1,25.1,0.0,0
2024-10-05,2024,10,279,17.7,10.3,25.1,0.0,3.3,8.9,7.1,1014.4,1011.2,28.3,0.0,0
2024-10-06,2024,10,280,23.6,18.9,28.3,0.0,6.1,12.5,9.2,1011.4,1009.7,31.1,0.6,0
2024-10-07,2024,10,281,25.2,19.4,31.1,0.6,2.8,9.2,3.4,1009.9,1004.2,26.5,0.0,0
2024-10-08,2024,10,282,23.5,20.5,26.5,0.0,6.4,16.1,7.9,1011.9,1004.4,25.5,0.0,0
2024-10-09,2024,10,283,21.4,17.4,25.5,0.0,7.2,13.9,3.2,1011.0,1003.0,26.0,0.0,0
2024-10-10,2024,10,284,19.3,12.6,26.0,0.0,3.6,13.9,8.7,1014.0,1003.3,24.6,0.0,0
2024-10-11,2024,10,285,17.8,10.9,24.6,0.0,3.3,9.2,9.8,1015.8,1013.4,25.3,0.0,0
2024-10-12,2024,10,286,19.1,12.9,25.3,0.0,3.1,8.9,8.3,1016.9,1014.1,29.2,0.0,0
2024-10-13,2024,10,287,23.0,16.9,29.2,0.0,3.1,7.8,9.1,1017.9,1016.0,32.1,0.0,0
2024-10-14,2024,10,288,25.4,18.6,32.1,0.0,2.8,6.1,8.4,1017.3,1013.5,27.1,0.0,0
2024-10-15,2024,10,289,22.8,18.4,27.1,0.0,2.5,11.7,1.3,1013.8,1010.7,26.6,0.0,0
2024-10-16,2024,10,290,22.2,17.9,26.6,0.0,3.6,7.8,9.5,1013.2,1010.5,25.9,1.1,1
2024-10-17,2024,10,291,21.8,17.6,25.9,1.1,9.4,20.6,8.5,1015.9,1011.4,22.7,0.0,0
2024-10-18,2024,10,292,17.9,13.1,22.7,0.0,5.0,11.7,7.9,1018.2,1015.9,23.8,0.0,0
2024-10-19,2024,10,293,17.0,10.2,23.8,0.0,3.1,9.7,9.6,1020.2,1017.2,26.0,1.0,1
2024-10-20,2024,10,294,18.0,10.0,26.0,1.0,3.9,9.2,8.3,1023.2,1019.3,25.6,0.0,0
2024-10-21,2024,10,295,19.8,14.0,25.6,0.0,3.9,9.2,7.7,1023.5,1021.4,25.5,10.9,1
2024-10-22,2024,10,296,19.6,13.8,25.5,10.9,2.2,11.4,4.8,1026.5,1022.2,23.7,0.0,0
2024-10-23,2024,10,297,19.6,15.5,23.7,0.0,3.6,8.9,6.9,1026.6,1024.0,24.8,0.0,0
2024-10-24,2024,10,298,19.3,13.8,24.8,0.0,2.5,7.2,7.9,1024.5,1020.6,23.1,0.0,0
2024-10-25,2024,10,299,17.6,12.2,23.1,0.0,2.8,7.2,6.9,1020.6,1015.5,20.2,41.1,1
2024-10-26,2024,10,300,16.4,12.5,20.2,41.1,3.1,16.9,3.3,1015.5,1011.9,21.6,41.8,1
2024-10-27,2024,10,301,16.8,12.0,21.6,41.8,3.1,8.9,1.4,1019.2,1014.0,24.0,0.0,0
2024-10-28,2024,10,302,19.4,14.8,24.0,0.0,2.8,11.7,7.3,1020.3,1017.3,24.2,0.0,0
2024-10-29,2024,10,303,22.2,20.3,24.2,0.0,8.1,16.4,1.0,1019.9,1015.8,27.4,0.0,0
2024-10-30,2024,10,304,23.1,18.8,27.4,0.0,4.4,11.4,5.2,1017.8,1015.0,25.1,0.0,0
2024-10-31,2024,10,305,21.9,18.7,25.1,0.0,5.0,11.4,5.1,1020.1,1016.9,23.8,27.5,1
2024-11-01,2024,11,306,19.7,15.6,23.8,27.5,3.3,13.3,2.3,1020.0,1017.2,22.6,0.0,0
2024-11-02,2024,11,307,18.2,13.8,22.6,0.0,1.9,5.0,7.7,1021.8,1017.1,24.7,0.0,0
2024-11-03,2024,11,308,19.8,15.0,24.7,0.0,2.5,7.2,3.9,1022.6,1020.3,24.3,0.0,0
2024-11-04,2024,11,309,21.0,17.8,24.3,0.0,3.6,7.2,3.6,1022.4,1020.0,25.4,0.0,0
2024-11-05,2024,11,310,20.3,15.2,25.4,0.0,1.9,6.7,7.6,1022.9,1020.9,23.5,0.0,0
2024-11-06,2024,11,311,19.4,15.4,23.5,0.0,2.2,8.9,4.3,1024.3,1022.1,23.8,3.8,1
2024-11-07,2024,11,312,18.8,13.9,23.8,3.8,1.4,8.3,6.3,1023.6,1020.8,22.6,0.0,0
2024-11-08,2024,11,313,17.2,11.9,22.6,0.0,1.9,6.1,7.5,1022.1,1019.6,22.5,3.6,1
2024-11-09,2024,11,314,17.2,12.0,22.5,3.6,3.1,8.9,7.5,1022.4,1020.2,19.2,7.4,1
2024-11-10,2024,11,315,15.9,12.6,19.2,7.4,1.7,7.8,2.1,1022.4,1020.2,20.6,0.0,0
2024-11-11,2024,11,316,15.8,10.9,20.6,0.0,4.4,12.8,6.5,1023.1,1021.3,16.4,25.2,1
2024-11-12,2024,11,317,13.6,10.9,16.4,25.2,4.2,12.5,0.2,1021.6,1015.3,20.8,0.0,0
2024-11-13,2024,11,318,16.0,11.2,20.8,0.0,4.2,9.7,3.8,1018.2,1013.3,19.5,0.0,0
2024-11-14,2024,11,319,16.4,13.2,19.5,0.0,4.7,12.8,0.7,1021.0,1016.8,19.2,0.0,0
2024-11-15,2024,11,320,14.2,9.2,19.2,0.0,1.7,8.3,8.0,1023.0,1020.6,20.3,0.0,0
2024-11-16,2024,11,321,15.2,10.1,20.3,0.0,1.4,5.8,5.0,1022.6,1018.9,21.1,0.1,0
2024-11-17,2024,11,322,15.8,10.6,21.1,0.1,2.5,7.2,7.4,1019.3,1016.6,21.1,0.0,0
2024-11-18,2024,11,323,14.8,8.4,21.1,0.0,2.2,6.7,8.0,1018.6,1016.7,20.9,0.0,0
2024-11-19,2024,11,324,15.4,10.0,20.9,0.0,3.9,10.3,7.7,1017.3,1014.5,21.6,0.0,0
2024-11-20,2024,11,325,16.2,10.8,21.6,0.0,3.1,12.8,6.8,1014.5,1011.6,20.7,0.0,0
2024-11-21,2024,11,326,17.7,14.7,20.7,0.0,6.4,15.3,8.2,1014.1,1005.8,18.4,0.0,0
2024-11-22,2024,11,327,13.5,8.6,18.4,0.0,5.0,14.4,5.8,1024.5,1005.3,19.8,0.0,0
2024-11-23,2024,11,328,14.0,8.1,19.8,0.0,1.7,5.8,8.1,1027.3,1024.3,22.2,0.0,0
2024-11-24,2024,11,329,16.4,10.5,22.2,0.0,2.8,7.8,7.7,1026.7,1023.7,20.5,0.0,0
2024-11-25,2024,11,330,15.6,10.6,20.5,0.0,2.2,4.7,1.1,1023.8,1018.6,20.5,0.0,0
2024-11-26,2024,11,331,15.5,10.5,20.5,0.0,2.5,7.8,7.4,1023.1,1018.9,20.6,0.0,0
2024-11-27,2024,11,332,15.9,11.2,20.6,0.0,1.7,5.0,3.5,1026.0,1021.7,19.6,0.0,0
2024-11-28,2024,11,333,13.9,8.2,19.6,0.0,2.5,8.3,8.5,1026.8,1024.5,19.5,0.1,0
2024-11-29,2024,11,334,13.2,6.8,19.5,0.1,2.2,9.7,8.1,1025.5,1022.7,20.5,0.0,0
2024-11-30,2024,11,335,14.4,8.3,20.5,0.0,2.8,5.8,8.3,1027.5,1025.0,20.6,0.0,0
2024-12-01,2024,12,336,14.6,8.5,20.6,0.0,1.1,4.7,3.6,1026.5,1023.5,19.3,0.6,0
2024-12-02,2024,12,337,13.2,7.1,19.3,0.6,4.4,9.2,3.6,1023.8,1020.4,19.7,2.4,1
2024-12-03,2024,12,338,14.3,8.9,19.7,2.4,2.2,5.8,4.9,1021.4,1017.1,15.4,2.2,1
2024-12-04,2024,12,339,10.0,4.7,15.4,2.2,5.6,15.3,4.3,1025.8,1015.6,19.1,0.0,0
2024-12-05,2024,12,340,11.9,4.7,19.1,0.0,1.9,7.8,6.4,1026.5,1024.1,20.5,0.0,0
2024-12-06,2024,12,341,12.8,5.1,20.5,0.0,2.8,10.3,4.8,1026.1,1020.7,20.9,0.0,0
2024-12-07,2024,12,342,14.3,7.7,20.9,0.0,5.3,20.0,7.2,1022.6,1013.4,14.4,0.9,0
2024-12-08,2024,12,343,12.3,10.2,14.4,0.9,6.9,16.9,6.7,1015.8,1011.1,14.9,0.0,0
2024-12-09,2024,12,344,9.3,3.7,14.9,0.0,2.5,10.8,5.7,1014.3,1009.8,13.0,0.0,0
2024-12-10,2024,12,345,8.5,4.0,13.0,0.0,3.3,9.2,3.6,1018.8,1013.8,14.8,3.7,1
2024-12-11,2024,12,346,9.3,3.8,14.8,3.7,2.2,7.2,3.4,1019.1,1017.2,15.5,4.6,1
2024-12-12,2024,12,347,10.1,4.7,15.5,4.6,1.9,9.7,3.2,1019.8,1017.3,16.6,0.0,0
2024-12-13,2024,12,348,10.9,5.2,16.6,0.0,1.9,8.9,7.9,1025.6,1018.7,16.8,0.0,0
2024-12-14,2024,12,349,10.2,3.6,16.8,0.0,2.2,9.2,7.4,1028.8,1025.0,17.1,0.0,0
2024-12-15,2024,12,350,11.0,5.0,17.1,0.0,1.9,8.9,8.3,1037.0,1027.8,16.3,0.0,0
2024-12-16,2024,12,351,9.4,2.4,16.3,0.0,1.9,6.1,8.2,1039.7,1036.9,16.3,0.0,0
2024-12-17,2024,12,352,9.6,2.8,16.3,0.0,3.1,7.2,0.6,1037.3,1030.7,17.4,0.0,0
2024-12-18,2024,12,353,11.8,6.2,17.4,0.0,3.1,8.3,7.0,1030.7,1024.0,20.2,0.0,0
2024-12-19,2024,12,354,14.8,9.3,20.2,0.0,3.9,15.0,1.6,1024.0,1015.3,15.6,0.0,0
2024-12-20,2024,12,355,10.2,4.7,15.6,0.0,2.5,11.7,8.3,1027.3,1020.6,15.7,0.0,0
2024-12-21,2024,12,356,9.5,3.3,15.7,0.0,3.3,8.3,7.5,1029.9,1026.8,18.4,2.4,1
2024-12-22,2024,12,357,11.0,3.6,18.4,2.4,7.5,20.6,7.6,1027.8,1015.3,16.0,0.1,0
2024-12-23,2024,12,358,11.0,6.1,16.0,0.1,2.8,14.4,6.4,1024.1,1017.1,16.1,0.0,0
2024-12-24,2024,12,359,9.8,3.5,16.1,0.0,2.2,12.8,5.1,1025.3,1022.3,15.6,0.0,0
2024-12-25,2024,12,360,9.0,2.4,15.6,0.0,3.6,14.4,8.1,1028.6,1024.7,17.9,0.0,0
2024-12-26,2024,12,361,8.8,-0.3,17.9,0.0,2.5,6.7,8.5,1029.4,1027.0,15.5,0.0,0
2024-12-27,2024,12,362,8.5,1.5,15.5,0.0,2.8,7.8,1.2,1030.6,1028.5,17.0,0.0,0
2024-12-28,2024,12,363,9.0,0.9,17.0,0.0,1.4,5.0,8.3,1030.5,1027.8,15.7,0.0,0
2024-12-29,2024,12,364,8.3,0.9,15.7,0.0,1.9,5.8,8.4,1029.9,1028.0,16.8,0.0,0
2024-12-30,2024,12,365,9.1,1.4,16.8,0.0,1.7,4.2,8.0,1030.8,1028.4,16.3,0.1,0
2024-12-31,2024,12,366,10.5,4.7,16.3,0.1,2.5,8.3,6.0,1030.5,1028.2,17.0,0.0,0
2025-01-01,2025,1,1,10.8,4.7,17.0,0.0,2.2,8.3,4.8,1029.8,1026.7,17.3,0.0,0
2025-01-02,2025,1,2,10.1,2.9,17.3,0.0,1.7,6.1,8.3,1027.4,1023.7,16.5,0.0,0
2025-01-03,2025,1,3,10.2,3.8,16.5,0.0,3.3,10.3,6.7,1024.5,1019.2,17.6,0.0,0
2025-01-04,2025,1,4,10.8,3.9,17.6,0.0,3.3,7.8,8.2,1021.7,1018.4,17.3,0.0,0
2025-01-05,2025,1,5,11.2,5.2,17.3,0.0,5.8,12.8,4.2,1018.4,1010.9,17.6,4.1,1
2025-01-06,2025,1,6,15.2,12.9,17.6,4.1,5.6,12.8,1.3,1010.9,1005.1,16.9,0.0,0
2025-01-07,2025,1,7,13.0,9.1,16.9,0.0,3.1,11.7,7.9,1019.9,1009.5,17.3,0.0,0
2025-01-08,2025,1,8,14.6,11.8,17.3,0.0,6.1,12.5,7.0,1019.5,1015.4,20.5,0.0,0
2025-01-09,2025,1,9,14.6,8.8,20.5,0.0,3.3,14.4,7.6,1021.0,1014.5,19.7,0.0,0
2025-01-10,2025,1,10,13.2,6.8,19.7,0.0,4.4,11.7,8.5,1023.3,1020.4,19.0,0.0,0
2025-01-11,2025,1,11,12.8,6.6,19.0,0.0,2.5,13.9,0.9,1020.7,1016.6,13.2,0.0,0
2025-01-12,2025,1,12,8.8,4.4,13.2,0.0,4.7,15.3,7.2,1026.6,1020.6,12.8,0.0,0
2025-01-13,2025,1,13,7.6,2.4,12.8,0.0,3.9,11.4,8.0,1027.6,1024.8,13.5,0.0,0
2025-01-14,2025,1,14,7.0,0.5,13.5,0.0,5.3,15.0,3.5,1028.4,1026.0,13.8,0.0,0
2025-01-15,2025,1,15,6.1,-1.6,13.8,0.0,1.7,6.7,8.6,1028.1,1021.9,14.6,1.6,1
2025-01-16,2025,1,16,8.9,3.2,14.6,1.6,3.1,14.4,1.2,1024.0,1020.3,15.1,2.6,1
2025-01-17,2025,1,17,10.0,4.8,15.1,2.6,5.0,16.1,4.3,1025.3,1022.8,14.7,5.8,1
2025-01-18,2025,1,18,11.6,8.5,14.7,5.8,5.6,11.7,3.3,1023.3,1019.4,14.4,1.3,1
2025-01-19,2025,1,19,9.0,3.7,14.4,1.3,1.1,7.8,2.0,1020.1,1017.7,15.9,0.0,0
2025-01-20,2025,1,20,8.7,1.5,15.9,0.0,5.8,11.4,2.0,1019.9,1016.6,17.3,0.0,0
2025-01-21,2025,1,21,14.6,11.8,17.3,0.0,3.1,6.7,0.9,1016.7,1013.4,18.4,0.0,0
2025-01-22,2025,1,22,12.9,7.4,18.4,0.0,1.9,7.2,4.1,1013.8,1010.6,21.1,0.0,0
2025-01-23,2025,1,23,13.6,6.2,21.1,0.0,3.1,11.7,8.6,1019.6,1011.9,18.5,0.0,0
2025-01-24,2025,1,24,12.0,5.4,18.5,0.0,3.6,9.2,6.2,1021.2,1018.4,17.6,0.0,0
2025-01-25,2025,1,25,12.8,8.0,17.6,0.0,3.9,9.7,7.8,1018.7,1014.6,17.4,0.0,0
2025-01-26,2025,1,26,11.2,4.9,17.4,0.0,4.4,9.2,7.3,1021.8,1016.9,19.4,0.0,0
2025-01-27,2025,1,27,17.2,15.0,19.4,0.0,7.2,20.0,3.5,1017.0,1008.7,19.0,0.0,0
2025-01-28,2025,1,28,16.0,13.0,19.0,0.0,7.2,18.6,5.9,1019.4,1009.5,15.7,0.1,0
2025-01-29,2025,1,29,11.5,7.3,15.7,0.1,5.8,15.0,5.8,1021.1,1012.4,16.6,0.0,0
2025-01-30,2025,1,30,10.6,4.6,16.6,0.0,3.1,9.7,7.3,1021.7,1010.4,15.1,0.0,0
2025-01-31,2025,1,31,9.8,4.5,15.1,0.0,2.8,12.5,2.4,1026.1,1014.0,12.3,8.8,1
2025-02-01,2025,2,32,8.0,3.8,12.3,8.8,2.5,7.8,1.7,1025.4,1018.9,14.0,0.0,0
2025-02-02,2025,2,33,10.0,6.0,14.0,0.0,2.5,7.8,1.7,1020.5,1016.2,16.0,0.0,0
2025-02-03,2025,2,34,9.8,3.5,16.0,0.0,2.8,10.3,8.8,1025.2,1019.8,17.3,0.0,0
2025-02-04,2025,2,35,9.1,0.9,17.3,0.0,1.7,6.7,7.1,1030.1,1025.1,17.2,0.0,0
2025-02-05,2025,2,36,9.4,1.6,17.2,0.0,2.2,7.8,9.4,1032.2,1029.9,15.2,0.0,0
2025-02-06,2025,2,37,8.3,1.4,15.2,0.0,2.2,8.9,8.2,1030.9,1024.7,15.3,0.0,0
2025-02-07,2025,2,38,8.2,1.2,15.3,0.0,2.5,8.3,8.3,1024.7,1019.4,15.6,2.3,1
2025-02-08,2025,2,39,8.8,1.9,15.6,2.3,5.6,15.0,4.8,1025.3,1017.0,15.9,0.0,0
2025-02-09,2025,2,40,8.0,0.1,15.9,0.0,3.1,8.9,9.5,1027.0,1024.8,16.5,0.0,0
2025-02-10,2025,2,41,9.8,3.2,16.5,0.0,1.9,6.7,6.6,1026.0,1022.0,18.0,0.0,0
2025-02-11,2025,2,42,11.6,5.3,18.0,0.0,1.9,6.7,8.9,1022.0,1017.8,16.8,0.0,0
2025-02-12,2025,2,43,10.4,4.1,16.8,0.0,2.5,9.2,4.5,1018.3,1013.6,17.6,0.2,0
2025-02-13,2025,2,44,11.5,5.4,17.6,0.2,2.5,9.2,5.0,1019.9,1014.9,17.7,0.0,0
2025-02-14,2025,2,45,10.6,3.5,17.7,0.0,3.1,9.2,6.6,1019.7,1014.8,18.1,0.0,0
2025-02-15,2025,2,46,11.6,5.2,18.1,0.0,1.7,6.7,7.4,1017.2,1014.4,17.9,0.0,0
2025-02-16,2025,2,47,11.8,5.7,17.9,0.0,1.9,5.0,5.5,1015.6,1012.9,17.4,0.0,0
2025-02-17,2025,2,48,10.9,4.4,17.4,0.0,2.5,8.3,8.7,1017.3,1014.6,18.6,0.0,0
2025-02-18,2025,2,49,13.2,7.9,18.6,0.0,1.7,5.0,6.0,1017.6,1014.8,21.4,0.0,0
2025-02-19,2025,2,50,14.6,7.8,21.4,0.0,2.2,7.2,5.6,1022.5,1015.8,19.3,0.0,0
2025-02-20,2025,2,51,13.4,7.4,19.3,0.0,2.5,8.3,4.4,1027.8,1022.5,17.5,0.0,0
2025-02-21,2025,2,52,13.8,10.0,17.5,0.0,1.1,5.8,2.4,1027.7,1022.9,20.6,2.2,1
2025-02-22,2025,2,53,15.8,11.0,20.6,2.2,3.1,9.2,3.4,1023.0,1018.3,15.8,1.8,1
2025-02-23,2025,2,54,12.9,10.0,15.8,1.8,3.9,10.3,0.0,1030.1,1022.2,17.6,0.0,0
2025-02-24,2025,2,55,12.8,7.9,17.6,0.0,4.4,8.9,6.0,1029.8,1024.6,18.2,14.6,1
2025-02-25,2025,2,56,14.5,10.8,18.2,14.6,3.3,10.8,1.6,1024.6,1018.8,15.5,0.0,0
2025-02-26,2025,2,57,9.9,4.3,15.5,0.0,2.2,10.3,7.7,1025.5,1022.3,16.4,0.0,0
2025-02-27,2025,2,58,9.4,2.4,16.4,0.0,2.8,6.7,4.3,1023.3,1018.6,17.0,0.0,0
2025-02-28,2025,2,59,10.7,4.4,17.0,0.0,3.3,8.9,5.1,1020.0,1015.3,15.8,0.0,0
2025-03-01,2025,3,60,11.7,7.6,15.8,0.0,6.4,14.4,4.3,1017.2,1014.0,17.1,0.0,0
2025-03-02,2025,3,61,13.7,10.3,17.1,0.0,5.8,12.8,5.8,1020.6,1016.5,19.3,0.0,0
2025-03-03,2025,3,62,15.9,12.5,19.3,0.0,6.4,13.9,2.9,1020.7,1018.0,17.9,0.0,0
2025-03-04,2025,3,63,15.8,13.8,17.9,0.0,6.1,11.7,0.7,1019.6,1017.2,16.5,0.0,0
2025-03-05,2025,3,64,14.8,13.2,16.5,0.0,6.9,13.3,0.0,1019.7,1017.5,17.3,1.8,1
2025-03-06,2025,3,65,15.2,13.1,17.3,1.8,5.6,12.5,0.3,1018.2,1014.1,17.9,44.2,1
2025-03-07,2025,3,66,15.2,12.4,17.9,44.2,3.1,7.8,1.1,1014.4,1011.5,18.8,1.2,1
2025-03-08,2025,3,67,14.5,10.2,18.8,1.2,3.9,10.8,2.9,1011.9,1000.3,16.4,6.2,1
2025-03-09,2025,3,68,14.4,12.5,16.4,6.2,7.2,16.1,1.9,1003.6,999.8,17.3,4.9,1
2025-03-10,2025,3,69,13.0,8.8,17.3,4.9,5.3,19.7,1.7,1005.8,1001.8,17.9,0.0,0
2025-03-11,2025,3,70,13.2,8.5,17.9,0.0,5.0,11.4,5.4,1005.3,999.9,18.3,0.0,0
2025-03-12,2025,3,71,13.6,8.8,18.3,0.0,3.1,11.4,7.0,1002.0,999.3,17.0,20.0,1
2025-03-13,2025,3,72,12.2,7.3,17.0,20.0,5.3,15.3,4.5,1000.5,993.9,16.5,18.0,1
2025-03-14,2025,3,73,12.2,7.9,16.5,18.0,2.8,7.8,0.9,1001.9,995.5,14.4,1.1,1
2025-03-15,2025,3,74,8.8,3.2,14.4,1.1,4.7,12.5,6.2,1016.3,1001.8,17.2,0.7,0
2025-03-16,2025,3,75,9.8,2.5,17.2,0.7,4.7,11.7,8.5,1017.2,1014.8,15.8,0.0,0
2025-03-17,2025,3,76,11.5,7.2,15.8,0.0,2.8,8.3,0.8,1017.8,1015.7,16.6,0.2,0
2025-03-18,2025,3,77,12.2,7.8,16.6,0.2,4.7,11.7,4.3,1019.8,1015.7,20.8,0.0,0
2025-03-19,2025,3,78,16.9,13.0,20.8,0.0,5.3,11.4,5.5,1022.1,1019.1,23.6,0.0,0
2025-03-20,2025,3,79,19.0,14.4,23.6,0.0,4.7,10.8,5.6,1021.7,1015.3,19.3,4.4,1
2025-03-21,2025,3,80,16.2,13.0,19.3,4.4,3.9,21.1,2.4,1015.3,1009.8,17.2,0.6,0
2025-03-22,2025,3,81,14.2,11.1,17.2,0.6,6.7,16.1,5.0,1011.7,1006.7,16.1,3.6,1
2025-03-23,2025,3,82,12.3,8.5,16.1,3.6,6.4,13.9,9.3,1010.3,1005.5,16.4,3.9,1
2025-03-24,2025,3,83,11.7,7.0,16.4,3.9,3.3,8.9,4.7,1018.1,1008.8,17.6,0.0,0
2025-03-25,2025,3,84,12.2,6.9,17.6,0.0,2.5,8.3,4.0,1020.5,1017.2,18.2,3.9,1
2025-03-26,2025,3,85,12.3,6.4,18.2,3.9,3.6,8.3,4.3,1019.8,1015.9,18.3,0.0,0
2025-03-27,2025,3,86,11.4,4.5,18.3,0.0,3.9,9.2,9.5,1016.9,1013.7,18.9,0.0,0
2025-03-28,2025,3,87,11.9,4.9,18.9,0.0,2.8,8.9,8.0,1015.4,1012.0,18.1,0.0,0
2025-03-29,2025,3,88,12.6,7.1,18.1,0.0,5.6,16.9,9.5,1016.2,1011.1,19.8,0.0,0
2025-03-30,2025,3,89,12.1,4.4,19.8,0.0,2.8,9.2,11.6,1020.0,1015.2,23.6,0.0,0
2025-03-31,2025,3,90,13.6,3.7,23.6,0.0,2.5,9.2,11.9,1019.4,1013.7,19.8,0.0,0
2025-04-01,2025,4,91,12.5,5.2,19.8,0.0,3.6,8.9,11.7,1014.0,1006.7,20.0,0.1,0
2025-04-02,2025,4,92,15.0,9.9,20.0,0.1,5.0,12.5,6.9,1013.7,1007.0,20.9,0.0,0
2025-04-03,2025,4,93,16.2,11.4,20.9,0.0,8.3,14.4,7.8,1015.1,1012.7,25.6,0.0,0
2025-04-04,2025,4,94,19.0,12.4,25.6,0.0,3.1,11.4,7.8,1012.7,1008.2,21.4,0.0,0
2025-04-05,2025,4,95,15.6,9.7,21.4,0.0,4.2,12.5,10.7,1012.6,1010.6,24.2,0.0,0
2025-04-06,2025,4,96,16.1,8.0,24.2,0.0,3.6,9.2,10.7,1013.3,1010.0,24.8,0.0,0
2025-04-07,2025,4,97,17.8,10.7,24.8,0.0,2.5,8.3,11.6,1020.4,1012.9,22.1,0.0,0
2025-04-08,2025,4,98,15.6,9.2,22.1,0.0,4.7,10.8,11.5,1022.7,1020.2,21.9,0.0,0
2025-04-09,2025,4,99,15.0,8.2,21.9,0.0,3.9,8.9,11.7,1021.6,1016.3,22.9,0.0,0
2025-04-10,2025,4,100,16.2,9.6,22.9,0.0,3.6,8.9,11.6,1021.5,1018.0,21.2,0.3,0
2025-04-11,2025,4,101,15.6,9.9,21.2,0.3,5.3,11.4,4.0,1021.1,1013.4,19.4,0.2,0
2025-04-12,2025,4,102,16.6,13.7,19.4,0.2,3.9,9.7,0.0,1013.7,1008.7,20.4,0.3,0
2025-04-13,2025,4,103,17.4,14.3,20.4,0.3,2.5,7.8,0.2,1010.6,1007.5,20.2,4.9,1
2025-04-14,2025,4,104,17.8,15.4,20.2,4.9,3.9,12.5,3.6,1009.2,1004.1,20.9,0.0,0
2025-04-15,2025,4,105,17.0,13.1,20.9,0.0,7.2,13.9,7.3,1006.0,1002.8,17.5,0.0,0
2025-04-16,2025,4,106,12.6,7.6,17.5,0.0,3.1,11.4,7.1,1011.6,1005.3,20.3,0.0,0
2025-04-17,2025,4,107,12.8,5.3,20.3,0.0,5.6,13.9,12.0,1017.4,1010.4,20.3,0.0,0
2025-04-18,2025,4,108,14.8,9.2,20.3,0.0,3.1,8.9,5.3,1017.2,1009.8,21.1,0.2,0
2025-04-19,2025,4,109,15.0,9.0,21.1,0.2,5.8,12.8,10.4,1009.9,1004.7,19.7,0.0,0
2025-04-20,2025,4,110,14.0,8.4,19.7,0.0,3.9,10.3,10.4,1013.2,1008.0,22.5,0.0,0
2025-04-21,2025,4,111,14.1,5.7,22.5,0.0,3.9,10.3,9.0,1017.9,1012.7,21.8,0.0,0
2025-04-22,2025,4,112,15.0,8.1,21.8,0.0,3.3,9.7,6.1,1019.9,1017.0,22.2,0.0,0
2025-04-23,2025,4,113,16.4,10.5,22.2,0.0,5.3,10.8,11.5,1021.3,1018.6,24.8,0.0,0
2025-04-24,2025,4,114,16.6,8.3,24.8,0.0,3.1,10.3,12.6,1019.9,1015.7,21.6,0.0,0
2025-04-25,2025,4,115,15.8,10.1,21.6,0.0,4.2,9.7,11.0,1017.0,1013.2,22.7,0.0,0
2025-04-26,2025,4,116,17.7,12.7,22.7,0.0,4.7,12.5,2.6,1018.1,1011.9,21.4,0.0,0
2025-04-27,2025,4,117,16.8,12.1,21.4,0.0,4.7,10.8,6.6,1021.6,1017.3,23.6,0.0,0
2025-04-28,2025,4,118,16.8,10.0,23.6,0.0,3.6,10.3,8.3,1021.6,1019.5,23.6,0.0,0
2025-04-29,2025,4,119,16.6,9.5,23.6,0.0,4.2,9.7,8.4,1021.3,1017.0,25.3,0.0,0
2025-04-30,2025,4,120,19.2,13.0,25.3,0.0,8.1,15.0,11.5,1018.4,1015.5,27.0,0.0,0
2025-05-01,2025,5,121,21.5,16.0,27.0,0.0,6.9,12.5,9.0,1017.4,1014.4,26.1,0.8,0
2025-05-02,2025,5,122,21.0,15.8,26.1,0.8,4.7,10.8,0.9,1016.4,1013.0,25.9,0.0,0
2025-05-03,2025,5,123,21.8,17.7,25.9,0.0,4.4,9.7,4.8,1015.7,1010.9,24.5,0.0,0
2025-05-04,2025,5,124,20.4,16.3,24.5,0.0,6.7,15.0,11.8,1011.2,1007.5,23.5,5.4,1
2025-05-05,2025,5,125,18.1,12.7,23.5,5.4,5.8,12.5,11.4,1009.9,1006.6,20.4,0.0,0
2025-05-06,2025,5,126,16.0,11.7,20.4,0.0,4.4,12.5,8.0,1015.2,1009.1,22.3,0.0,0
2025-05-07,2025,5,127,15.8,9.3,22.3,0.0,2.8,9.2,9.4,1015.5,1012.9,22.0,6.6,1
2025-05-08,2025,5,128,16.6,11.2,22.0,6.6,4.4,11.4,10.9,1013.2,1010.6,22.0,0.0,0
2025-05-09,2025,5,129,18.1,14.2,22.0,0.0,3.6,9.7,10.8,1014.5,1010.2,24.5,0.2,0
2025-05-10,2025,5,130,18.4,12.4,24.5,0.2,5.0,11.4,8.7,1014.6,1009.7,23.4,0.0,0
2025-05-11,2025,5,131,18.5,13.6,23.4,0.0,3.6,11.7,9.3,1012.7,1009.4,23.1,0.0,0
2025-05-12,2025,5,132,17.4,11.6,23.1,0.0,3.6,10.3,10.2,1014.1,1012.2,23.0,0.0,0
2025-05-13,2025,5,133,17.6,12.3,23.0,0.0,3.3,11.4,7.4,1014.4,1012.5,22.7,9.3,1
2025-05-14,2025,5,134,18.6,14.4,22.7,9.3,4.7,8.9,1.7,1013.9,1012.1,23.5,0.1,0
2025-05-15,2025,5,135,19.2,14.9,23.5,0.1,1.7,8.9,5.9,1013.4,1011.1,27.1,12.8,1
2025-05-16,2025,5,136,20.5,13.9,27.1,12.8,3.6,13.3,11.2,1016.7,1011.7,23.7,0.0,0
2025-05-17,2025,5,137,17.5,11.3,23.7,0.0,3.1,9.2,13.0,1016.9,1015.5,27.8,0.0,0
2025-05-18,2025,5,138,19.8,11.9,27.8,0.0,3.6,9.2,12.3,1016.7,1014.6,26.8,0.0,0
2025-05-19,2025,5,139,19.9,13.0,26.8,0.0,3.6,16.4,3.4,1015.8,1010.4,26.2,0.0,0
2025-05-20,2025,5,140,19.6,13.1,26.2,0.0,4.7,12.5,13.0,1019.3,1014.8,25.0,0.0,0
2025-05-21,2025,5,141,19.0,13.0,25.0,0.0,4.7,11.7,13.0,1018.9,1015.1,24.8,0.0,0
2025-05-22,2025,5,142,19.6,14.3,24.8,0.0,5.3,12.8,4.8,1016.9,1013.6,24.5,0.0,0
2025-05-23,2025,5,143,18.5,12.5,24.5,0.0,3.6,10.3,8.6,1018.5,1015.0,24.5,0.0,0
2025-05-24,2025,5,144,19.1,13.7,24.5,0.0,5.0,11.7,10.4,1020.7,1017.5,23.9,0.0,0
2025-05-25,2025,5,145,17.4,11.0,23.9,0.0,4.2,12.5,12.7,1020.5,1018.6,27.2,0.0,0
2025-05-26,2025,5,146,19.4,11.5,27.2,0.0,4.2,11.4,11.1,1021.0,1019.3,27.2,0.0,0
2025-05-27,2025,5,147,19.6,12.0,27.2,0.0,3.9,,12.3,1023.3,1020.0,26.0,0.0,0
2025-05-28,2025,5,148,19.0,12.0,26.0,0.0,3.9,9.7,12.8,1024.5,1022.1,27.5,0.0,0
2025-05-29,2025,5,149,20.2,12.8,27.5,0.0,3.9,8.9,13.1,1023.1,1020.4,27.4,0.0,0
2025-05-30,2025,5,150,20.3,13.2,27.4,0.0,3.9,9.7,13.6,1021.3,1019.4,28.5,0.0,0
2025-05-31,2025,5,151,21.2,13.8,28.5,0.0,3.9,8.9,13.5,1021.1,1018.9,30.0,0.0,0
2025-06-01,2025,6,152,22.6,15.1,30.0,0.0,3.6,9.2,11.7,1020.5,1016.2,33.1,0.0,0
2025-06-02,2025,6,153,25.1,17.1,33.1,0.0,7.8,13.9,11.9,1017.0,1012.5,27.4,1.7,1
2025-06-03,2025,6,154,23.7,20.0,27.4,1.7,5.6,13.3,10.4,1013.4,1009.4,26.1,0.0,0
2025-06-04,2025,6,155,22.5,18.9,26.1,0.0,5.6,10.8,9.9,1015.4,1011.9,28.1,0.0,0
2025-06-05,2025,6,156,22.0,15.9,28.1,0.0,3.9,12.8,12.2,1017.2,1014.8,27.6,0.0,0
2025-06-06,2025,6,157,21.0,14.5,27.6,0.0,4.2,10.3,12.5,1017.5,1014.9,27.1,0.0,0
2025-06-07,2025,6,158,22.0,16.8,27.1,0.0,3.6,10.3,12.9,1016.7,1005.0,29.2,0.0,0
2025-06-08,2025,6,159,24.0,18.7,29.2,0.0,7.2,11.4,12.8,1020.7,1016.3,28.1,0.0,0
2025-06-09,2025,6,160,22.6,17.0,28.1,0.0,3.9,10.8,12.5,1021.4,1018.7,29.6,0.0,0
2025-06-10,2025,6,161,24.6,19.6,29.6,0.0,3.6,8.9,11.5,1020.3,1017.1,30.8,0.0,0
2025-06-11,2025,6,162,24.2,17.6,30.8,0.0,3.1,9.7,10.1,1017.3,1012.3,34.6,0.0,0
2025-06-12,2025,6,163,26.0,17.5,34.6,0.0,3.9,9.7,11.0,1015.4,1012.0,35.6,0.0,0
2025-06-13,2025,6,164,27.0,18.5,35.6,0.0,3.6,10.8,8.8,1017.5,1015.0,37.1,0.0,0
2025-06-14,2025,6,165,28.0,18.8,37.1,0.0,3.6,10.3,11.2,1018.3,1015.7,38.2,0.0,0
2025-06-15,2025,6,166,29.0,19.7,38.2,0.0,5.0,10.8,12.0,1020.3,1015.8,33.0,0.0,0
2025-06-16,2025,6,167,27.6,22.2,33.0,0.0,6.9,14.4,12.1,1021.0,1017.0,31.6,0.0,0
2025-06-17,2025,6,168,25.9,20.2,31.6,0.0,3.6,10.3,12.3,1020.5,1018.2,29.8,0.0,0
2025-06-18,2025,6,169,24.5,19.2,29.8,0.0,5.0,10.8,12.8,1020.3,1018.7,30.6,0.0,0
2025-06-19,2025,6,170,24.9,19.2,30.6,0.0,4.7,11.4,13.0,1020.6,1017.9,30.2,0.0,0
2025-06-20,2025,6,171,24.6,18.9,30.2,0.0,4.2,10.3,12.4,1020.2,1017.8,31.9,0.0,0
2025-06-21,2025,6,172,24.8,17.8,31.9,0.0,3.1,8.9,12.8,1018.9,1017.1,31.3,0.0,0
2025-06-22,2025,6,173,24.7,18.1,31.3,0.0,4.2,9.7,12.8,1020.3,1017.4,32.3,0.0,0
2025-06-23,2025,6,174,26.2,20.0,32.3,0.0,4.2,9.2,12.6,1019.1,1017.1,34.1,0.0,0
2025-06-24,2025,6,175,26.5,18.9,34.1,0.0,3.1,10.3,12.6,1017.9,1014.0,38.2,0.0,0
2025-06-25,2025,6,176,28.6,19.0,38.2,0.0,5.0,10.3,12.7,1014.0,1011.8,32.6,0.0,0
2025-06-26,2025,6,177,27.2,21.8,32.6,0.0,4.2,10.8,11.5,1020.1,1012.5,32.3,0.0,0
2025-06-27,2025,6,178,27.3,22.3,32.3,0.0,4.4,11.4,13.0,1022.5,1020.0,34.6,0.0,0
2025-06-28,2025,6,179,27.8,20.9,34.6,0.0,3.6,9.7,13.3,1022.4,1019.9,32.3,0.0,0
2025-06-29,2025,6,180,26.2,20.1,32.3,0.0,4.2,10.8,13.6,1020.2,1016.7,32.2,0.0,0
2025-06-30,2025,6,181,26.2,20.1,32.2,0.0,3.9,10.3,13.1,1017.0,1014.3,32.7,0.0,0
2025-07-01,2025,7,182,27.0,21.4,32.7,0.0,4.4,11.4,13.4,1015.2,1013.0,32.1,0.0,0
2025-07-02,2025,7,183,26.4,20.8,32.1,0.0,4.2,10.3,13.4,1017.1,1013.6,34.4,0.0,0
2025-07-03,2025,7,184,27.6,20.9,34.4,0.0,5.3,11.7,13.1,1020.3,1016.6,33.8,0.0,0
2025-07-04,2025,7,185,27.8,21.7,33.8,0.0,5.3,11.4,12.9,1020.7,1018.1,35.7,0.0,0
2025-07-05,2025,7,186,28.9,22.1,35.7,0.0,4.4,9.7,10.8,1018.1,1014.6,33.0,0.0,0
2025-07-06,2025,7,187,27.6,22.2,33.0,0.0,4.7,9.7,9.6,1015.2,1009.7,32.3,0.0,0
2025-07-07,2025,7,188,28.2,24.1,32.3,0.0,5.0,11.4,8.9,1012.1,1009.1,28.2,0.0,0
2025-07-08,2025,7,189,24.5,20.8,28.2,0.0,6.4,13.9,1.4,1017.8,1011.9,29.7,16.0,1
2025-07-09,2025,7,190,24.0,18.4,29.7,16.0,5.0,11.7,11.9,1018.7,1017.1,30.9,0.1,0
2025-07-10,2025,7,191,25.6,20.3,30.9,0.1,3.9,10.8,9.6,1021.5,1014.9,30.3,0.0,0
2025-07-11,2025,7,192,26.4,22.5,30.3,0.0,4.2,12.5,11.7,1015.5,1011.3,31.1,0.0,0
2025-07-12,2025,7,193,26.1,21.1,31.1,0.0,5.3,12.5,8.0,1011.9,1008.5,32.0,0.0,0
2025-07-13,2025,7,194,27.0,22.0,32.0,0.0,4.4,11.4,13.1,1017.6,1010.9,34.6,0.0,0
2025-07-14,2025,7,195,27.9,21.2,34.6,0.0,3.3,9.2,9.1,1019.8,1016.4,34.0,0.0,0
2025-07-15,2025,7,196,27.6,21.1,34.0,0.0,5.8,11.7,12.4,1018.9,1016.7,31.9,0.0,0
2025-07-16,2025,7,197,26.8,21.7,31.9,0.0,6.1,11.4,13.1,1019.1,1016.3,31.3,0.0,0
2025-07-17,2025,7,198,26.5,21.7,31.3,0.0,3.6,8.9,13.1,1016.4,1013.0,32.3,0.0,0
2025-07-18,2025,7,199,26.6,21.0,32.3,0.0,3.3,8.3,12.7,1013.1,1008.6,33.6,0.0,0
2025-07-19,2025,7,200,27.8,22.1,33.6,0.0,4.7,12.5,12.3,1009.0,1006.2,31.2,0.0,0
2025-07-20,2025,7,201,26.4,21.6,31.2,0.0,3.6,10.3,11.2,1008.8,1006.4,33.3,0.0,0
2025-07-21,2025,7,202,28.6,23.8,33.3,0.0,4.2,10.8,11.2,1014.7,1006.1,33.7,0.0,0
2025-07-22,2025,7,203,27.4,21.1,33.7,0.0,4.4,11.9,12.5,1016.6,1013.8,33.1,0.0,0
2025-07-23,2025,7,204,26.6,20.2,33.1,0.0,3.9,11.4,8.2,1014.5,1010.4,27.7,6.5,1
2025-07-24,2025,7,205,24.4,21.2,27.7,6.5,8.9,16.1,2.9,1014.8,1009.2,27.8,0.0,0
2025-07-25,2025,7,206,23.3,18.8,27.8,0.0,7.5,14.4,8.5,1017.6,1012.1,29.0,0.0,0
2025-07-26,2025,7,207,22.8,16.5,29.0,0.0,6.4,12.8,6.0,1018.6,1016.3,29.4,0.0,0
2025-07-27,2025,7,208,23.5,17.6,29.4,0.0,5.3,11.7,12.7,1018.3,1014.5,30.1,0.0,0
2025-07-28,2025,7,209,25.0,19.8,30.1,0.0,5.3,13.3,5.6,1017.3,1013.3,27.2,0.0,0
2025-07-29,2025,7,210,23.4,19.7,27.2,0.0,3.9,12.5,1.6,1018.4,1016.2,29.5,0.0,0
2025-07-30,2025,7,211,23.1,16.7,29.5,0.0,3.9,9.7,8.9,1019.7,1017.5,30.0,0.0,0
2025-07-31,2025,7,212,23.6,17.2,30.0,0.0,4.4,11.4,12.9,1019.6,1016.3,31.4,0.0,0
2025-08-01,2025,8,213,24.5,17.6,31.4,0.0,4.7,11.4,12.5,1016.5,1012.8,29.9,0.0,0
2025-08-02,2025,8,214,24.8,19.6,29.9,0.0,4.4,11.4,12.2,1016.9,1013.0,31.1,0.0,0
2025-08-03,2025,8,215,25.6,20.0,31.1,0.0,5.6,10.8,8.5,1020.8,1015.0,30.6,0.0,0
2025-08-04,2025,8,216,23.8,16.9,30.6,0.0,3.9,10.8,11.1,1021.6,1019.6,30.3,0.0,0
2025-08-05,2025,8,217,23.6,16.8,30.3,0.0,3.9,11.4,12.6,1020.1,1018.3,32.5,0.0,0
2025-08-06,2025,8,218,25.4,18.3,32.5,0.0,3.9,9.7,11.3,1019.5,1016.7,32.9,0.0,0
2025-08-07,2025,8,219,25.8,18.6,32.9,0.0,3.6,9.2,11.8,1018.3,1016.5,33.9,0.0,0
2025-08-08,2025,8,220,26.3,18.7,33.9,0.0,4.2,10.8,11.8,1018.6,1017.2,33.6,0.0,0
2025-08-09,2025,8,221,26.8,20.1,33.6,0.0,5.0,10.8,11.7,1019.9,1017.2,33.2,0.0,0
2025-08-10,2025,8,222,26.4,19.5,33.2,0.0,4.4,10.3,12.2,1020.0,1016.8,31.9,0.0,0
2025-08-11,2025,8,223,26.2,20.5,31.9,0.0,3.9,11.4,12.1,1017.6,1014.3,31.5,0.0,0
2025-08-12,2025,8,224,26.3,21.1,31.5,0.0,4.2,10.3,12.0,1015.7,1013.5,33.3,0.0,0
2025-08-13,2025,8,225,26.8,20.4,33.3,0.0,3.6,10.3,12.3,1015.6,1013.7,35.3,0.0,0
2025-08-14,2025,8,226,27.9,20.5,35.3,0.0,3.1,10.3,11.5,1017.6,1014.3,36.0,0.0,0
2025-08-15,2025,8,227,28.0,20.0,36.0,0.0,3.3,9.2,12.1,1018.2,1015.9,34.7,0.0,0
2025-08-16,2025,8,228,28.0,21.3,34.7,0.0,4.4,11.7,11.6,1017.2,1014.2,34.7,0.0,0
2025-08-17,2025,8,229,27.6,20.6,34.7,0.0,3.3,8.9,9.3,1014.7,1011.3,36.5,0.0,0
2025-08-18,2025,8,230,28.6,20.7,36.5,0.0,3.3,9.7,8.9,1013.4,1010.9,34.1,0.0,0
2025-08-19,2025,8,231,28.4,22.8,34.1,0.0,4.4,10.8,2.5,1014.0,1007.8,31.4,3.3,1
2025-08-20,2025,8,232,26.4,21.3,31.4,3.3,3.3,9.2,5.0,1010.7,1006.4,31.3,0.0,0
2025-08-21,2025,8,233,25.8,20.4,31.3,0.0,2.8,8.9,11.8,1014.6,1009.6,29.7,0.0,0
2025-08-22,2025,8,234,24.4,19.1,29.7,0.0,3.9,10.8,9.4,1015.9,1013.8,29.9,0.0,0
2025-08-23,2025,8,235,25.0,20.1,29.9,0.0,4.2,10.8,11.2,1016.5,1013.9,32.6,0.0,0
2025-08-24,2025,8,236,26.8,21.0,32.6,0.0,3.6,9.2,10.2,1016.0,1013.8,32.9,0.0,0
2025-08-25,2025,8,237,27.0,21.2,32.9,0.0,2.8,11.4,4.2,1018.0,1014.1,35.4,0.1,0
2025-08-26,2025,8,238,28.8,22.2,35.4,0.1,3.6,9.2,9.7,1014.1,1009.0,33.7,0.3,0
2025-08-27,2025,8,239,28.8,23.9,33.7,0.3,5.3,11.7,6.4,1009.4,1003.8,33.4,0.0,0
2025-08-28,2025,8,240,28.6,23.7,33.4,0.0,4.4,12.8,7.6,1010.8,1004.6,29.8,4.2,1
2025-08-29,2025,8,241,25.0,20.2,29.8,4.2,3.3,9.7,7.7,1012.4,1009.1,30.6,0.0,0
2025-08-30,2025,8,242,24.0,17.5,30.6,0.0,4.4,10.8,12.1,1014.4,1012.1,29.7,0.0,0
2025-08-31,2025,8,243,24.2,18.8,29.7,0.0,3.3,10.8,11.1,1013.9,1008.4,31.6,0.0,0
2025-09-01,2025,9,244,24.8,18.0,31.6,0.0,2.8,10.8,10.6,1015.2,1006.4,29.8,0.0,0
2025-09-02,2025,9,245,23.0,16.3,29.8,0.0,5.0,12.5,9.3,1017.3,1014.9,29.0,0.0,0
2025-09-03,2025,9,246,23.4,17.7,29.0,0.0,3.6,10.3,11.8,1017.3,1014.2,30.0,0.0,0
2025-09-04,2025,9,247,23.5,17.0,30.0,0.0,4.4,10.3,11.8,1017.0,1009.7,29.4,0.0,0
2025-09-05,2025,9,248,24.4,19.4,29.4,0.0,6.9,12.8,10.0,1020.1,1016.9,32.2,0.0,0
2025-09-06,2025,9,249,25.6,18.9,32.2,0.0,2.8,10.3,9.1,1019.7,1014.7,31.2,0.0,0
2025-09-07,2025,9,250,26.6,22.0,31.2,0.0,3.6,9.7,3.9,1015.9,1013.5,32.6,35.1,1
2025-09-08,2025,9,251,27.8,23.0,32.6,35.1,3.6,8.3,3.2,1014.9,1011.8,25.6,13.0,1
2025-09-09,2025,9,252,22.4,19.3,25.6,13.0,2.8,12.5,0.4,1013.4,1011.0,28.0,0.0,0
2025-09-10,2025,9,253,23.9,19.8,28.0,0.0,4.4,10.8,8.3,1014.7,1010.6,31.0,0.0,0
2025-09-11,2025,9,254,24.7,18.4,31.0,0.0,3.3,8.3,11.3,1019.0,1014.4,29.4,0.0,0
2025-09-12,2025,9,255,24.0,18.6,29.4,0.0,4.2,12.8,9.8,1020.0,1018.3,30.5,0.0,0
2025-09-13,2025,9,256,25.4,20.3,30.5,0.0,3.3,8.9,6.4,1019.3,1015.7,31.0,0.0,0
2025-09-14,2025,9,257,25.4,19.7,31.0,0.0,3.6,9.7,11.0,1021.2,1017.1,30.5,0.0,0
2025-09-15,2025,9,258,25.4,20.3,30.5,0.0,4.2,9.7,11.5,1021.1,1019.1,30.5,0.0,0
2025-09-16,2025,9,259,25.2,20.0,30.5,0.0,3.9,10.3,10.8,1022.4,1020.2,29.1,0.0,0
2025-09-17,2025,9,260,24.5,19.9,29.1,0.0,3.9,9.4,10.6,1022.6,1021.1,30.9,0.0,0
2025-09-18,2025,9,261,25.2,19.4,30.9,0.0,3.9,9.7,11.2,1023.5,1021.6,31.0,0.0,0
2025-09-19,2025,9,262,24.8,18.7,31.0,0.0,4.2,9.2,10.1,1023.9,1021.7,29.8,0.0,0
2025-09-20,2025,9,263,24.8,19.8,29.8,0.0,4.2,10.3,7.6,1022.5,1015.6,29.3,4.9,1
2025-09-21,2025,9,264,24.9,20.5,29.3,4.9,4.4,11.4,6.4,1015.6,1009.7,26.7,0.0,0
2025-09-22,2025,9,265,22.6,18.6,26.7,0.0,2.8,15.3,7.2,1014.8,1009.8,24.2,0.1,0
2025-09-23,2025,9,266,19.8,15.5,24.2,0.1,3.9,12.8,5.2,1018.0,1013.6,24.2,0.0,0
2025-09-24,2025,9,267,18.4,12.5,24.2,0.0,2.5,9.7,9.5,1019.6,1017.4,26.8,0.0,0
2025-09-25,2025,9,268,19.0,11.1,26.8,0.0,2.5,8.3,8.2,1019.3,1016.5,26.5,0.0,0
2025-09-26,2025,9,269,19.6,12.8,26.5,0.0,3.1,8.9,11.1,1019.2,1017.0,26.7,0.0,0
2025-09-27,2025,9,270,19.8,12.8,26.7,0.0,4.2,9.7,7.6,1019.2,1017.2,27.6,0.0,0
2025-09-28,2025,9,271,22.4,17.1,27.6,0.0,2.5,7.2,5.1,1017.5,1013.9,28.0,2.9,1
2025-09-29,2025,9,272,23.0,18.0,28.0,2.9,5.0,12.5,3.4,1018.0,1015.1,24.3,0.2,0
2025-09-30,2025,9,273,19.4,14.6,24.3,0.2,3.1,9.2,0.7,1020.0,1016.5,25.9,0.0,0
2025-10-01,2025,10,274,19.2,12.4,25.9,0.0,2.2,7.2,7.7,1021.3,1019.0,25.8,0.0,0
2025-10-02,2025,10,275,19.2,12.6,25.8,0.0,4.2,9.2,6.7,1022.1,1020.3,26.4,0.0,0
2025-10-03,2025,10,276,20.4,14.3,26.4,0.0,4.2,12.8,6.7,1021.4,1018.7,26.4,0.0,0
2025-10-04,2025,10,277,21.2,16.1,26.4,0.0,4.2,10.8,8.3,1019.7,1016.1,21.5,0.0,0
2025-10-05,2025,10,278,17.2,12.9,21.5,0.0,7.5,15.0,0.1,1023.8,1015.4,24.6,0.0,0
2025-10-06,2025,10,279,18.6,12.7,24.6,0.0,4.2,9.2,7.3,1025.3,1022.7,26.1,0.0,0
2025-10-07,2025,10,280,19.4,12.7,26.1,0.0,4.2,10.8,10.2,1023.2,1020.7,25.2,0.0,0
2025-10-08,2025,10,281,19.2,13.3,25.2,0.0,3.3,10.3,10.1,1021.6,1018.7,26.2,0.0,0
2025-10-09,2025,10,282,20.6,15.1,26.2,0.0,4.2,11.7,5.8,1021.8,1018.2,25.0,3.1,1
2025-10-10,2025,10,283,21.8,18.7,25.0,3.1,5.6,13.9,6.4,1022.9,1020.3,22.6,4.6,1
2025-10-11,2025,10,284,20.0,17.5,22.6,4.6,5.3,12.5,0.6,1023.8,1021.1,22.6,16.2,1
2025-10-12,2025,10,285,19.7,16.8,22.6,16.2,4.4,13.9,3.6,1022.0,1018.4,24.2,11.9,1
2025-10-13,2025,10,286,20.7,17.2,24.2,11.9,2.8,12.5,1.5,1018.4,1015.1,26.4,13.7,1
2025-10-14,2025,10,287,21.4,16.4,26.4,13.7,1.9,10.8,5.4,1017.8,1015.2,23.9,1.6,1
2025-10-15,2025,10,288,19.2,14.6,23.9,1.6,2.2,10.3,5.3,1018.3,1016.4,24.5,1.8,1
2025-10-16,2025,10,289,18.5,12.5,24.5,1.8,1.4,8.9,5.7,1018.1,1016.0,24.0,0.1,0
2025-10-17,2025,10,290,18.3,12.6,24.0,0.1,2.2,7.2,7.2,1019.2,1016.5,24.4,0.0,0
2025-10-18,2025,10,291,18.2,12.1,24.4,0.0,2.2,8.3,9.0,1020.7,1018.7,23.8,0.0,0
2025-10-19,2025,10,292,18.0,12.2,23.8,0.0,3.1,8.9,9.3,1020.7,1014.6,24.2,0.1,0
2025-10-20,2025,10,293,19.2,14.1,24.2,0.1,6.7,15.0,2.3,1014.6,1007.6,25.0,0.0,0
2025-10-21,2025,10,294,20.4,15.9,25.0,0.0,5.0,13.3,8.6,1009.6,1007.4,28.3,0.0,0
2025-10-22,2025,10,295,24.0,19.8,28.3,0.0,4.4,10.8,9.1,1011.6,1007.9,28.1,0.0,0
2025-10-23,2025,10,296,22.2,16.2,28.1,0.0,8.9,21.7,9.1,1014.8,1007.7,24.8,0.0,0
2025-10-24,2025,10,297,19.6,14.3,24.8,0.0,3.1,7.8,9.4,1016.9,1014.1,27.3,0.0,0
2025-10-25,2025,10,298,20.8,14.3,27.3,0.0,3.3,11.4,8.7,1014.2,1010.2,18.6,21.7,1
2025-10-26,2025,10,299,15.3,12.0,18.6,21.7,2.8,12.5,0.0,1019.7,1011.4,21.5,0.0,0
2025-10-27,2025,10,300,15.8,10.0,21.5,0.0,2.2,9.2,9.6,1021.2,1018.8,22.3,0.0,0
2025-10-28,2025,10,301,15.8,9.4,22.3,0.0,3.1,9.2,9.0,1020.3,1015.5,25.3,0.0,0
2025-10-29,2025,10,302,18.8,12.4,25.3,0.0,1.7,6.7,3.1,1015.5,1007.2,23.1,0.0,0
2025-10-30,2025,10,303,17.8,12.4,23.1,0.0,3.1,8.9,3.2,1015.2,1007.2,23.4,0.0,0
2025-10-31,2025,10,304,17.6,11.8,23.4,0.0,3.6,10.3,8.1,1017.5,1014.6,23.6,0.0,0
2025-11-01,2025,11,305,18.2,12.9,23.6,0.0,3.6,9.2,7.0,1018.7,1016.5,24.3,0.0,0
2025-11-02,2025,11,306,18.7,13.1,24.3,0.0,2.8,9.7,5.7,1022.4,1016.2,21.7,0.0,0
2025-11-03,2025,11,307,15.8,10.0,21.7,0.0,2.5,7.2,8.8,1024.4,1021.9,22.2,0.8,0
2025-11-04,2025,11,308,15.2,8.2,22.2,0.8,1.9,6.1,9.0,1024.0,1021.6,23.9,0.1,0
2025-11-05,2025,11,309,18.6,13.4,23.9,0.1,2.8,7.8,8.6,1022.0,1013.5,20.7,11.6,1
2025-11-06,2025,11,310,16.8,12.9,20.7,11.6,4.4,25.8,5.2,1013.7,1007.7,21.5,7.0,1
2025-11-07,2025,11,311,15.5,9.5,21.5,7.0,3.3,9.2,7.7,1013.2,1011.1,15.8,4.9,1
2025-11-08,2025,11,312,13.0,10.1,15.8,4.9,1.9,6.1,0.2,1016.7,1009.2,20.8,0.0,0
2025-11-09,2025,11,313,15.0,9.1,20.8,0.0,2.2,6.1,8.9,1019.2,1016.5,20.7,0.0,0
2025-11-10,2025,11,314,14.6,8.5,20.7,0.0,3.1,8.9,6.7,1018.1,1015.4,21.3,0.0,0
2025-11-11,2025,11,315,14.3,7.3,21.3,0.0,1.7,7.2,7.3,1018.3,1016.3,24.4,0.0,0
2025-11-12,2025,11,316,17.9,11.4,24.4,0.0,3.1,7.2,8.5,1018.4,1015.9,26.3,0.0,0
2025-11-13,2025,11,317,18.4,10.5,26.3,0.0,1.4,6.7,6.5,1017.9,1013.3,22.8,0.0,0
2025-11-14,2025,11,318,19.7,16.6,22.8,0.0,6.4,15.0,0.0,1013.3,1009.1,22.0,0.0,0
2025-11-15,2025,11,319,18.6,15.1,22.0,0.0,5.8,13.3,7.0,1014.6,1011.4,21.8,0.0,0
2025-11-16,2025,11,320,16.8,11.7,21.8,0.0,6.1,14.4,4.0,1011.4,1007.6,16.7,6.5,1
2025-11-17,2025,11,321,13.6,10.4,16.7,6.5,2.2,11.7,0.0,1013.6,1010.3,18.2,0.1,0
2025-11-18,2025,11,322,13.0,7.8,18.2,0.1,1.1,6.7,3.4,1017.2,1013.1,18.0,3.0,1
2025-11-19,2025,11,323,12.2,6.3,18.0,3.0,2.8,8.3,4.2,1016.3,1011.4,15.5,7.4,1
2025-11-20,2025,11,324,10.9,6.3,15.5,7.4,1.7,10.8,4.3,1014.9,1011.4,12.4,10.3,1
2025-11-21,2025,11,325,9.8,7.2,12.4,10.3,4.2,16.1,3.5,1021.6,1012.5,14.2,0.0,0
2025-11-22,2025,11,326,8.4,2.5,14.2,0.0,3.6,10.3,9.0,1024.4,1021.5,17.7,0.0,0
2025-11-23,2025,11,327,9.8,1.9,17.7,0.0,4.2,11.7,6.1,1023.7,1016.3,18.4,0.8,0
2025-11-24,2025,11,328,13.8,9.2,18.4,0.8,9.4,16.1,5.4,1016.3,1006.0,17.6,0.0,0
2025-11-25,2025,11,329,15.2,12.9,17.6,0.0,4.7,11.7,5.9,1012.8,1005.6,15.4,1.1,1
2025-11-26,2025,11,330,10.6,5.7,15.4,1.1,2.2,12.5,6.5,1019.0,1012.8,15.0,0.0,0
2025-11-27,2025,11,331,8.1,1.2,15.0,0.0,3.1,8.9,7.9,1021.9,1018.1,16.9,0.0,0
2025-11-28,2025,11,332,8.4,-0.1,16.9,0.0,1.9,6.9,7.2,1021.7,1019.0,17.7,0.0,0
2025-11-29,2025,11,333,9.8,1.9,17.7,0.0,3.9,9.7,8.3,1019.2,1012.8,18.2,0.0,0
2025-11-30,2025,11,334,13.6,8.9,18.2,0.0,3.3,11.4,2.4,1017.6,1011.3,17.7,0.9,0
2025-12-01,2025,12,335,12.5,7.3,17.7,0.9,2.2,11.9,6.1,1019.9,1016.8,17.3,0.0,0
2025-12-02,2025,12,336,12.2,7.2,17.3,0.0,3.9,12.5,1.9,1016.8,1010.3,15.6,0.0,0
2025-12-03,2025,12,337,10.5,5.4,15.6,0.0,1.9,8.9,5.1,1015.5,1008.8,17.3,1.0,1
2025-12-04,2025,12,338,11.1,4.9,17.3,1.0,3.3,11.4,3.9,1015.4,1009.7,15.8,0.2,0
2025-12-05,2025,12,339,11.0,6.3,15.8,0.2,4.4,13.9,3.1,1018.1,1009.6,19.3,0.1,0
2025-12-06,2025,12,340,12.0,4.6,19.3,0.1,3.3,11.4,6.5,1019.7,1017.1,19.8,0.0,0
2025-12-07,2025,12,341,13.4,7.1,19.8,0.0,2.5,7.8,4.4,1021.5,1019.1,17.9,0.1,0
2025-12-08,2025,12,342,13.9,9.9,17.9,0.1,2.2,6.1,7.2,1022.8,1020.4,18.3,0.0,0
2025-12-09,2025,12,343,12.6,6.8,18.3,0.0,1.9,7.2,4.1,1023.2,1021.1,17.9,0.1,0
2025-12-10,2025,12,344,12.9,7.9,17.9,0.1,1.4,4.7,5.7,1023.6,1020.2,18.7,0.0,0
2025-12-11,2025,12,345,12.9,7.1,18.7,0.0,2.5,4.7,1.0,1023.5,1020.8,18.6,0.0,0
2025-12-12,2025,12,346,14.6,10.5,18.6,0.0,2.5,8.3,3.0,1022.0,1018.7,17.7,0.9,0
2025-12-13,2025,12,347,12.8,7.9,17.7,0.9,3.3,11.4,3.6,1024.8,1018.8,19.1,0.0,0
2025-12-14,2025,12,348,15.0,10.8,19.1,0.0,4.2,9.2,1.8,1023.8,1018.9,19.5,0.0,0
2025-12-15,2025,12,349,14.6,9.7,19.5,0.0,2.2,8.3,2.5,1018.9,1010.2,19.0,0.1,0
2025-12-16,2025,12,350,13.7,8.4,19.0,0.1,2.5,10.3,2.1,1014.0,1008.2,19.0,0.1,0
2025-12-17,2025,12,351,13.9,8.8,19.0,0.1,3.1,7.8,3.2,1023.7,1014.0,18.5,0.3,0
2025-12-18,2025,12,352,13.0,7.4,18.5,0.3,3.1,7.8,5.1,1024.6,1020.9,18.9,0.0,0
2025-12-19,2025,12,353,15.3,11.7,18.9,0.0,1.1,3.6,0.8,1020.9,1016.5,17.8,7.2,1
2025-12-20,2025,12,354,14.8,11.7,17.8,7.2,1.4,4.2,0.6,1016.5,1009.4,16.7,23.3,1
2025-12-21,2025,12,355,13.8,10.9,16.7,23.3,3.3,13.3,4.4,1009.4,1003.6,12.2,1.5,1
2025-12-22,2025,12,356,8.7,5.2,12.2,1.5,3.1,9.7,0.0,1006.5,1002.1,10.6,7.8,1
2025-12-23,2025,12,357,8.0,5.3,10.6,7.8,3.1,9.2,0.0,1006.0,1003.3,14.7,3.4,1
2025-12-24,2025,12,358,9.0,3.3,14.7,3.4,0.8,5.0,2.7,1007.9,1005.0,14.4,6.0,1
2025-12-25,2025,12,359,11.4,8.4,14.4,6.0,4.4,11.4,3.7,1010.3,1007.4,14.0,7.5,1
2025-12-26,2025,12,360,11.4,8.7,14.0,7.5,2.2,5.0,0.8,1014.8,1007.4,13.5,10.4,1
2025-12-27,2025,12,361,10.9,8.3,13.5,10.4,3.1,7.8,1.0,1018.4,1014.5,16.9,0.1,0
2025-12-28,2025,12,362,11.8,6.8,16.9,0.1,2.5,7.8,4.4,1018.5,1016.3,16.1,1.0,1
2025-12-29,2025,12,363,10.8,5.4,16.1,1.0,2.5,6.7,2.8,1018.7,1016.7,15.8,0.0,0
2025-12-30,2025,12,364,9.4,2.9,15.8,0.0,1.9,8.3,5.8,1018.3,1015.8,13.6,0.0,0
